bairro,fisica,cidade,nacionalidade,est_civil,dt_nasc,uf,sexo,pep,desc_perfil,profissao,salario,cedido,regime,idade,profissao_cod,cluster
OLINDA,F,NILOPOLIS,Brasileira,Solteiro,1953-07-09,RJ,MASCULINO,Não,,Art De Cozinha (Sms),2208.6,Não,Mensalista,72.0,311,3
REALENGO,F,RIO DE JANEIRO,Brasileira,Solteiro,1943-05-23,RJ,MASCULINO,Não,,Agente De Portaria,3784.34,Não,Mensalista,82.0,243,3
AUSTIN,F,NOVA IGUACU,Brasileira,Casado,1959-08-13,RJ,FEMININO,Não,,Merendeira,1596.48,Não,Mensalista,66.0,812,2
SANTA CRUZ,F,RIO DE JANEIRO,Brasileira,Divorciado,1946-11-23,RJ,MASCULINO,Não,,Trabalhador,995.2,Não,Mensalista,79.0,1202,2
OLARIA,F,RIO DE JANEIRO,Brasileira,Solteiro,1954-08-11,RJ,MASCULINO,Não,,Trabalhador,1786.87,Não,Mensalista,71.0,1202,2
PACIENCIA,F,RIO DE JANEIRO,BRASILEIRA,Solteira,1966-03-20,RJ,FEMININO,Não,,Professor Ii,7658.12,Não,Mensalista,59.0,1048,1
PACIENCIA,F,RIO DE JANEIRO,BRASILEIRA,Solteira,1966-03-20,RJ,FEMININO,Não,,Prof. I Lingua Portuguesa,7658.12,Não,Mensalista,59.0,967,1
MAGALHÃES BASTOS,F,RIO DE JANEIRO,BRASILEIRA,Solteira,1968-03-02,RJ,FEMININO,Não,,Auxiliar De Enfermagem,1885.32,Não,Mensalista,57.0,608,0
SANTA CRUZ,F,RIO DE JANEIRO,Brasileira,Desquitado,1955-10-01,RJ,FEMININO,Não,,Auxiliar De Serviços De Saúde,1600.84,Não,Mensalista,70.0,640,3
CASCADURA,F,RIO DE JANEIRO,Brasileira,Solteiro,1963-02-07,RJ,MASCULINO,Não,,Ag. Vigilancia,3660.72,Não,Mensalista,62.0,152,3
IRAJA,F,RIO DE JANEIRO,Brasileira,Solteiro,1961-10-13,RJ,MASCULINO,Não,,Motorista,3461.28,Não,Mensalista,64.0,827,2
JARDIM BOTANICO,F,RIO DE JANEIRO,Brasileira,Solteiro,1962-07-19,RJ,MASCULINO,Não,,Musico Instrumentista,8666.68,Não,Mensalista,63.0,834,1
EDSON PASSOS,F,MESQUITA,Brasileira,Casado,1953-01-23,RJ,MASCULINO,Não,,Trabalhador,4599.5,Não,Mensalista,72.0,1202,2
S.EUGENIA-N.IGU,F,RIO DE JANEIRO,Brasileira,Não informado,1962-03-29,RJ,FEMININO,Não,,Tec. Fazenda,6099.24,Não,Mensalista,63.0,1158,2
OLINDA,F,NILOPOLIS,Brasileira,Divorciada,1956-10-08,RJ,FEMININO,Não,,Aux De Enfermagem 2º Grau,5016.79,Não,Mensalista,69.0,474,3
BANGU,F,RIO DE JANEIRO,BRASILEIRA,Divorciada,1956-09-09,RJ,FEMININO,Não,,Professor Ii,2669.09,Não,Mensalista,69.0,1048,2
BANGU,F,RIO DE JANEIRO,BRASILEIRA,Divorciada,1956-09-09,RJ,FEMININO,Não,,Professor Ii,5369.13,Não,Mensalista,69.0,1048,2
CAMPO GRANDE,F,RIO DE JANEIRO,Brasileira,Solteiro,1958-07-16,RJ,FEMININO,Não,,Servente,1666.6,Não,Mensalista,67.0,1116,2
INHAUMA,F,RIO DE JANEIRO,Brasileira,Solteiro,1959-05-09,RJ,FEMININO,Não,,Aux De Enfermagem,4853.84,Não,Mensalista,66.0,459,3
ROCHA MIRANDA,F,RIO DE JANEIRO,Brasileira,Viúva,1965-07-17,RJ,FEMININO,Não,,Merendeira,2567.7,Não,Mensalista,60.0,812,2
CENTRO,F,CURITIBA,Brasileira,Solteiro,1944-08-18,PR,MASCULINO,Não,,Art De Mecanica,2526.94,Não,Mensalista,81.0,323,3
BOA ESPERANÇA,F,DUQUE DE CAXIAS,Brasileira,Casado,1949-05-04,RJ,MASCULINO,Não,,Arte De Alvenaria,3784.46,Não,Mensalista,76.0,387,3
MARECHAL HERMES,F,RIO DE JANEIRO,BRASILEIRA,Solteiro,1942-02-12,RJ,MASCULINO,Não,,Motorista,3899.77,Não,Mensalista,83.0,827,2
MADUREIRA,F,RIO DE JANEIRO,Brasileira,Viúvo,1949-08-22,RJ,MASCULINO,Não,,Trabalhador,4253.88,Não,Mensalista,76.0,1202,2
LEOPOLDINA,F,RIO DE JANEIRO,Brasileira,Casado,1947-08-16,RJ,MASCULINO,Não,,Feitor,3598.12,Não,Mensalista,78.0,760,2
TIJUCA,F,RIO DE JANEIRO,Brasileira,Casado,1939-07-16,RJ,MASCULINO,Não,,Ag. De Adm .,1608.48,Não,Mensalista,86.0,105,3
MANGUEIRA,F,RIO DE JANEIRO,Brasileira,Solteiro,1968-02-06,RJ,MASCULINO,Não,,Trabalhador,1585.54,Não,Mensalista,57.0,1202,2
COSMOS,F,RIO DE JANEIRO,BRASILEIRA,Casado,1953-11-28,RJ,MASCULINO,Não,,Trabalhador,3254.53,Não,Mensalista,72.0,1202,2
SENADOR CAMARA,F,RIO DE JANEIRO,Brasileira,Viúvo,1949-09-17,RJ,MASCULINO,Não,,Agente De Vigilancia,1916.23,Não,Mensalista,76.0,259,3
CASCADURA,F,RIO DE JANEIRO,BRASILEIRA,Solteiro,1957-10-12,RJ,MASCULINO,Não,,Aux De Enfermagem 2º Grau,5134.7,Não,Mensalista,68.0,474,3
EDSON PASSOS,F,MESQUITA,Brasileira,Casada,1973-07-16,RJ,FEMININO,Não,,Tecnico De Laboratorio,3661.83,Não,Mensalista,52.0,1176,0
BARRETO,F,NITEROI,Brasileira,Casado,1953-01-06,RJ,MASCULINO,Não,,Aux. Serv. Gerais,3007.34,Não,Mensalista,72.0,576,3
SANTA LUCIA,F,DUQUE DE CAXIAS,BRASILEIRA,Solteiro,1968-08-15,RJ,MASCULINO,Não,,Guarda Municipal,4866.84,Não,Mensalista,57.0,776,0
PIABETA,F,RIO DE JANEIRO,Brasileira,Viúvo,1945-02-28,RJ,MASCULINO,Não,,Motorista,3144.28,Não,Mensalista,80.0,827,2
MANGUINHOS,F,RIO DE JANEIRO,Brasileira,Casado,1954-09-29,RJ,MASCULINO,Não,,Merendeira,828.72,Não,Mensalista,71.0,812,2
REALENGO,F,RIO DE JANEIRO,Brasileira,Divorciada,1955-02-03,RJ,FEMININO,Não,,Ag. De Adm.,4034.44,Não,Mensalista,70.0,106,3
SEPETIBA,F,RIO DE JANEIRO,Brasileira,Divorciada,1947-02-26,RJ,FEMININO,Não,,Agente De Administração,3854.28,Não,Mensalista,78.0,216,3
BANGU,F,RIO DE JANEIRO,BRASILEIRA,Solteiro,1982-05-22,RJ,MASCULINO,Não,,Agente De Educação Infantil,2851.56,Não,Mensalista,43.0,237,0
AUSTIN,F,NOVA IGUACU,Brasileira,Solteiro,1947-05-29,RJ,MASCULINO,Não,,Trabalhador,2597.46,Não,Mensalista,78.0,1202,2
BANGU,F,RIO DE JANEIRO,Brasileira,Viúvo,1951-02-13,RJ,MASCULINO,Não,,Art. Jardin E Arboricultura,2460.02,Não,Mensalista,74.0,373,3
SANTA CRUZ,F,RIO DE JANEIRO,Brasileira,Solteiro,1960-02-22,RJ,MASCULINO,Não,,Trabalhador,3981.24,Não,Mensalista,65.0,1202,2
SANTA CRUZ,F,RIO DE JANEIRO,Brasileira,Solteiro,1939-04-18,RJ,MASCULINO,Não,,Ag. Comunic.,2300.48,Não,Mensalista,86.0,93,3
PECHINCHA,F,RIO DE JANEIRO,Brasileira,Casado,1960-01-20,RJ,MASCULINO,Não,,Trabalhador,4607.12,Não,Mensalista,65.0,1202,2
SÃO CRISTOVÃO,F,RIO DE JANEIRO,Brasileira,Solteiro,1968-09-25,RJ,MASCULINO,Não,,Trabalhador,2852.84,Não,Mensalista,57.0,1202,2
BANGU,F,RIO DE JANEIRO,Brasileira,Casado,1940-12-23,RJ,MASCULINO,Não,,Especial/Assistente Ii,1708.24,Não,Mensalista,85.0,745,2
ABOLIÇÃO,F,RIO DE JANEIRO,Brasileira,Casado,1960-08-17,RJ,MASCULINO,Não,,Aux De Serv De Apoio,4538.24,Não,Mensalista,65.0,491,3
BANGU,F,RIO DE JANEIRO,Brasileira,Casado,1964-05-17,RJ,MASCULINO,Não,,Trabalhador,2438.94,Não,Mensalista,61.0,1202,2
TIJUCA,F,RIO DE JANEIRO,Brasileira,Casado,1941-11-12,RJ,MASCULINO,Não,,Agente De Portaria,1475.88,Não,Mensalista,84.0,243,3
SANTA CRUZ,F,RIO DE JANEIRO,Brasileira,Casado,1963-04-28,RJ,MASCULINO,Não,,Trabalhador,3217.66,Não,Mensalista,62.0,1202,2
BANGU,F,RIO DE JANEIRO,BRASILEIRA,Casado,1945-08-30,RJ,MASCULINO,Não,,Aposentado,2557.67,Não,Mensalista,80.0,295,3
CIDADE DE DEUS,F,RIO DE JANEIRO,Brasileira,Divorciado,1962-12-04,RJ,MASCULINO,Não,,Professor Ii,9571.62,Não,Mensalista,63.0,1048,1
HELIOPOLIS,F,BELFORD ROXO,BRASILEIRA,Casado,1959-01-16,RJ,MASCULINO,Não,,Guarda Municipal,10320.62,Não,Mensalista,66.0,776,1
BANGU,F,RIO DE JANEIRO,BRASILEIRA,Solteiro,1956-07-05,RJ,MASCULINO,Não,,Zelador,2815.44,Não,Mensalista,69.0,1238,2
QUINTINO BOCAIUVA,F,RIO DE JANEIRO,Brasileira,Casado,1957-10-28,RJ,MASCULINO,Não,,Aux. De Enfermagem 1° Grau,3420.52,Não,Mensalista,68.0,533,3
CAMPO GRANDE,F,RIO DE JANEIRO,Brasileira,Casado,1949-07-06,RJ,MASCULINO,Não,,Trabalhador,1152.6,Não,Mensalista,76.0,1202,2
CARAMUJO,F,RIO DE JANEIRO,Brasileira,Casado,1946-08-28,RJ,MASCULINO,Não,,Procurador Federal,15923.58,Não,Mensalista,79.0,871,1
BENFICA,F,RIO DE JANEIRO,BRASILEIRA,Divorciada,1973-05-25,RJ,FEMININO,Não,,Recepcionista,1277.6,Não,Mensalista,52.0,1094,0
SANTA CRUZ,F,RIO DE JANEIRO,Brasileira,Divorciada,1973-02-13,RJ,FEMININO,Não,,Servente,921.03,Não,Mensalista,52.0,1116,0
BANGU,F,RIO DE JANEIRO,BRASILEIRA,Casada,1967-03-05,RJ,FEMININO,Não,,Professor De Educação Infantil,5807.33,Não,Mensalista,58.0,998,2
DUQUE DE CAXIAS,F,RIO DE JANEIRO,Brasileira,Casado,1963-06-16,RJ,FEMININO,Não,,Merendeira,1514.1,Não,Mensalista,62.0,812,2
SENADOR VASCONCELOS,F,RIO DE JANEIRO,BRASILEIRA,Casada,1982-06-24,RJ,FEMININO,Não,,Professor De Educação Infantil,10083.05,Não,Mensalista,43.0,998,1
PADRE MIGUEL,F,RIO DE JANEIRO,Brasileira,Solteira,1968-10-08,RJ,FEMININO,Não,,Aux De Enfermagem 2º Grau,6513.77,Não,Mensalista,57.0,474,0
PADRE MIGUEL,F,RIO DE JANEIRO,BRASILEIRA,Solteira,1968-10-08,RJ,FEMININO,Não,,Aux De Enfermagem 2º Grau,6539.5,Não,Mensalista,57.0,474,0
CAMPO GRANDE,F,RIO DE JANEIRO,BRASILEIRA,Solteira,1973-06-28,RJ,FEMININO,Não,,Prof. Ii,1978.47,Não,Mensalista,52.0,968,0
CAJU,F,RIO DE JANEIRO,BRASILEIRA,Separada judicialmente,1970-09-27,RJ,FEMININO,Não,,Ag. De Educação Infantil,3323.16,Não,Mensalista,55.0,129,3
BRAZ DE PINA,F,RIO DE JANEIRO,BRASILEIRA,Solteira,1982-11-25,RJ,FEMININO,Não,,Professor De Educaçao Infantil,5540.41,Não,Mensalista,43.0,996,0
BANGU,F,RIO DE JANEIRO,Brasileira,Divorciado,1968-10-12,RJ,FEMININO,Não,,Prof Ii - Lic. Plena,5560.84,Não,Mensalista,57.0,931,0
BONSUCESSO,F,RIO DE JANEIRO,BRASILEIRA,Casada,1983-03-07,RJ,FEMININO,Não,,Agente Educador Ii,1908.14,Não,Mensalista,42.0,268,0
FREGUESIA JACAREPAGUA,F,RIO DE JANEIRO,BRASILEIRA,Divorciada,1967-03-05,RJ,FEMININO,Não,,Agente De Educação Infantil,4596.06,Não,Mensalista,58.0,237,3
ABOLIÇÃO,F,RIO DE JANEIRO,BRASILEIRA,Casado,1973-09-11,RJ,FEMININO,Não,,Prof. Ii,1532.13,Não,Mensalista,52.0,968,0
VILA VALQUEIRE,F,RIO DE JANEIRO,BRASILEIRA,Casada,1972-06-09,RJ,FEMININO,Não,,Professor Ii,9977.87,Não,Mensalista,53.0,1048,1
OLARIA,F,RIO DE JANEIRO,BRASILEIRA,Solteira,1973-05-27,RJ,FEMININO,Não,,Prof.Ii,3755.34,Não,Mensalista,52.0,977,0
CAMPO GRANDE,F,RIO DE JANEIRO,BRASILEIRA,Casada,1975-03-18,RJ,FEMININO,Não,,Professor Ii,3834.52,Não,Mensalista,50.0,1048,0
JACAREPAGUA,F,RIO DE JANEIRO,Brasileira,Solteira,1971-03-18,RJ,FEMININO,Não,,Merendeira,2109.0,Não,Mensalista,54.0,812,0
SANTISSIMO,F,RIO DE JANEIRO,Brasileira,Casada,1979-05-05,RJ,FEMININO,Não,,Aux De Enfermagem,2438.75,Não,Mensalista,46.0,459,0
PARADA DE LUCAS,F,RIO DE JANEIRO,BRASILEIRA,Casada,1970-03-01,RJ,FEMININO,Não,,Auxiliar De Enfermagem,1547.75,Não,Mensalista,55.0,608,0
RICARDO DE ALBUQUERQUE,F,RIO DE JANEIRO,BRASILEIRA,Casada,1971-02-08,RJ,FEMININO,Não,,Aux. De Creche,1088.76,Não,Mensalista,54.0,519,0
PADRE MIGUEL,F,RIO DE JANEIRO,BRASILEIRA,Casada,1973-08-27,RJ,FEMININO,Não,,Aux De Enfermagem 2º Grau,6210.77,Não,Mensalista,52.0,474,0
PADRE MIGUEL,F,RIO DE JANEIRO,BRASILEIRA,Casado,1973-08-27,RJ,FEMININO,Não,Risco PLD/FT Baixo,Aux De Enfermagem,6938.11,Não,Mensalista,52.0,459,0
VIGARIO GERAL,F,RIO DE JANEIRO,BRASILEIRA,Divorciada,1963-10-08,RJ,FEMININO,Não,,Professor Ii,5137.46,Não,Mensalista,62.0,1048,2
VIGARIO GERAL,F,RIO DE JANEIRO,Brasileira,Divorciada,1963-10-08,RJ,FEMININO,Não,,Professor Ii,5137.46,Não,Mensalista,62.0,1048,2
CAMPO GRANDE,F,RIO DE JANEIRO,BRASILEIRA,SOLTEIRO,1979-08-19,RJ,FEMININO,Não,,Agente Auxiliar De Creche,1091.93,Não,Mensalista,46.0,195,0
ROCHA,F,RIO DE JANEIRO,BRASILEIRA,Casada,1968-11-19,RJ,FEMININO,Não,,Recepcionista / Gerente Iii,3103.54,Não,Mensalista,57.0,1096,2
SEPETIBA,F,RIO DE JANEIRO,BRASILEIRA,Solteira,1971-02-15,RJ,FEMININO,Não,,Professor De Educação Infantil,8168.02,Não,Mensalista,54.0,998,1
QUINTINO BOCAIUVA,F,RIO DE JANEIRO,BRASILEIRA,Solteira,1973-07-28,RJ,FEMININO,Não,,Professor,11596.09,Não,Mensalista,52.0,984,1
QUINTINO BOCAIUVA,F,RIO DE JANEIRO,BRASILEIRA,Solteira,1973-07-28,RJ,FEMININO,Não,,Professor,11596.09,Não,Mensalista,52.0,984,1
VILA ISABEL,F,RIO DE JANEIRO,BRASILEIRA,Solteira,1970-02-09,RJ,FEMININO,Não,,Tecnico De Enfermagem,2768.78,Não,Mensalista,55.0,1172,2
CAMPO GRANDE,F,RIO DE JANEIRO,BRASILEIRA,Solteira,1972-09-18,RJ,FEMININO,Não,,Assistente Social,6127.18,Não,Mensalista,53.0,430,0
VIDIGAL,F,RIO DE JANEIRO,BRASILEIRA,Solteira,1976-12-25,RJ,FEMININO,Não,,Agente Aux.De Creche,2935.0,Não,Mensalista,49.0,189,0
VILA ISABEL,F,RIO DE JANEIRO,BRASILEIRA,Solteiro,1986-08-04,RJ,FEMININO,Não,Risco PLD/FT Baixo,Técnico Universitário,9513.53,Não,Mensalista,39.0,1234,1
PILARES,F,RIO DE JANEIRO,Brasileira,Casado,1970-06-05,RJ,FEMININO,Não,,Aux De Enfermagem,3405.47,Não,Mensalista,55.0,459,0
SANTA ROSA,F,NITEROI,Brasileira,Solteira,1982-06-08,RJ,FEMININO,Não,,Recepcionista,2441.59,Não,Mensalista,43.0,1094,0
GUADALUPE,F,RIO DE JANEIRO,BRASILEIRA,Divorciada,1973-12-05,RJ,FEMININO,Não,,Professor Ii,4827.19,Não,Mensalista,52.0,1048,0
BOTAFOGO,F,RIO DE JANEIRO,Brasileira,Casada,1973-02-04,RJ,FEMININO,Não,,Aux. Enfermagem,3549.67,Não,Mensalista,52.0,564,0
VAZ LOBO,F,RIO DE JANEIRO,Brasileira,Casada,1972-12-15,RJ,FEMININO,Não,,Aux. De Enfermagem,3550.96,Não,Mensalista,53.0,525,0
FONSECA,F,NITERÓI,Brasileira,Solteira,1972-05-16,RJ,FEMININO,Não,,Professor Ii,10162.55,Não,Mensalista,53.0,1048,1
OSWALDO CRUZ,F,RIO DE JANEIRO,Brasileira,Casado,1971-08-13,RJ,FEMININO,Não,,Diretora Financeira,3500.0,Não,Mensalista,54.0,708,0
VILA LEOPOLDINA,F,DUQUE DE CAXIAS,Brasileira,Casada,1966-06-20,RJ,FEMININO,Não,,Merendeira,2128.68,Não,Mensalista,59.0,812,2
RIO COMPRIDO,F,RIO DE JANEIRO,Brasileira,Solteiro,1968-04-16,RJ,MASCULINO,Não,,Agente De Administração,8915.59,Não,Mensalista,57.0,216,3
DEL CASTILHO,F,RIO DE JANEIRO,BRASILEIRA,Casado,1983-05-05,RJ,MASCULINO,Não,,Agente De Inspeção De Controle,7033.22,Não,Mensalista,42.0,241,0
BENTO RIBEIRO,F,RIO DE JANEIRO,Brasileira,Casado,1949-04-11,RJ,MASCULINO,Não,,Professor Ii,2510.0,Não,Mensalista,76.0,1048,2
VILA KOSMOS,F,RIO DE JANEIRO,Brasileira,Casado,1941-01-08,RJ,MASCULINO,Não,,Roupeiro,1303.69,Não,Mensalista,84.0,1099,2
CAROLINA,F,DUQUE DE CAXIAS,Brasileira,Casada,1968-11-22,RJ,FEMININO,Não,,Aux De Enfermagem 2º Grau,6059.91,Não,Mensalista,57.0,474,0
SANTA CRUZ,F,RIO DE JANEIRO,BRASILEIRA,Solteira,1981-07-02,RJ,FEMININO,Não,,Ag. De Educação Infantil,2851.27,Não,Mensalista,44.0,129,0
MAGALHÃES BASTOS,F,RIO DE JANEIRO,BRASILEIRA,Solteiro,1982-04-16,RJ,MASCULINO,Não,Risco PLD/FT Baixo,Ag De Preparador De Alimentos,2621.47,Não,Mensalista,43.0,58,0
TOMAZINHO,F,SÃO JOÃO DE MERITI,Brasileira,Solteiro,1957-09-27,RJ,MASCULINO,Não,,Ass Ciencia E Tecnologia,6754.2,Não,Mensalista,68.0,394,3
SANTA CRUZ,F,RIO DE JANEIRO,BRASILEIRA,Viúvo,1944-04-10,RJ,FEMININO,Não,,Auxiliar De Enfermagem,3504.48,Não,Mensalista,81.0,608,3
SANTA CRUZ,F,RIO DE JANEIRO,Brasileira,Casado,1950-02-01,RJ,MASCULINO,Não,,Trabalhador,3911.8,Não,Mensalista,75.0,1202,2
SEPETIBA,F,RIO DE JANEIRO,Brasileira,Solteiro,1958-03-02,RJ,MASCULINO,Não,,Ag. Aux De Administração,3738.66,Não,Mensalista,67.0,80,3
SANTA CRUZ,F,RIO DE JANEIRO,Brasileira,Divorciado,1967-06-11,RJ,MASCULINO,Não,,Trabalhador,3115.49,Não,Mensalista,58.0,1202,2
COELHO NETO,F,RIO DE JANEIRO,BRASILEIRA,Solteiro,1965-10-28,RJ,MASCULINO,Não,,Aux De Controle De Endemias,2688.04,Não,Mensalista,60.0,452,3
ENGENHO DE DENTRO,F,RIO DE JANEIRO,BRASILEIRA,Casada,1951-01-05,RJ,FEMININO,Não,,Professor Ii,8315.18,Não,Mensalista,74.0,1048,1
ENGENHO DE DENTRO,F,RIO DE JANEIRO,BRASILEIRA,Casada,1951-01-05,RJ,FEMININO,Não,,Professor Ii,8315.18,Não,Mensalista,74.0,1048,1
SÃO FRANCISCO XAVIER,F,RIO DE JANEIRO,BRASILEIRA,Divorciada,1955-10-22,RJ,FEMININO,Não,,Professor I,9532.38,Não,Mensalista,70.0,1028,1
SÃO FRANCISCO XAVIER,F,RIO DE JANEIRO,BRASILEIRA,Divorciada,1955-10-22,RJ,FEMININO,Não,,Professor I,4058.49,Não,Mensalista,70.0,1028,2
SANTA CRUZ,F,RIO DE JANEIRO,Brasileira,Casado,1947-04-27,RJ,MASCULINO,Não,,Trabalhador,1717.67,Não,Mensalista,78.0,1202,2
BANGU,F,RIO DE JANEIRO,Brasileira,Casado,1948-11-24,RJ,MASCULINO,Não,,Aux. De Enfermagem,2478.74,Não,Mensalista,77.0,525,3
BANGU,F,RIO DE JANEIRO,Brasileira,Solteiro,1947-06-20,RJ,MASCULINO,Não,,Trabalhador,2237.3,Não,Mensalista,78.0,1202,2
COSMOS,F,RIO DE JANEIRO,BRASILEIRA,SOLTEIRO,1948-06-27,RJ,MASCULINO,Não,,Art De Pavimentação E Pedreira,3716.74,Não,Mensalista,77.0,330,3
CAMPO GRANDE,F,RIO DE JANEIRO,Brasileira,Desquitado,1962-02-25,RJ,MASCULINO,Não,,Art De Alvenaria E Pintura,3162.85,Não,Mensalista,63.0,304,3
SANTA CRUZ,F,RIO DE JANEIRO,Brasileiro,Casado,1950-02-16,RJ,MASCULINO,Não,,Art. De Inst. Hidraulicas/Chef,6163.79,Não,Mensalista,75.0,357,3
MADUREIRA,F,RIO DE JANEIRO,Brasileira,Divorciado,1947-09-08,RJ,MASCULINO,Não,,Aposentado,6535.67,Não,Mensalista,78.0,295,3
JARDIM GRAMACHO,F,DUQUE DE CAXIAS,Brasileira,Solteiro,1956-04-03,RJ,MASCULINO,Não,,Trabalhador,2084.92,Não,Mensalista,69.0,1202,2
EDEN,F,SAO JOAO DE MERITI,BRASILEIRA,Casado,1963-11-29,RJ,MASCULINO,Não,,Digitador,6626.21,Não,Mensalista,62.0,704,1
DUARTE DA SILVEIRA,F,PETROPOLIS,Brasileira,Solteiro,1957-08-23,RJ,MASCULINO,Não,,Aposentado,6593.23,Não,Mensalista,68.0,295,3
JARDIM VINTE E CINCO DE AGOSTO,F,DUQUE DE CAXIAS,BRASILEIRA,Solteiro,1963-08-27,RJ,MASCULINO,Não,Risco PLD/FT Baixo,Professor Faetec I 20 H,6350.2,Não,Mensalista,62.0,1025,2
BANGU,F,RIO DE JANEIRO,Brasileira,Divorciado,1958-10-02,RJ,MASCULINO,Não,,Ag. De Vigilancia,1447.3,Não,Mensalista,67.0,140,3
CAMPO GRANDE,F,RIO DE JANEIRO,Brasileira,Casado,1963-08-31,RJ,MASCULINO,Não,,Art. De Pav. E Pederira,2992.98,Não,Mensalista,62.0,364,3
PACIENCIA,F,RIO DE JANEIRO,Brasileira,Casado,1950-12-02,RJ,MASCULINO,Não,,Agente De Portaria,2358.74,Não,Mensalista,75.0,243,3
CORDOVIL,F,RIO DE JANEIRO,BRASILEIRA,Casada,1959-08-17,RJ,FEMININO,Não,,Roupeiro(Sms),1864.93,Não,Mensalista,66.0,1102,2
REALENGO,F,RIO DE JANEIRO,Brasileira,Viúva,1949-05-21,RJ,FEMININO,Não,,Prof Ii,2656.08,Não,Mensalista,76.0,930,2
GUARATIBA,F,RIO DE JANEIRO,Brasileira,Casado,1954-12-22,RJ,MASCULINO,Não,,Aposentado,2295.82,Não,Mensalista,71.0,295,3
ANDARAI,F,RIO DE JANEIRO,Brasileira,Casada,1951-12-31,RJ,FEMININO,Não,,Servente,1240.77,Não,Mensalista,74.0,1116,2
OURO VERDE,F,NOVA IGUAÇU,BRASILEIRA,Casado,1989-05-07,RJ,MASCULINO,Não,Risco PLD/FT Baixo,Inspetor De Policia Penal,10258.5,Não,Mensalista,36.0,794,1
CAMPO GRANDE,F,RIO DE JANEIRO,BRASILEIRA,Casada,1989-02-25,RJ,FEMININO,Não,,Secretario Escolar,2976.46,Não,Mensalista,36.0,1113,0
RAMOS,F,RIO DE JANEIRO,BRASILEIRA,Casado,1951-08-26,RJ,MASCULINO,Não,,Servente,1461.82,Não,Mensalista,74.0,1116,2
VILA ISABEL,F,RIO DE JANEIRO,BRASILEIRA,Casada,1965-11-16,RJ,FEMININO,Não,,Professora,5475.38,Não,Mensalista,60.0,1070,2
VILA ISABEL,F,RIO DE JANEIRO,BRASILEIRA,Casada,1965-11-16,RJ,FEMININO,Não,,Professora,5475.38,Não,Mensalista,60.0,1070,2
CENTRO,F,MESQUITA,BRASILEIRA,Casada,1973-05-28,RJ,FEMININO,Não,,Aux De Enfermagem 2º Grau,3666.56,Não,Mensalista,52.0,474,0
TAQUARA,F,RIO DE JANEIRO,BRASILEIRA,Solteira,1991-02-15,RJ,FEMININO,Não,Risco PLD/FT Baixo,Professor De Ensino Fundamenta,8315.05,Não,,34.0,1001,1
BNH,F,MESQUITA,BRASILEIRA,Solteira,1976-06-28,RJ,FEMININO,Não,Risco PLD/FT Baixo,Professor Ii,7758.55,Não,Mensalista,49.0,1048,1
TIJUCA,F,RIO DE JANEIRO,BRASILEIRA,Solteira,1979-09-01,RJ,FEMININO,Não,,Professor Ii,11935.74,Não,Mensalista,46.0,1048,1
TIJUCA,F,RIO DE JANEIRO,BRASILEIRA,Solteira,1979-09-01,RJ,FEMININO,Não,,Professor Ii,11935.74,Não,Mensalista,46.0,1048,1
CARAMUJO,F,RIO DE JANEIRO,Brasileira,Casado,1953-12-07,RJ,MASCULINO,Não,,Ag. De Administração,7200.54,Não,Mensalista,72.0,109,3
COELHO DA ROCHA,F,SÃO JOÃO DE MERITI,Brasileira,Casado,1947-12-26,RJ,MASCULINO,Não,,Feitor/Subgerente Iv,6098.81,Não,Mensalista,78.0,762,2
MAGALHÃES BASTOS,F,RIO DE JANEIRO,Brasileira,Solteiro,1962-06-07,RJ,MASCULINO,Não,,Isnpetor De Alunos,6285.34,Não,Mensalista,63.0,797,2
CAMPO GRANDE,F,RIO DE JANEIRO,BRASILEIRA,Casado,1961-09-10,RJ,MASCULINO,Não,,Art De Pavimentação E Pedreira,3883.47,Não,Mensalista,64.0,330,3
VILA VALQUEIRE,F,RIO DE JANEIRO,Brasileira,Casado,1937-12-29,RJ,MASCULINO,Não,,Assistente Legislativo,7643.4,Não,Mensalista,88.0,428,3
PACIENCIA,F,RIO DE JANEIRO,Brasileira,Casado,1956-01-09,RJ,MASCULINO,Não,,Agente De Administração,3554.04,Não,Mensalista,69.0,216,3
RAMOS,F,RIO DE JANEIRO,Brasileira,Solteiro,1965-09-05,RJ,MASCULINO,Não,,Esp. Leg. Niv 3,12778.2,Não,Mensalista,60.0,736,1
TODOS OS SANTOS,F,RIO DE JANEIRO,Brasileira,Divorciado,1943-12-26,RJ,MASCULINO,Não,,Tecnico Em Radiologia,4714.96,Não,Mensalista,82.0,1185,2
IRAJA,F,RIO DE JANEIRO,BRASILEIRA,Divorciado,1951-02-07,RJ,MASCULINO,Não,,Ag De Defesa Civil,2031.1,Não,Mensalista,74.0,49,3
CAMPO GRANDE,F,RIO DE JANEIRO,Brasileira,Solteiro,1955-08-24,RJ,MASCULINO,Não,,Art De Cozinha,3199.52,Não,Mensalista,70.0,310,3
CAMPO GRANDE,F,RIO DE JANEIRO,Brasileira,Solteiro,1951-11-07,RJ,MASCULINO,Não,,Art.De Jardin,1834.96,Não,Mensalista,74.0,379,3
IRAJA,F,RIO DE JANEIRO,Brasileira,Divorciado,1942-04-08,RJ,MASCULINO,Não,,Art. De Mecanica,5255.84,Não,Mensalista,83.0,361,3
CAMPO GRANDE,F,RIO DE JANEIRO,BRASILEIRA,Solteira,1968-10-08,RJ,FEMININO,Não,,Agente De Portaria (Sms),2251.01,Não,Mensalista,57.0,245,3
SENADOR CAMARA,F,RIO DE JANEIRO,Brasileira,Solteiro,1943-03-15,RJ,FEMININO,Não,,Merendeira,1856.06,Não,Mensalista,82.0,812,2
CAMPO GRANDE,F,RIO DE JANEIRO,Brasileira,Casado,1967-11-29,RJ,MASCULINO,Não,,Ascensorista,2503.23,Não,Mensalista,58.0,390,3
CAMPO GRANDE,F,RIO DE JANEIRO,Brasileira,Viúvo,1942-07-01,RJ,FEMININO,Não,,Aux. De Enfermagem,2410.44,Não,Mensalista,83.0,525,3
CURRAL FALSO,F,RIO DE JANEIRO,Brasileira,Casado,1961-06-10,RJ,MASCULINO,Não,,Trabalhador,1890.34,Não,Mensalista,64.0,1202,2
CAMPO GRANDE,F,RIO DE JANEIRO,Brasileira,Solteiro,1961-01-12,RJ,MASCULINO,Não,,Trabalhador,2238.94,Não,Mensalista,64.0,1202,2
LEOPOLDINA,F,RIO DE JANEIRO,Brasileira,Viúvo,1953-07-02,RJ,FEMININO,Não,,Servente,1481.04,Não,Mensalista,72.0,1116,2
CAMPO GRANDE,F,RIO DE JANEIRO,BRASILEIRA,Viúva,1948-11-11,RJ,FEMININO,Não,,Servente,1971.6,Não,Mensalista,77.0,1116,2
CARAMUJO,F,NITEROI,BRASILEIRA,Casada,1958-10-02,RJ,FEMININO,Não,,Professor De Historia,2744.11,Não,Mensalista,67.0,1006,2
SEPETIBA,F,RIO DE JANEIRO,BRASILEIRA,Casada,1978-10-11,RJ,FEMININO,Não,,Merendeira,1916.77,Não,Mensalista,47.0,812,0
LEOPOLDINA,F,RIO DE JANEIRO,Brasileira,Casado,1951-04-15,RJ,MASCULINO,Não,,Trabalhador,1268.96,Não,Mensalista,74.0,1202,2
MARECHAL HERMES,F,RIO DE JANEIRO,Brasileira,Casado,1954-10-18,RJ,MASCULINO,Não,,Aposentado,4505.54,Não,Mensalista,71.0,295,3
REALENGO,F,RIO DE JANEIRO,Brasileira,Solteiro,1970-04-13,RJ,MASCULINO,Não,,Soldado Pm,2459.44,Não,Mensalista,55.0,1130,2
VILA ISABEL,F,RIO DE JANEIRO,BRASILEIRA,Casada,1946-10-16,RJ,FEMININO,Não,,Aposentada,0.0,Não,Mensalista,79.0,294,3
OLARIA,F,RIO DE JANEIRO,Brasileira,Casada,1951-04-02,RJ,FEMININO,Não,,Aposentada,1100.0,Não,Mensalista,74.0,294,3
PRAIA GRANDE,F,ARRAIAL DO CABO,BRASILEIRA,Casada,1973-01-05,RJ,FEMININO,Não,,Professor Ii,8358.9,Não,Mensalista,52.0,1048,1
CAJÚ,F,RIO DE JANEIRO,BRASILEIRA,Solteira,1973-04-30,RJ,FEMININO,Não,,Merendeira,4700.97,Não,Mensalista,52.0,812,0
MUTUA,F,SÃO GONÇALO,BRASILEIRA,SOLTEIRO,1972-11-14,RJ,FEMININO,Não,,Aux. Creche,702.8,Não,Mensalista,53.0,517,0
VISTA ALEGRE,F,RIO DE JANEIRO,BRASILEIRA,Casada,1977-07-06,RJ,FEMININO,Não,,Professor Ii,5423.65,Não,Mensalista,48.0,1048,0
BENTO RIBEIRO,F,RIO DE JANEIRO,BRASILEIRA,Solteira,1975-06-04,RJ,FEMININO,Não,,Agente Educador Ii,2164.8,Não,Mensalista,50.0,268,0
REALENGO,F,RIO DE JANEIRO,BRASILEIRA,Casada,1983-07-30,RJ,FEMININO,Não,,Professor Ii,3405.09,Não,Mensalista,42.0,1048,0
MARIA PAULA,F,NITEROI,Brasileira,Divorciada,1973-07-31,RJ,FEMININO,Não,,Professor Ii,13928.77,Não,Mensalista,52.0,1048,1
CURICICA,F,RIO DE JANEIRO,Brasileira,Solteiro,1975-06-14,RJ,FEMININO,Não,,Aux De Enfermagem,1862.32,Não,Mensalista,50.0,459,0
CAMPO GRANDE,F,RIO DE JANEIRO,Brasileira,Solteiro,1972-07-27,RJ,FEMININO,Não,,Merendeira,1864.34,Não,Mensalista,53.0,812,0
VILAR DOS TELES,F,SÃO JOÃO DE MERITI,Brasileira,Solteira,1973-10-28,RJ,FEMININO,Não,,Aux. De Enfermagem,4687.03,Não,Mensalista,52.0,525,0
COSME VELHO,F,RIO DE JANEIRO,BRASILEIRA,Solteira,1979-04-04,RJ,FEMININO,Não,,Prof. De Educação Infantil,7336.08,Não,Mensalista,46.0,952,1
IRAJA,F,RIO DE JANEIRO,BRASILEIRA,Solteira,1980-09-30,RJ,FEMININO,Não,,Professor Ii,10500.91,Não,Mensalista,45.0,1048,1
TAQUARA,F,RIO DE JANEIRO,BRASILEIRA,Solteira,1980-09-30,RJ,FEMININO,Não,,Professor Ii,10489.02,Não,Mensalista,45.0,1048,1
CAJÚ,F,RIO DE JANEIRO,BRASILEIRA,Casada,1984-09-19,RJ,FEMININO,Não,,Ag De Educação Infantil,2757.31,Não,Mensalista,41.0,55,0
CAVALCANTE,F,RIO DE JANEIRO,BRASILEIRA,Solteira,1973-10-06,RJ,FEMININO,Não,,Professor,5579.14,Não,Mensalista,52.0,984,0
FAZENDA CAXIAS,F,SEROPEDICA,BRASILEIRA,Solteira,1981-09-14,RJ,FEMININO,Não,,Auxiliar De Enfermagem,2469.37,Não,Mensalista,44.0,608,0
ENGENHOCA,F,NITEROI,BRASILEIRA,Casada,1975-04-11,RJ,FEMININO,Não,,Merendeira,2338.2,Não,Mensalista,50.0,812,0
PECHINCHA,F,RIO DE JANEIRO,BRASILEIRA,Solteiro,1977-12-15,RJ,FEMININO,Não,Risco PLD/FT Baixo,Professor De Ensino Fundamenta,8956.31,Não,Mensalista,48.0,1001,1
VILA VALQUEIRE,F,RIO DE JANEIRO,BRASILEIRA,Divorciada,1990-07-18,RJ,FEMININO,Não,Risco PLD/FT Baixo,Guarda Municipal,1412.0,Não,Mensalista,35.0,776,0
ENCANTADO,F,RIO DE JANEIRO,BRASILEIRA,Separada judicialmente,1972-10-31,RJ,FEMININO,Não,,Merendeira,1816.17,Não,Mensalista,53.0,812,0
OLARIA,F,RIO DE JANEIRO,Brasileira,Solteiro,1980-12-26,RJ,MASCULINO,Não,,Continuo,1660.0,Não,Mensalista,45.0,673,0
CAMPO GRANDE,F,RIO DE JANEIRO,BRASILEIRA,Solteiro,1973-07-09,RJ,MASCULINO,Não,Risco PLD/FT Baixo,Subtenente Pm,15006.48,Não,,52.0,1136,1
PACIENCIA,F,RIO DE JANEIRO,Brasileira,Solteiro,1978-07-14,RJ,MASCULINO,Não,,Aux De Controle De Endemias,2776.86,Não,Mensalista,47.0,452,0
ILHA DE GUARATIBA,F,RIO DE JANEIRO,BRASILEIRA,União Estável,1974-07-01,RJ,MASCULINO,Não,Risco PLD/FT Baixo,Professor De Educação Infantil,7495.41,Não,Mensalista,51.0,998,1
CAMPO GRANDE,F,RIO DE JANEIRO,Brasileira,Solteiro,1978-10-26,RJ,MASCULINO,Não,,Aux De Enfermagem 2º Grau,4176.63,Não,Mensalista,47.0,474,0
PACIENCIA,F,RIO DE JANEIRO,BRASILEIRA,Solteiro,1961-03-12,RJ,MASCULINO,Não,,Ag. Aux. De Administração,5273.25,Não,Mensalista,64.0,86,3
CABUÇU,F,NOVA IGUAÇU,BRASILEIRA,Solteiro,1980-08-01,RJ,MASCULINO,Não,Risco PLD/FT Baixo,Secretario Escolar,4158.38,Não,Mensalista,45.0,1113,0
CAMPO GRANDE,F,RIO DE JANEIRO,BRASILEIRA,Solteiro,1990-06-03,RJ,MASCULINO,Não,,Ag.Educador Ii,1510.99,Não,Mensalista,35.0,163,0
TIJUCA,F,RIO DE JANEIRO,BRASILEIRA,Casado,1967-08-23,RJ,MASCULINO,Não,,Trabalhador/Subgrente Iv,4486.85,Não,Mensalista,58.0,1222,2
PACIENCIA,F,RIO DE JANEIRO,BRASILEIRA,Divorciado,1972-06-24,RJ,MASCULINO,Não,,Agente De Portaria,2948.84,Não,Mensalista,53.0,243,0
PAVUNA,F,RIO DE JANEIRO,BRASILEIRA,Casado,1972-07-15,RJ,MASCULINO,Não,,Profissional De Nivel Medio,6800.47,Não,Mensalista,53.0,1083,1
JACAREPAGUA,F,RIO DE JANEIRO,BRASILEIRA,Casado,1971-06-21,RJ,MASCULINO,Não,,Professor Ii,2885.18,Não,Mensalista,54.0,1048,0
CAMPO GRANDE,F,RIO DE JANEIRO,Brasileira,Solteira,1972-01-29,RJ,FEMININO,Não,,Aposentada,1514.41,Não,Mensalista,53.0,294,0
CAMPO GRANDE,F,RIO DE JANEIRO,BRASILEIRA,Solteiro,1982-10-24,RJ,FEMININO,Não,Risco PLD/FT Baixo,Professor Ii,14099.12,Não,Mensalista,43.0,1048,1
PAVUNA,F,RIO DE JANEIRO,BRASILEIRA,Solteira,1973-09-30,RJ,FEMININO,Não,,Professor Ii,7902.31,Não,Mensalista,52.0,1048,1
ANA CLARA,F,SAO GONCALO,Brasileira,Solteiro,1970-10-22,RJ,MASCULINO,Não,,Cabo Da Pm,0.0,Não,Mensalista,55.0,656,0
GRAJAU,F,RIO DE JANEIRO,Brasileira,Divorciado,1961-11-11,RJ,MASCULINO,Não,,Ag. De Administração,4351.19,Não,Mensalista,64.0,109,3
PADRE MIGUEL,F,RIO DE JANEIRO,BRASILEIRA,Casado,1967-05-12,RJ,MASCULINO,Não,,Agente De Portaria,3450.04,Não,Mensalista,58.0,243,3
BENTO RIBEIRO,F,RIO DE JANEIRO,BRASILEIRA,Solteiro,1974-01-26,RJ,MASCULINO,Não,Risco PLD/FT Baixo,Auxiliar De Controle De Endemi,4066.06,Não,Mensalista,51.0,603,0
BELFORD ROXO,F,RIO DE JANEIRO,Brasileira,Solteiro,1967-02-08,RJ,MASCULINO,Não,,Trabalhador,2894.96,Não,Mensalista,58.0,1202,2
PENHA,F,RIO DE JANEIRO,BRASILEIRA,Casado,1970-07-13,RJ,MASCULINO,Não,,Ag. De Administração,11321.5,Não,Mensalista,55.0,109,1
PARQUE HOTEL,F,ARARUAMA,BRASILEIRA,Solteiro,1988-09-01,RJ,MASCULINO,Não,Risco PLD/FT Baixo,Cabo Bm,8334.13,Não,Mensalista,37.0,654,0
QUINTINO BOCAIUVA,F,RIO DE JANEIRO,Brasileira,Casado,1971-04-15,RJ,MASCULINO,Não,,Especial / Assistente I,1893.42,Não,Mensalista,54.0,741,0
REALENGO,F,RIO DE JANEIRO,BRASILEIRA,Solteiro,1978-09-24,RJ,MASCULINO,Não,Risco PLD/FT Baixo,Professor De Ensino Fundamenta,10906.16,Não,Mensalista,47.0,1001,1
BANGU,F,RIO DE JANEIRO,Brasileira,Casado,1977-07-28,RJ,MASCULINO,Não,,Aux De Enfermagem 2º Grau,2637.27,Não,Mensalista,48.0,474,0
MEIER,F,RIO DE JANEIRO,Brasileira,Solteiro,1958-10-17,RJ,MASCULINO,Não,,Servente,3674.94,Não,Mensalista,67.0,1116,2
QUINTINO BOCAIUVA,F,RIO DE JANEIRO,Brasileira,Solteiro,1970-03-02,RJ,MASCULINO,Não,,Aux De Enfermagem 2º Grau,7096.59,Não,Mensalista,55.0,474,0
MARECHAL HERMES,F,RIO DE JANEIRO,Brasileira,Solteiro,1971-03-26,RJ,MASCULINO,Não,,Estatutario,9655.0,Não,Mensalista,54.0,756,1
GRAJAU,F,RIO DE JANEIRO,BRASILEIRA,Casado,1962-02-17,RJ,MASCULINO,Não,,Professor Ii,8817.01,Não,Mensalista,63.0,1048,1
PORTO DO ROSA,F,SAO GONCALO,BRASILEIRA,Casado,1970-11-19,RJ,MASCULINO,Não,,Prof. I - História,3835.55,Não,Mensalista,55.0,961,0
TAQUARA,F,RIO DE JANEIRO,BRASILEIRA,Solteira,1978-06-23,RJ,FEMININO,Não,,Professor,7075.14,Não,Mensalista,47.0,984,1
PACIENCIA,F,RIO DE JANEIRO,BRASILEIRA,Solteira,1975-09-02,RJ,FEMININO,Não,,Prf. De Educação Infantil,3900.82,Não,Mensalista,50.0,869,0
COPACABANA,F,RIO DE JANEIRO,BRASILEIRA,Casada,1974-07-29,RJ,FEMININO,Não,,Merendeira,2325.72,Não,Mensalista,51.0,812,0
VILA ISABEL,F,RIO DE JANEIRO,Brasileira,Solteiro,1976-03-21,RJ,MASCULINO,Não,,Auxiliar De Enfermagem,2262.45,Não,Mensalista,49.0,608,0
AUSTIN,F,NOVA IGUACU,BRASILEIRA,Casado,1979-12-19,RJ,MASCULINO,Não,,Prof. De Ensino Fundamental,10726.65,Não,Mensalista,46.0,953,1
RIO COMPRIDO,F,RIO DE JANEIRO,Brasileira,Solteiro,1973-07-16,RJ,MASCULINO,Não,,Aux De Enfermagem 2º Grau,2979.3,Não,Mensalista,52.0,474,0
CAMPO GRANDE,F,RIO DE JANEIRO,Brasileira,Casado,1955-01-13,RJ,MASCULINO,Não,,Art De Pav E Pedreira,2356.26,Não,Mensalista,70.0,325,3
JACUTINGA,F,MESQUITA,Brasileira,Casada,1961-09-09,RJ,FEMININO,Não,,Zelador (Sms) Chefe Iii,7766.04,Não,Mensalista,64.0,1239,1
PRAÇA DA BANDEIRA,F,RIO DE JANEIRO,BRASILEIRA,Casada,1965-10-18,RJ,FEMININO,Não,,Aposentada,7983.3,Não,Mensalista,60.0,294,3
PRAÇA DA BANDEIRA,F,RIO DE JANEIRO,BRASILEIRA,Casada,1965-10-18,RJ,FEMININO,Não,,Prof I - Lingua Portuguesa,6136.84,Não,Mensalista,60.0,909,2
ABOLIÇÃO,F,RIO DE JANEIRO,Brasileira,Divorciado,1952-09-26,RJ,FEMININO,Não,,Aux De Enfermagem,2822.46,Não,Mensalista,73.0,459,3
IRAJA,F,RIO DE JANEIRO,Brasileira,Casada,1947-06-25,RJ,FEMININO,Não,,Servente ( Sms),871.32,Não,Mensalista,78.0,1117,2
ENGENHO DE DENTRO,F,RIO DE JANEIRO,BRASILEIRA,SOLTEIRO,1948-02-03,RJ,FEMININO,Não,,Auxiliar De Enfermagem,4844.37,Não,Mensalista,77.0,608,3
TANQUE,F,RIO DE JANEIRO,Brasileira,Separado judicialmente,1970-03-26,RJ,FEMININO,Não,,Prof Ii,3742.36,Não,Mensalista,55.0,930,0
MEIER,F,RIO DE JANEIRO,BRASILEIRA,Divorciada,1939-11-26,RJ,FEMININO,Não,,Aux De Procuradoria,4528.36,Não,Mensalista,86.0,490,3
SENADOR CAMARA,F,RIO DE JANEIRO,BRASILEIRA,Solteira,1978-11-08,RJ,FEMININO,Não,,Professor Ii,12236.01,Não,Mensalista,47.0,1048,1
PECHINCHA,F,RIO DE JANEIRO,Brasileira,Solteira,1978-01-05,RJ,FEMININO,Não,,Professor,7220.88,Não,Mensalista,47.0,984,1
VILA ISABEL,F,RIO DE JANEIRO,Brasileira,Casado,1983-05-17,RJ,FEMININO,Não,,Agregada,8404.9,Não,Mensalista,42.0,280,0
LARANJEIRAS,F,RIO DE JANEIRO,BRASILEIRA,Solteira,1980-08-01,RJ,FEMININO,Não,,Auxiliar De Laboratorio,2976.82,Não,Mensalista,45.0,632,0
CAMPO GRANDE,F,RIO DE JANEIRO,BRASILEIRA,Viúva,1973-02-08,RJ,FEMININO,Não,,Secretario Escolar,3836.89,Não,Mensalista,52.0,1113,0
CURICICA,F,RIO DE JANEIRO,BRASILEIRA,Solteiro,1984-02-07,RJ,FEMININO,Não,Risco PLD/FT Baixo,Professor Docente I - 18 Horas,4450.08,Não,Mensalista,41.0,1014,0
PAVUNA,F,RIO DE JANEIRO,BRASILEIRA,Solteira,1979-12-11,RJ,FEMININO,Não,,Aux. De Enfermagem,6824.69,Não,Mensalista,46.0,525,0
PAVUNA,F,RIO DE JANEIRO,BRASILEIRA,Solteira,1979-12-11,RJ,FEMININO,Não,,Técnico De Enfermagem,6824.69,Não,Mensalista,46.0,1228,1
CAMORIM,F,RIO DE JANEIRO,BRASILEIRA,Solteiro,1988-03-16,RJ,FEMININO,Não,Risco PLD/FT Baixo,Professor Docente I - 18 Horas,2918.23,Não,Mensalista,37.0,1014,0
INHAUMA,F,RIO DE JANEIRO,BRASILEIRA,Casada,1978-06-19,RJ,FEMININO,Não,,Ag. De Educação Infantil,4086.8,Não,Mensalista,47.0,129,0
PARQUE SANTA CLARA,F,CAMPOS DE GOYTACAZES,BRASILEIRA,Solteiro,1983-11-03,RJ,FEMININO,Não,Risco PLD/FT Baixo,Professor Docente I - 18 Horas,3675.1,Não,Mensalista,42.0,1014,0
VILAR DOS TELLES,F,SÃO JOÃO DE MERITI,BRASILEIRA,Casada,1982-07-24,RJ,FEMININO,Não,,Professor Ii,6849.02,Não,Mensalista,43.0,1048,0
BANGU,F,RIO DE JANEIRO,Brasileira,Solteira,1980-06-17,RJ,FEMININO,Não,,Professor Ii,5739.51,Não,Mensalista,45.0,1048,0
INHOAIBA,F,RIO DE JANEIRO,Brasileira,Solteiro,1978-10-05,RJ,FEMININO,Não,,Ag. De Administração,1936.66,Não,Mensalista,47.0,109,0
JARDIM BANGU,F,RIO DE JANEIRO,BRASILEIRA,Casada,1976-10-20,RJ,FEMININO,Não,Risco PLD/FT Baixo,Prof I Educação Fisica,10097.5,Não,Mensalista,49.0,919,1
REALENGO,F,RIO DE JANEIRO,Brasileira,Casado,1978-05-23,RJ,FEMININO,Não,,Aux. De Enfermagem,2864.88,Não,Mensalista,47.0,525,0
REALENGO,F,RIO DE JANEIRO,Brasileira,Solteira,1980-06-16,RJ,FEMININO,Não,,Aux De Enfermagem,5462.57,Não,Mensalista,45.0,459,0
SENADOR CAMARA,F,RIO DE JANEIRO,BRASILEIRA,Solteira,1980-06-16,RJ,FEMININO,Não,,Aux De Enfermagem 2º Grau,7338.47,Não,Mensalista,45.0,474,0
IRAJA,F,RIO DE JANEIRO,BRASILEIRA,Solteira,1985-07-07,RJ,FEMININO,Não,Risco PLD/FT Baixo,Técnico Universitário Superior,11079.84,Não,Mensalista,40.0,1236,1
ALTO,F,TERESOPOLIS,BRASILEIRA,Solteiro,1980-08-19,RJ,FEMININO,Não,Risco PLD/FT Baixo,Professor Docente I - 18 Hora,4438.84,Não,Mensalista,45.0,1013,0
PRAIA DA BANDEIRA,F,RIO DE JANEIRO,BRASILEIRA,Casada,1978-04-26,RJ,FEMININO,Não,,Professor Ii,8110.96,Não,Mensalista,47.0,1048,1
TAQUARA,F,RIO DE JANEIRO,BRASILEIRA,Divorciada,1983-05-31,RJ,FEMININO,Não,,Aux De Enfermagem,4817.44,Não,Mensalista,42.0,459,0
VICENTE DE CARVALHO,F,RIO DE JANEIRO,Brasileira,Casada,1977-01-24,RJ,FEMININO,Não,,Recepcionista,7699.56,Não,Mensalista,48.0,1094,1
VILA VALQUEIRE,F,RIO DE JANEIRO,BRASILEIRA,Solteira,1986-05-01,RJ,FEMININO,Não,,Professor Ii,1875.59,Não,Mensalista,39.0,1048,0
FONSECA,F,NITEROI,Brasileira,Divorciada,1980-12-02,RJ,FEMININO,Não,,Professor Ii,4983.02,Não,Mensalista,45.0,1048,0
NOSSA SENHORA DAS GRAÇAS,F,VOLTA REDONDA,BRASILEIRA,Solteiro,1976-09-18,RJ,FEMININO,Não,Risco PLD/FT Baixo,Professor Docente - 18 Horas,10780.04,Não,Mensalista,49.0,1010,1
IRAJA,F,RIO DE JANEIRO,Brasileira,Solteiro,1960-10-30,RJ,MASCULINO,Não,,Trabalahador,2693.73,Não,Mensalista,65.0,1201,2
CAMPO GRANDE,F,RIO DE JANEIRO,Brasileira,Casado,1973-01-15,RJ,MASCULINO,Não,,Prof. De Ensino Fundamental,9036.79,Não,Mensalista,52.0,953,1
JARDIM OLIMPO,F,DUQUE DE CAXIAS,Brasileira,Solteiro,1976-01-23,RJ,FEMININO,Não,,Aux. De Enfermagen,4443.04,Não,Mensalista,49.0,547,0
SENADOR VASCONCELOS,F,RIO DE JANEIRO,Brasileira,Casado,1963-04-04,RJ,FEMININO,Não,,Aux. De Enfermagem I,3335.06,Não,Mensalista,62.0,540,3
RAMOS,F,RIO DE JANEIRO,Brasileira,Casado,1953-07-27,RJ,MASCULINO,Não,,Servente,1130.88,Não,Mensalista,72.0,1116,2
REALENGO,F,RIO DE JANEIRO,Brasileira,Viúvo,1955-10-11,RJ,MASCULINO,Não,,Trabalhador,2680.86,Não,Mensalista,70.0,1202,2
SANTA CRUZ,F,RIO DE JANEIRO,Brasileira,Casado,1964-08-23,RJ,MASCULINO,Não,,Trabalhador,3081.61,Não,Mensalista,61.0,1202,2
SANTO CRISTO,F,RIO DE JANEIRO,Brasileira,Solteiro,1955-09-07,RJ,MASCULINO,Não,,Copeiro,1646.24,Não,Mensalista,70.0,678,2
INHOAIBA,F,RIO DE JANEIRO,BRASILEIRA,SOLTEIRO,1958-03-04,RJ,MASCULINO,Não,,Trabalhador,3024.86,Não,Mensalista,67.0,1202,2
BANGU,F,RIO DE JANEIRO,Brasileira,Casado,1952-08-30,RJ,MASCULINO,Não,,Trabalhador,3098.08,Não,Mensalista,73.0,1202,2
SANTA TERESA,F,RIO DE JANEIRO,Brasileira,Casado,1960-06-09,RJ,MASCULINO,Não,,Operador De Maq. Auxiliares,2813.97,Não,Mensalista,65.0,853,2
RAMOS,F,RIO DE JANEIRO,Brasileira,Casado,1960-04-04,RJ,MASCULINO,Não,,Prof,9195.42,Não,Mensalista,65.0,874,1
COPACABANA,F,RIO DE JANEIRO,BRASILEIRA,Viúvo,1939-08-07,RJ,MASCULINO,Não,,Aposentado,2131.42,Não,Mensalista,86.0,295,3
TAQUARA,F,RIO DE JANEIRO,Brasileira,Casado,1958-12-13,RJ,MASCULINO,Não,,Assist. Adm.,14543.12,Não,Mensalista,67.0,417,1
ENG R FREIRE,F,NOVA IGUAÇU,BRASILEIRA,Solteiro,1946-11-01,RJ,MASCULINO,Não,,Agente De Portaria,3026.34,Não,Mensalista,79.0,243,3
ALTO DA BOA VISTA,F,RIO DE JANEIRO,Brasileira,Solteira,1964-04-11,RJ,MASCULINO,Não,,Trabalhador,1934.64,Não,Mensalista,61.0,1202,2
BANGU,F,RIO DE JANEIRO,Brasileira,Casado,1944-06-24,RJ,MASCULINO,Não,,Art. De Pavimentacao E Pedreir,2738.41,Não,Mensalista,81.0,366,3
VENDA VELHA,F,SAO JOAO DE MERITI,Brasileira,OUTROS,1982-02-17,RJ,MASCULINO,Não,Risco PLD/FT Baixo,Assistente Operacional,1334.69,Não,CLT,43.0,429,0
SANTA CRUZ,F,RIO DE JANEIRO,Brasileira,Casado,1963-04-16,RJ,MASCULINO,Não,,Agente De Vigilancia,1737.04,Não,Mensalista,62.0,259,3
PAQUETA,F,RIO DE JANEIRO,Brasileira,Solteiro,1960-05-16,RJ,FEMININO,Não,,Aux. De Enfermagem,3865.34,Não,Mensalista,65.0,525,3
COPACABANA,F,RIO DE JANEIRO,Brasileira,Solteiro,1938-09-20,RJ,FEMININO,Não,,Enfermeira Inativa,3889.66,Não,Mensalista,87.0,722,2
CENTRO,F,MESQUITA,Brasileira,Casado,1957-07-21,RJ,MASCULINO,Não,,Eletricista De Rede (Rioluz),3239.4,Não,Mensalista,68.0,715,2
INHOAIBA,F,RIO DE JANEIRO,Brasileira,Solteiro,1962-01-17,RJ,MASCULINO,Não,,Trabalhador/Subgerente Iii,4885.03,Não,Mensalista,63.0,1220,2
DEODORO,F,RIO DE JANEIRO,BRASILEIRA,Casado,1981-04-09,RJ,MASCULINO,Não,,Auxi. De Controle De Endemias,1404.13,Não,Mensalista,44.0,595,0
VILA MILITAR,F,RIO DE JANEIRO,BRASILEIRA,SOLTEIRO,1956-10-24,RJ,MASCULINO,Não,,Trabalhador,2801.82,Não,Mensalista,69.0,1202,2
COSMORAMA,F,MESQUITA,Brasileira,Solteiro,1956-04-28,RJ,MASCULINO,Não,,Agente De Escritório,2117.26,Não,Mensalista,69.0,239,3
COSMOS,F,RIO DE JANEIRO,Brasileira,Solteiro,1965-05-13,RJ,MASCULINO,Não,,Art .De Instalaçoes Hidraulica,3806.22,Não,Mensalista,60.0,300,3
EDEN,F,SAO JOAO DE MERITI,Brasileira,Casado,1959-03-12,RJ,MASCULINO,Não,,Art De Pav E Pedreira,3787.52,Não,Mensalista,66.0,325,3
PILARES,F,RIO DE JANEIRO,BRASILEIRA,Casado,1956-11-13,RJ,MASCULINO,Não,,Professor Ii,4143.26,Não,Mensalista,69.0,1048,2
PILARES,F,RIO DE JANEIRO,Brasileira,Casado,1956-11-13,RJ,MASCULINO,Não,,Professor Ii,5698.87,Não,Mensalista,69.0,1048,2
SANTO CRISTO,F,RIO DE JANEIRO,Brasileira,Solteiro,1956-06-16,RJ,MASCULINO,Não,,Art. De Mecanica,2889.54,Não,Mensalista,69.0,361,3
COELHO DA ROCHA,F,SAO JOAO DE MERITI,Brasileira,Divorciado,1966-05-20,RJ,MASCULINO,Não,,Agente De Vigilancia,2824.26,Não,Mensalista,59.0,259,3
CENTRO,F,CURITIBA,BRASILEIRA,Casado,1955-11-15,PR,MASCULINO,Não,,Professor De Fisica,2876.81,Não,Mensalista,70.0,1005,2
VILA ISABEL,F,RIO DE JANEIRO,Brasileira,Solteiro,1951-02-10,RJ,MASCULINO,Não,,Eng. Mecanico,10940.0,Não,Mensalista,74.0,732,1
TODOS OS SANTOS,F,RIO DE JANEIRO,Brasileira,Casado,1947-05-22,RJ,FEMININO,Não,,Servente,1885.74,Não,Mensalista,78.0,1116,2
RAMOS,F,RIO DE JANEIRO,BRASILEIRO,Casado,1938-05-25,RJ,MASCULINO,Não,,Aposentado,7024.53,Não,Mensalista,87.0,295,3
PENHA CIRCULAR,F,RIO DE JANEIRO,Brasileiro,Casado,1960-04-15,RJ,MASCULINO,Não,,Inspetor De Alunos,1715.1,Não,Mensalista,65.0,789,2
FLAMENGO,F,RIO DE JANEIRO,Brasileira,Casado,1963-12-06,RJ,MASCULINO,Não,,Tec.Judicarioii,6130.8,Não,Mensalista,62.0,1164,2
CIDADE DE DEUS,F,RIO DE JANEIRO,Brasileira,Casado,1960-01-04,RJ,MASCULINO,Não,,Militar Ativo,2418.02,Não,Mensalista,65.0,823,2
VICENTE DE CARVALHO,F,RIO DE JANEIRO,BRASILEIRA,Casada,1961-05-18,RJ,FEMININO,Não,,Ag De Educação Infantil,3563.86,Não,Mensalista,64.0,55,3
SANTA CRUZ,F,RIO DE JANEIRO,Brasileira,Casado,1958-08-25,RJ,MASCULINO,Não,,Aposentada,954.0,Não,Mensalista,67.0,294,3
VICENTE DE CARVALHO,F,RIO DE JANEIRO,BRASILEIRA,Solteira,1981-05-11,RJ,FEMININO,Não,,Secretario Escolar,2217.34,Não,Mensalista,44.0,1113,0
REALENGO,F,RIO DE JANEIRO,Brasileira,Solteira,1955-06-03,RJ,FEMININO,Não,,Agente De Portaria,3212.99,Não,Mensalista,70.0,243,3
BANGU,F,RIO DE JANEIRO,Brasileira,Casada,1971-05-23,RJ,FEMININO,Não,,Merendeira,1708.98,Não,Mensalista,54.0,812,0
REALENGO,F,RIO DE JANEIRO,BRASILEIRA,Casada,1964-09-17,RJ,FEMININO,Não,,Professor Ii,6562.82,Não,Mensalista,61.0,1048,1
INHOAIBA,F,RIO DE JANEIRO,BRASILEIRA,Casada,1946-06-17,RJ,FEMININO,Não,,Servente,1595.2,Não,Mensalista,79.0,1116,2
PRAÇA SECA,F,RIO DE JANEIRO,BRASILEIRA,Solteiro,1983-02-14,RJ,FEMININO,Não,Risco PLD/FT Baixo,Agente De Educação Infantil,10274.63,Não,Mensalista,42.0,237,1
JACARÉ,F,RIO DE JANEIRO,BRASILEIRA,Solteira,1985-04-27,RJ,FEMININO,Não,,Agente De Ed. Infantil,3247.44,Não,Mensalista,40.0,230,0
PAVUNA,F,RIO DE JANEIRO,BRASILEIRA,Divorciada,1979-07-08,RJ,FEMININO,Não,,Professor Ii,5349.8,Não,Mensalista,46.0,1048,0
NOVA MACAE,F,MACAE,BRASILEIRA,Solteiro,1991-05-21,RJ,FEMININO,Não,Risco PLD/FT Baixo,Investigador Policial,8120.73,Não,Mensalista,34.0,796,0
JARDIM IGUAÇU,F,NOVA IGUACU,BRASILEIRA,Solteiro,1987-02-21,RJ,FEMININO,Não,Risco PLD/FT Baixo,Professor Docente I - 18 Horas,5083.01,Não,Mensalista,38.0,1014,0
JARDIM CARIOCA,F,RIO DE JANEIRO,BRASILEIRA,Solteiro,1982-03-16,RJ,FEMININO,Não,Risco PLD/FT Baixo,Agente Administrativo,6885.02,Não,Mensalista,43.0,178,0
PORTO VELHO,F,SAO GONCALO,Brasileira,Solteira,1965-11-12,RJ,MASCULINO,Não,,Pencionista,3747.92,Não,Mensalista,60.0,861,2
VILA KOSMOS,F,RIO DE JANEIRO,BRASILEIRA,Casado,1957-05-14,RJ,MASCULINO,Não,,Aux. De Enfermagem,5136.99,Não,Mensalista,68.0,525,3
VILA ISABEL,F,RIO DE JANEIRO,Brasileira,Solteira,1962-10-11,RJ,FEMININO,Não,,Servente,2031.52,Não,Mensalista,63.0,1116,2
EDEN,F,SAO JOAO DE MERITI,BRASILEIRA,Casado,1964-12-20,RJ,MASCULINO,Não,,Ascensorista,2733.21,Não,Mensalista,61.0,390,3
BANGU,F,RIO DE JANEIRO,Brasileira,Desquitado,1954-11-29,RJ,MASCULINO,Não,,Trabalhador/ Supervisor De Ati,4001.58,Não,Mensalista,71.0,1213,2
IRAJA,F,RIO DE JANEIRO,Brasileira,Casado,1947-05-15,RJ,MASCULINO,Não,,Art De Mecanica,2289.28,Não,Mensalista,78.0,323,3
REALENGO,F,RIO DE JANEIRO,Brasileira,Separado judicialmente,1949-05-24,RJ,MASCULINO,Não,,Datilografo,2945.1,Não,Mensalista,76.0,690,2
CAMPO GRANDE,F,RIO DE JANEIRO,Brasileira,Casado,1964-12-20,RJ,MASCULINO,Não,,Trabalhador,3144.18,Não,Mensalista,61.0,1202,2
BONSUCESSO,F,RIO DE JANEIRO,Brasileira,Casado,1952-11-19,RJ,MASCULINO,Não,,Trabalhador,3045.96,Não,Mensalista,73.0,1202,2
LEOPOLDINA,F,RIO DE JANEIRO,Brasileira,Divorciado,1940-03-21,RJ,MASCULINO,Não,,Prof. Ii,2717.8,Não,Mensalista,85.0,968,2
REALENGO,F,RIO DE JANEIRO,Brasileira,Solteira,1951-07-19,RJ,FEMININO,Não,,Servente,2077.07,Não,Mensalista,74.0,1116,2
ROCHA MIRANDA,F,RIO DE JANEIRO,BRASILEIRA,Solteira,1953-11-11,RJ,FEMININO,Não,,Copeira,1827.61,Não,Mensalista,72.0,677,2
PACIENCIA,F,RIO DE JANEIRO,Brasileira,Casado,1958-03-12,RJ,MASCULINO,Não,,Trabalhador,2140.94,Não,Mensalista,67.0,1202,2
REALENGO,F,RIO DE JANEIRO,BRASILEIRA,SOLTEIRO,1953-09-01,RJ,MASCULINO,Não,,Trabalhador,2399.11,Não,Mensalista,72.0,1202,2
CENTRO,F,RIO DE JANEIRO,BRASILEIRA,Solteira,1957-06-17,RJ,FEMININO,Não,,Ag. De Educação Infantil,3501.36,Não,Mensalista,68.0,129,3
SEPETIBA,F,RIO DE JANEIRO,Brasileira,Casado,1952-05-07,RJ,MASCULINO,Não,,Ag. Comunitario,1847.06,Não,Mensalista,73.0,95,3
JARDIM SULACAPE,F,RIO DE JANEIRO,Brasileira,Solteiro,1945-10-17,RJ,FEMININO,Não,,Professora Ii,6457.66,Não,Mensalista,80.0,1074,2
VILA VALQUEIRE,F,RIO DE JANEIRO,BRASILEIRA,Divorciada,1978-01-11,RJ,FEMININO,Não,,Professor Educ. Infantil,10021.02,Não,Mensalista,47.0,1020,1
VILA VALQUEIRE,F,RIO DE JANEIRO,BRASILEIRA,Divorciado,1978-01-11,RJ,FEMININO,Não,Risco PLD/FT Baixo,Professor Ii,12145.96,Não,,47.0,1048,1
PACIENCIA,F,RIO DE JANEIRO,Brasileira,Casada,1977-08-02,RJ,FEMININO,Não,,Agente De Administração,5906.9,Não,Mensalista,48.0,216,0
ENGENHO NOVO,F,RIO DE JANEIRO,Brasileira,Divorciada,1965-05-08,RJ,FEMININO,Não,,Aux De Enfermagem 2º Grau,5476.33,Não,Mensalista,60.0,474,3
CARAMUJO,F,RIO DE JANEIRO,Brasileira,Solteiro,1960-06-29,RJ,FEMININO,Não,,Aux De Enfermagem,4276.54,Não,Mensalista,65.0,459,3
IRAJA,F,RIO DE JANEIRO,BRASILEIRA,Solteira,1976-08-23,RJ,FEMININO,Não,,Aux. De Creche,1062.8,Não,Mensalista,49.0,519,0
JARDIM AMERICA,F,ITAGUAI,BRASILEIRA,Casada,1976-11-04,RJ,FEMININO,Não,,Professor De Educação Infantil,2848.87,Não,Mensalista,49.0,998,0
DEL CASTILHO,F,RIO DE JANEIRO,BRASILEIRA,Divorciada,1968-04-29,RJ,FEMININO,Não,,Professor I - Historia,5577.02,Não,Mensalista,57.0,1036,2
SÃO DOMINGOS,F,NITEROI,Brasileira,Não informado,1964-07-14,RJ,FEMININO,Não,,Divisao Administ. Niteroi,3618.5,Não,Mensalista,61.0,709,2
PRAÇA SECA,F,RIO DE JANEIRO,Brasileira,Divorciada,1946-05-06,RJ,FEMININO,Não,,Professor Ii,1746.29,Não,Mensalista,79.0,1048,2
ALTO DA CHACARA,F,NOVA FRIBURGO,BRASILEIRA,Solteira,1990-10-11,RJ,FEMININO,Não,Risco PLD/FT Baixo,Professor Docente I - 18 Horas,2849.83,Não,Mensalista,35.0,1014,0
CENTRO,F,NITEROI,Brasileira,Viúvo,1957-01-05,RJ,FEMININO,Não,,Pensionista,4260.42,Não,Mensalista,68.0,863,2
ANDARAI,F,RIO DE JANEIRO,Brasileira,Solteira,1963-06-26,RJ,FEMININO,Não,,Merendeira,1108.0,Não,Mensalista,62.0,812,2
PAVUNA,F,RIO DE JANEIRO,BRASILEIRA,Solteira,1969-09-03,RJ,FEMININO,Não,,Professor Ii,9869.21,Não,Mensalista,56.0,1048,1
PAVUNA,F,RIO DE JANEIRO,Brasileira,Solteira,1969-09-03,RJ,FEMININO,Não,,Professor Ii,9869.21,Não,Mensalista,56.0,1048,1
BANGU,F,RIO DE JANEIRO,BRASILEIRA,Casada,1977-03-06,RJ,FEMININO,Não,,Professor Ii,5739.54,Não,Mensalista,48.0,1048,0
SENADOR CAMARA,F,RIO DE JANEIRO,BRASILEIRA,Casado,1964-07-29,RJ,FEMININO,Não,,Professor,8869.06,Não,Mensalista,61.0,984,1
CENTRO,F,MESQUITA,Brasileira,Solteira,1964-06-17,RJ,FEMININO,Não,,Professor,2770.67,Não,Mensalista,61.0,984,2
CENTRO,F,MESQUITA,BRASILEIRA,Solteiro,1964-06-17,RJ,FEMININO,Não,,Professor,2770.67,Não,Mensalista,61.0,984,2
TIJUCA,F,RIO DE JANEIRO,BRASILEIRA,Solteira,1969-04-13,RJ,FEMININO,Não,,Ag. De Educação Infantil,3121.28,Não,Mensalista,56.0,129,3
SEPETIBA,F,RIO DE JANEIRO,Brasileira,Divorciado,1968-11-27,RJ,FEMININO,Não,,Professor,4833.58,Não,Mensalista,57.0,984,2
CAJU,F,RIO DE JANEIRO,BRASILEIRA,Solteira,1973-02-05,RJ,FEMININO,Não,,Ag. De Educação Infantil,2701.82,Não,Mensalista,52.0,129,3
SANTA CRUZ,F,RIO DE JANEIRO,BRASILEIRA,Casada,1974-08-23,RJ,FEMININO,Não,,Agente De Ed. Infantil,3207.86,Não,Mensalista,51.0,230,0
VILA VALQUEIRE,F,RIO DE JANEIRO,BRASILEIRA,Divorciada,1973-07-21,RJ,FEMININO,Não,,Professor Ii,8980.85,Não,Mensalista,52.0,1048,1
VILA VALQUEIRE,F,RIO DE JANEIRO,BRASILEIRA,Divorciada,1973-07-21,RJ,FEMININO,Não,,Professor Ii,8980.85,Não,Mensalista,52.0,1048,1
VILA DA PENHA,F,RIO DE JANEIRO,BRASILEIRA,Solteira,1963-12-15,RJ,FEMININO,Não,,Servente,810.05,Não,Mensalista,62.0,1116,2
CONSELHEIRO PAULINO,F,NOVA FRIBURGO,BRASILEIRA,Casada,1975-11-21,RJ,FEMININO,Não,Risco PLD/FT Baixo,Professor Docente Ii,9579.97,Não,Mensalista,50.0,1018,1
SANTA CRUZ,F,RIO DE JANEIRO,Brasileira,Casada,1970-08-05,RJ,FEMININO,Não,,Auxiliar De Enfermagem 2ª Grau,3146.64,Não,Mensalista,55.0,618,0
BENTO RIBEIRO,F,RIO DE JANEIRO,BRASILEIRA,Divorciada,1966-07-12,RJ,FEMININO,Não,,Professor Ii,11276.76,Não,Mensalista,59.0,1048,1
OLARIA,F,RIO DE JANEIRO,Brasileira,Casado,1968-11-18,RJ,FEMININO,Não,,Merendeira,0.0,Não,Mensalista,57.0,812,0
PRAÇA DA BANDEIRA,F,RIO DE JANEIRO,BRASILEIRA,Viúvo,1959-09-29,RJ,FEMININO,Não,Risco PLD/FT Baixo,Professor I - Ciências,4649.22,Não,Mensalista,66.0,1030,2
REALENGO,F,RIO DE JANEIRO,BRASILEIRA,Solteira,1979-01-20,RJ,FEMININO,Não,,Aux De Enfermagem 2º Grau,4749.86,Não,Mensalista,46.0,474,0
VILA ISABEL,F,RIO DE JANEIRO,Brasileira,Casado,1958-02-27,RJ,MASCULINO,Não,,Datigrafo,2664.4,Não,Mensalista,67.0,686,2
DEODORO,F,RIO DE JANEIRO,BRASILEIRA,Solteira,1959-07-22,RJ,FEMININO,Não,,Servente,1589.1,Não,Mensalista,66.0,1116,2
CAMPO GRANDE,F,RIO DE JANEIRO,Brasileira,Casada,1959-12-31,RJ,FEMININO,Não,,Professor Ii,3234.35,Não,Mensalista,66.0,1048,2
CAMPO GRANDE,F,RIO DE JANEIRO,BRASILEIRA,Casada,1959-12-31,RJ,FEMININO,Não,,Professor Ii,3234.35,Não,Mensalista,66.0,1048,2
PILARES,F,RIO DE JANEIRO,Brasileira,Casado,1970-09-18,RJ,FEMININO,Não,,Merendeira,1089.49,Não,Mensalista,55.0,812,0
MANGUEIRA,F,RIO DE JANEIRO,BRASILEIRA,Casada,1964-04-04,RJ,FEMININO,Não,,Merendeira,2338.2,Não,Mensalista,61.0,812,2
TIJUCA,F,RIO DE JANEIRO,BRASILEIRA,Solteira,1969-06-06,RJ,FEMININO,Não,,Merendeira,726.58,Não,Mensalista,56.0,812,0
GLORIA,F,RIO DE JANEIRO,BRASILEIRA,Divorciada,1960-01-11,RJ,FEMININO,Não,,Aposentada,3489.58,Não,Mensalista,65.0,294,3
GLORIA,F,RIO DE JANEIRO,BRASILEIRA,Divorciada,1960-01-11,RJ,FEMININO,Não,,Professor Ii,4284.52,Não,Mensalista,65.0,1048,2
VILA ISABEL,F,RIO DE JANEIRO,BRASILEIRA,Solteiro,1968-09-26,RJ,FEMININO,Não,Risco PLD/FT Baixo,Auxiliar De Enfermagem (Enq. F,3731.93,Não,,57.0,610,0
CAMPO GRANDE,F,RIO DE JANEIRO,BRASILEIRA,Solteira,1973-09-15,RJ,FEMININO,Não,,Aux. De Enfermagem,3010.34,Não,Mensalista,52.0,525,0
VILA VALQUEIRE,F,RIO DE JANEIRO,Brasileira,Solteira,1973-07-22,RJ,FEMININO,Não,,Aux. De Enfermagem-2º Grau,4880.41,Não,Mensalista,52.0,546,0
CIDADE DE DEUS,F,RIO DE JANEIRO,BRASILEIRA,Separada judicialmente,1960-12-28,RJ,FEMININO,Não,,Aposentada,1797.26,Não,Mensalista,65.0,294,3
BOTAFOGO,F,RIO DE JANEIRO,Brasileira,Viúvo,1966-12-03,RJ,FEMININO,Não,,Prof Ii,1818.88,Não,Mensalista,59.0,930,2
COELHO NETO,F,RIO DE JANEIRO,BRASILEIRA,Separada judicialmente,1961-06-01,RJ,FEMININO,Não,,Agente Comunitario Nivel Ii (Q,2504.43,Não,Mensalista,64.0,203,3
SENADOR CAMARA,F,RIO DE JANEIRO,Brasileira,Solteira,1969-12-24,RJ,FEMININO,Não,,Professor Ii,13546.93,Não,Mensalista,56.0,1048,1
SENADOR CAMARA,F,RIO DE JANEIRO,BRASILEIRA,Solteira,1969-12-24,RJ,FEMININO,Não,,Professor Ii,13546.93,Não,Mensalista,56.0,1048,1
FREGUESIA,F,RIO DE JANEIRO,Brasileira,Separada judicialmente,1966-01-30,RJ,FEMININO,Não,,Tec De Prod E Organizacao,6660.66,Não,Mensalista,59.0,1142,1
CAMPO GRANDE,F,RIO DE JANEIRO,BRASILEIRA,Casada,1968-10-24,RJ,FEMININO,Não,,Professor Ii,9975.39,Não,Mensalista,57.0,1048,1
MADUREIRA,F,RIO DE JANEIRO,BRASILEIRA,Casada,1971-10-28,RJ,FEMININO,Não,,Aposentada,1047.9,Não,Mensalista,54.0,294,0
FREGUESIA,F,RIO DE JANEIRO,BRASILEIRA,Viúva,1963-06-20,RJ,FEMININO,Não,,Merendeira,1879.68,Não,Mensalista,62.0,812,2
PENHA,F,RIO DE JANEIRO,Brasileira,Solteiro,1966-08-17,RJ,FEMININO,Não,,Prof Ii,3473.96,Não,Mensalista,59.0,930,2
PENHA CIRCULAR,F,RIO DE JANEIRO,BRASILEIRA,Solteira,1966-08-17,RJ,FEMININO,Não,,Professor Ii,2975.33,Não,Mensalista,59.0,1048,2
BANGU,F,RIO DE JANEIRO,Brasileira,Casado,1963-12-28,RJ,FEMININO,Não,,Professor,7002.62,Não,Mensalista,62.0,984,1
PIEDADE,F,RIO DE JANEIRO,Brasileira,Solteira,1951-12-03,RJ,FEMININO,Não,,Merendeira,2609.84,Não,Mensalista,74.0,812,2
FONSECA,F,NITEROI,BRASILEIRA,Solteira,1978-04-05,RJ,FEMININO,Não,,Professor Ii,9425.14,Não,Mensalista,47.0,1048,1
FONSECA,F,NITEROI,BRASILEIRA,Solteira,1978-04-05,RJ,FEMININO,Não,,Professora,9425.14,Não,Mensalista,47.0,1070,1
INHAUMA,F,RIO DE JANEIRO,BRASILEIRA,Casada,1969-01-20,RJ,FEMININO,Não,Risco PLD/FT Baixo,Professor Ii,13474.88,Não,Mensalista,56.0,1048,1
SANTA CRUZ,F,RIO DE JANEIRO,BRASILEIRA,Solteira,1965-07-29,RJ,FEMININO,Não,,Professora,5122.42,Não,Mensalista,60.0,1070,2
TOMAS COELHO,F,RIO DE JANEIRO,Brasileira,Solteira,1971-05-08,RJ,FEMININO,Não,,Aux De Enfermagem 1º Grau,1786.31,Não,Mensalista,54.0,468,0
ROCHA,F,RIO DE JANEIRO,BRASILEIRA,Divorciada,1963-05-24,RJ,FEMININO,Não,,Professor Ii,7646.12,Não,Mensalista,62.0,1048,1
CAMPINHO,F,RIO DE JANEIRO,BRASILEIRA,Casada,1972-01-24,RJ,FEMININO,Não,,Ag. De Educação Infantil,3645.86,Não,Mensalista,53.0,129,3
REALENGO,F,RIO DE JANEIRO,BRASILEIRA,Casada,1958-04-14,RJ,FEMININO,Não,,Merendeira,2391.61,Não,Mensalista,67.0,812,2
REALENGO,F,RIO DE JANEIRO,Brasileira,Solteira,1960-07-06,RJ,FEMININO,Não,,Aposentada,3197.18,Não,Mensalista,65.0,294,3
LEOPOLDINA,F,RIO DE JANEIRO,Brasileira,Solteiro,1966-05-08,RJ,FEMININO,Não,,Merendeira,1220.98,Não,Mensalista,59.0,812,2
BANCARIOS,F,RIO DE JANEIRO,brasileira,Solteira,1972-02-08,RJ,FEMININO,Não,,Merendeira,1564.55,Não,Mensalista,53.0,812,0
ROCHA MIRANDA,F,RIO DE JANEIRO,BRASILEIRA,Separada judicialmente,1965-10-29,RJ,FEMININO,Não,,Aux De Enfermagem 2º Grau,2820.64,Não,Mensalista,60.0,474,3
SANTISSIMO,F,RIO DE JANEIRO,Brasileira,Solteiro,1958-02-19,RJ,FEMININO,Não,,Servente,1167.9,Não,Mensalista,67.0,1116,2
SANTA CRUZ,F,RIO DE JANEIRO,BRASILEIRA,Solteira,1968-02-01,RJ,FEMININO,Não,,Merendeira,1899.17,Não,Mensalista,57.0,812,0
SÃO DOMINGOS,F,NITEROI,BRASILEIRA,Solteira,1961-04-24,RJ,FEMININO,Não,,Recepcionista,3774.26,Não,Mensalista,64.0,1094,2
CORDOVIL,F,RIO DE JANEIRO,Brasileira,Casado,1970-11-23,RJ,FEMININO,Não,,Prof. Ii,4393.04,Não,Mensalista,55.0,968,0
CURICICA,F,RIO DE JANEIRO,Brasileira,Casada,1956-02-25,RJ,FEMININO,Não,,Zelador,1223.49,Não,Mensalista,69.0,1238,2
PENHA,F,RIO DE JANEIRO,BRASILEIRA,Solteira,1969-12-27,RJ,FEMININO,Não,Risco PLD/FT Baixo,Técnico Universitário Superior,9240.63,Não,Mensalista,56.0,1236,1
MAGALHAES BASTOS,F,RIO DAS OSTRAS,BRASILEIRA,Divorciada,1975-02-23,RJ,FEMININO,Não,,Professor Ii,10268.08,Não,Mensalista,50.0,1048,1
VILA ISABEL,F,RIO DE JANEIRO,BRASILEIRA,Divorciada,1975-02-23,RJ,FEMININO,Não,,Professor Ii,11087.38,Não,Mensalista,50.0,1048,1
CATUMBI,F,RIO DE JANEIRO,BRASILEIRA,Solteira,1975-12-25,RJ,FEMININO,Não,,Agente Auxiliar De Creche,1054.86,Não,Mensalista,50.0,195,0
MEIER,F,RIO DE JANEIRO,Brasileira,Solteiro,1947-02-27,RJ,FEMININO,Não,,Procuradora Geral,16362.26,Não,Mensalista,78.0,873,1
TIJUCA,F,RIO DE JANEIRO,Brasileira,Casada,1973-01-11,RJ,FEMININO,Não,,Professor,4813.16,Não,Mensalista,52.0,984,0
SANTA CRUZ,F,RIO DE JANEIRO,BRASILEIRA,Casada,1966-02-03,RJ,FEMININO,Não,,Prof Ii,6061.61,Não,Mensalista,59.0,930,2
CENTRO,F,SAO JOAO DE MERITI,BRASILEIRA,Solteira,1962-07-19,RJ,FEMININO,Não,,Aux De Enfermagem,2670.82,Não,Mensalista,63.0,459,3
INHOAIBA,F,RIO DE JANEIRO,BRASILEIRA,Divorciada,1963-10-22,RJ,FEMININO,Não,,Aux. De Enfermagem - 2ª Grau,3652.55,Não,Mensalista,62.0,531,3
QUINTINO BOCAIUVA,F,RIO DE JANEIRO,BRASILEIRA,Solteira,1964-10-10,RJ,FEMININO,Não,,Ag De Educação Infantil,3683.8,Não,Mensalista,61.0,55,3
SEPETIBA,F,RIO DE JANEIRO,Brasileira,Casada,1965-08-31,RJ,FEMININO,Não,,Prof. Ii,4802.58,Não,Mensalista,60.0,968,2
CAMPO GRANDE,F,RIO DE JANEIRO,BRASILEIRA,Casada,1965-08-31,RJ,FEMININO,Não,,Professor Ii,3427.87,Não,Mensalista,60.0,1048,2
LEOPOLDINA,F,RIO DE JANEIRO,Brasileira,Solteiro,1960-10-19,RJ,FEMININO,Não,,Aux De Enfermagem,3685.62,Não,Mensalista,65.0,459,3
PEDRA DE GUARATIBA,F,RIO DE JANEIRO,BRASILEIRA,Divorciada,1964-06-08,RJ,FEMININO,Não,,Aposentada,1045.0,Não,Mensalista,61.0,294,3
SANTA CRUZ,F,RIO DE JANEIRO,Brasileira,Solteira,1967-07-25,RJ,FEMININO,Não,,Servente,935.43,Não,Mensalista,58.0,1116,2
CAMPO GRANDE,F,RIO DE JANEIRO,Brasileira,Divorciada,1962-11-15,RJ,FEMININO,Não,,Aposentada,1212.0,Não,Mensalista,63.0,294,3
OSWALDO CRUZ,F,RIO DE JANEIRO,Brasileira,Solteira,1974-01-29,RJ,FEMININO,Não,,Aux De Enfermagem 2º Grau,3401.93,Não,Mensalista,51.0,474,0
RECREIO DOS BANDEIRANTES,F,RIO DE JANEIRO,Brasileira,Casado,1955-10-23,RJ,FEMININO,Não,,Professor,9041.76,Não,Mensalista,70.0,984,1
CAMPO GRANDE,F,RIO DE JANEIRO,BRASILEIRA,Casado,1966-01-30,RJ,FEMININO,Não,,Prefessor,3112.88,Não,Mensalista,59.0,868,2
PORTUGUESA,F,RIO DE JANEIRO,BRASILEIRA,Casada,1972-06-20,RJ,FEMININO,Não,,Professor Ii,1674.81,Não,Mensalista,53.0,1048,0
TIJUCA,F,RIO DE JANEIRO,Brasileira,Solteiro,1966-04-28,RJ,FEMININO,Não,,Agente De Administração,2121.99,Não,Mensalista,59.0,216,3
CAMPO GRANDE,F,RIO DE JANEIRO,Brasileira,Casada,1948-10-26,RJ,FEMININO,Não,,Merendeira,1060.61,Não,Mensalista,77.0,812,2
OLARIA,F,RIO DE JANEIRO,BRASILEIRA,Casada,1966-12-13,RJ,FEMININO,Não,,Professor Ii,5811.47,Não,Mensalista,59.0,1048,2
MARACANA,F,RIO DE JANEIRO,BRASILEIRA,Solteira,1963-10-27,RJ,FEMININO,Não,,Professor Ii,6099.2,Não,Mensalista,62.0,1048,2
MARACANA,F,RIO DE JANEIRO,BRASILEIRA,Solteira,1963-10-27,RJ,FEMININO,Não,,Professor Ii,8186.6,Não,Mensalista,62.0,1048,1
COSMOS,F,RIO DE JANEIRO,BRASILEIRA,Solteira,1977-07-08,RJ,FEMININO,Não,,Ag. De Educação Infantil,3210.63,Não,Mensalista,48.0,129,0
CABUÇU,F,NOVA IGUACU,Brasileira,Divorciada,1974-04-11,RJ,FEMININO,Não,,Auxiliar De Enfermagem 2° Grau,5760.28,Não,Mensalista,51.0,619,0
SANTA CRUZ,F,RIO DE JANEIRO,Brasileira,Solteiro,1964-11-01,RJ,FEMININO,Não,,Enfermeiro,5088.5,Não,Mensalista,61.0,724,2
MANGUEIRA,F,RIO DE JANEIRO,BRASILEIRA,Casada,1951-01-04,RJ,FEMININO,Não,,Roupeiro,2350.67,Não,Mensalista,74.0,1099,2
ENGENHEIRO BELFORD,F,SAO JOAO DE MERITI,Brasileira,Separada judicialmente,1951-01-15,RJ,FEMININO,Não,,Tec. De Enfermagem,6875.22,Não,Mensalista,74.0,1152,2
ROCHA,F,SAO GONCALO,BRASILEIRA,Casada,1977-11-29,RJ,FEMININO,Não,,Professor Ii,4192.9,Não,Mensalista,48.0,1048,0
MIGUEL COUTO,F,RIO DE JANEIRO,Brasileira,Casada,1962-07-26,RJ,FEMININO,Não,,Aux De Enfermagem,2075.76,Não,Mensalista,63.0,459,3
PIEDADE,F,RIO DE JANEIRO,Brasileira,Divorciada,1959-09-08,RJ,FEMININO,Não,,Aux De Enfermagem 2ª Grau,4920.66,Não,Mensalista,66.0,471,3
SENADOR CAMARA,F,RIO DE JANEIRO,Brasileira,Solteira,1957-03-29,RJ,FEMININO,Não,,Merendeira,1169.43,Não,Mensalista,68.0,812,2
CORDOVIL,F,RIO DE JANEIRO,Brasileira,Solteira,1962-03-01,RJ,FEMININO,Não,,Aux De Enfermagem 2º Grau,4096.86,Não,Mensalista,63.0,474,3
FREGUESIA,F,RIO DE JANEIRO,BRASILEIRA,Casada,1961-12-09,RJ,FEMININO,Não,,Professor Ii,7646.78,Não,Mensalista,64.0,1048,1
FREGUESIA JACAREPAGUA,F,RIO DE JANEIRO,Brasileira,Casada,1961-12-09,RJ,FEMININO,Não,,Prof Ii,7153.8,Não,Mensalista,64.0,930,1
BANGU,F,RIO DE JANEIRO,Brasileira,Solteira,1964-01-01,RJ,FEMININO,Não,,Auxiliar De Enfermagem,3849.22,Não,Mensalista,61.0,608,3
CAMPO GRANDE,F,RIO DE JANEIRO,Brasileira,Viúva,1958-03-16,RJ,FEMININO,Não,,Merendeira,915.6,Não,Mensalista,67.0,812,2
CASCADURA,F,RIO DE JANEIRO,BRASILEIRA,SOLTEIRO,1974-09-08,RJ,FEMININO,Não,,Aux. Creche,882.75,Não,Mensalista,51.0,517,0
JACAREPAGUA,F,RIO DE JANEIRO,Brasileira,Casado,1962-02-04,RJ,FEMININO,Não,,Tec. De Laboratorio,5295.78,Não,Mensalista,63.0,1154,2
TIJUCA,F,RIO DE JANEIRO,Brasileira,Solteira,1962-07-06,RJ,FEMININO,Não,,Professor Ii / Assistente Ii,14405.12,Não,Mensalista,63.0,1050,1
JARDIM TROPICAL,F,NOVA IGUAÇU,BRASILEIRA,Viúva,1953-11-27,RJ,FEMININO,Não,,Merendeira,1396.34,Não,Mensalista,72.0,812,2
QUINTINO BOCAIUVA,F,RIO DE JANEIRO,BRASILEIRA,Casada,1966-05-10,RJ,FEMININO,Não,,Professor I,7780.61,Não,Mensalista,59.0,1028,1
GUADALUPE,F,RIO DE JANEIRO,Brasileira,Viúva,1952-08-07,RJ,FEMININO,Não,,Professor I - Ed. Musical,4247.05,Não,Mensalista,73.0,1031,2
VARGEM GRANDE,F,RIO DE JANEIRO,BRASILEIRA,Solteira,1969-09-01,RJ,FEMININO,Não,,Professor Ii,13590.37,Não,Mensalista,56.0,1048,1
VARGEM GRANDE,F,RIO DE JANEIRO,Brasileira,Solteira,1969-09-01,RJ,FEMININO,Não,,Professor Ii,14608.45,Não,Mensalista,56.0,1048,1
PIEDADE,F,RIO DE JANEIRO,Brasileira,Casado,1949-07-07,RJ,FEMININO,Não,,Professora Matematica,2301.92,Não,Mensalista,76.0,1077,2
AUSTIN,F,NOVA IGUACU,Brasileira,Viúva,1955-08-03,RJ,FEMININO,Não,,Inspetor De Alunos,1739.28,Não,Mensalista,70.0,789,2
PORTUGUESA,F,RIO DE JANEIRO,BRASILEIRA,União Estável,1958-12-01,RJ,FEMININO,Não,,Professor,3588.75,Não,Mensalista,67.0,984,2
BOTAFOGO,F,RIO DE JANEIRO,Brasileira,Divorciado,1945-10-14,RJ,FEMININO,Não,,Especialista De Educação,4285.16,Não,Mensalista,80.0,751,2
BRAZ DE PINA,F,RIO DE JANEIRO,Brasileira,Solteira,1954-11-12,RJ,FEMININO,Não,,Aux De Enfermagem 2º Grau,2595.8,Não,Mensalista,71.0,474,3
SANTA CRUZ,F,RIO DE JANEIRO,BRASILEIRA,Casada,1968-01-01,RJ,FEMININO,Não,,Merendeira,1447.18,Não,Mensalista,57.0,812,0
ROCHA MIRANDA,F,RIO DE JANEIRO,BRASILEIRA,Casada,1951-01-05,RJ,FEMININO,Não,,Professor Ii,2266.33,Não,Mensalista,74.0,1048,2
ROCHA MIRANDA,F,RIO DE JANEIRO,Brasileira,Casada,1951-01-05,RJ,FEMININO,Não,,Professor Ii,1876.84,Não,Mensalista,74.0,1048,2
BOTAFOGO,F,RIO DE JANEIRO,BRASILEIRA,Solteira,1946-07-14,RJ,FEMININO,Não,,Auxiliar De Enfermagem,4283.46,Não,Mensalista,79.0,608,3
BANGU,F,RIO DE JANEIRO,Brasileira,Casado,1952-01-12,RJ,FEMININO,Não,,Agente Comunitario Nivel I,1769.68,Não,Mensalista,73.0,199,3
CURICICA,F,RIO DE JANEIRO,BRASILEIRA,Divorciada,1949-02-02,RJ,FEMININO,Não,,Professor Ii,6392.95,Não,Mensalista,76.0,1048,2
CURICICA,F,RIO DE JANEIRO,Brasileira,Divorciada,1949-02-02,RJ,FEMININO,Não,,Prof Ii,9199.3,Não,Mensalista,76.0,930,1
TIJUCA,F,RIO DE JANEIRO,BRASILEIRA,Solteira,1971-03-01,RJ,FEMININO,Não,,Professor Ii,6628.04,Não,Mensalista,54.0,1048,1
TIJUCA,F,RIO DE JANEIRO,BRASILEIRA,Solteira,1971-03-01,RJ,FEMININO,Não,,Professor Ii,6628.04,Não,Mensalista,54.0,1048,1
VILA ISABEL,F,RIO DE JANEIRO,BRASILEIRA,Solteira,1950-04-18,RJ,FEMININO,Não,,Servente,763.0,Não,Mensalista,75.0,1116,2
SANTA ROSA,F,NITERÓI,Brasileira,Casada,1966-02-15,RJ,FEMININO,Não,,Professor Ii,8555.83,Não,Mensalista,59.0,1048,1
SANTA ROSA,F,NITEROI,BRASILEIRA,Casada,1966-02-15,RJ,FEMININO,Não,,Professor Ii,8555.83,Não,Mensalista,59.0,1048,1
CAMPO GRANDE,F,RIO DE JANEIRO,Brasileira,Casado,1952-09-08,RJ,FEMININO,Não,,Agente Comunitario,2773.6,Não,Mensalista,73.0,198,3
BOTAFOGO,F,NOVA IGUAÇU,Brasileira,Solteira,1955-12-19,RJ,FEMININO,Não,,Aposentada,1787.83,Não,Mensalista,70.0,294,3
HIGIENOPOLIS,F,RIO DE JANEIRO,Brasileira,Casada,1945-03-23,RJ,FEMININO,Não,,Professor Ii,1735.59,Não,Mensalista,80.0,1048,2
SÃO CRISTOVÃO,F,RIO DE JANEIRO,Brasileira,Casada,1961-07-21,RJ,FEMININO,Não,,Aux. De Enfermagem,2107.15,Não,Mensalista,64.0,525,3
FONSECA,F,NITEROI,Brasileira,Solteiro,1968-02-23,RJ,FEMININO,Não,,Aux. De Enfermagem,4003.33,Não,Mensalista,57.0,525,0
RIO DO OURO,F,SAO GONCALO,BRASILEIRA,Casada,1980-10-14,RJ,FEMININO,Não,Risco PLD/FT Baixo,Prof I Lingua Portuguesa,9317.56,Não,Mensalista,45.0,924,1
CAMPO GRANDE,F,RIO DE JANEIRO,Brasileira,Solteira,1982-07-29,RJ,FEMININO,Não,,Merendeira,871.78,Não,Mensalista,43.0,812,0
INHOAIBA,F,RIO DE JANEIRO,BRASILEIRA,Solteira,1982-05-21,RJ,FEMININO,Não,,Professor Ii,16267.06,Não,Mensalista,43.0,1048,1
INHOAIBA,F,RIO DE JANEIRO,BRASILEIRA,Solteira,1982-05-21,RJ,FEMININO,Não,,Professor Ii,12841.0,Não,Mensalista,43.0,1048,1
OLARIA,F,RIO DE JANEIRO,BRASILEIRA,Casada,1975-07-09,RJ,FEMININO,Não,,Prof De Educaçao Infantil Ii,9705.05,Não,Mensalista,50.0,885,1
OLARIA,F,RIO DE JANEIRO,BRASILEIRA,Casada,1975-07-09,RJ,FEMININO,Não,,Professor Ii,9739.48,Não,Mensalista,50.0,1048,1
VILA ISABEL,F,RIO DE JANEIRO,Brasileira,Solteiro,1968-12-06,RJ,FEMININO,Não,,Professora,4106.0,Não,Mensalista,57.0,1070,2
CAMPO GRANDE,F,RIO DE JANEIRO,BRASILEIRA,Solteira,1982-09-30,RJ,FEMININO,Não,,Ag. De Educação Infantil,3114.64,Não,Mensalista,43.0,129,0
PENHA CIRCULAR,F,RIO DE JANEIRO,BRASILEIRA,Solteira,1969-02-13,RJ,FEMININO,Não,,Professor Ii,6345.79,Não,Mensalista,56.0,1048,1
PENHA CIRCULAR,F,RIO DE JANEIRO,BRASILEIRA,Solteiro,1969-02-13,RJ,FEMININO,Não,,Professor,5399.83,Não,Mensalista,56.0,984,0
PENHA CIRCULAR,F,RIO DE JANEIRO,BRASILEIRA,Solteira,1973-05-30,RJ,FEMININO,Não,,Professor Ii,6451.21,Não,Mensalista,52.0,1048,1
FREGUESIA,F,RIO DE JANEIRO,BRASILEIRA,Separada judicialmente,1965-01-28,RJ,FEMININO,Não,,Professor Ii,3011.95,Não,Mensalista,60.0,1048,2
BOQUEIRAO,F,SAQUAREMA,BRASILEIRA,Divorciada,1970-04-20,RJ,FEMININO,Não,,Professor Ii,1155.0,Não,Mensalista,55.0,1048,2
COSMOS,F,RIO DE JANEIRO,BRASILEIRA,Casada,1983-12-01,RJ,FEMININO,Não,,Professor Ii,3221.34,Não,Mensalista,42.0,1048,0
TIJUCA,F,RIO DE JANEIRO,Brasileira,Separada judicialmente,1975-09-15,RJ,FEMININO,Não,,Professora,2712.32,Não,Mensalista,50.0,1070,0
VISTA ALEGRE,F,RIO DE JANEIRO,Brasileira,Casada,1980-02-28,RJ,FEMININO,Não,,Aux. De Laboratorio,3531.46,Não,Mensalista,45.0,551,0
VISTA ALEGRE,F,RIO DE JANEIRO,BRASILEIRA,Solteiro,1973-04-02,RJ,FEMININO,Não,Risco PLD/FT Baixo,Cargo Em Comissão,7000.0,Não,Mensalista,52.0,662,0
COELHO NETO,F,RIO DE JANEIRO,BRASILEIRA,Solteiro,1973-01-06,RJ,FEMININO,Não,Risco PLD/FT Baixo,Assessor,5000.0,Não,Mensalista,52.0,407,0
VILA CARANGA,F,ARMACAO DOS BUZIOS,BRASILEIRA,Solteiro,1965-01-05,RJ,FEMININO,Não,Risco PLD/FT Baixo,Professor Docente I - 18 Hora,4618.13,Não,,60.0,1013,2
CAMPO GRANDE,F,RIO DE JANEIRO,BRASILEIRA,Divorciada,1981-05-04,RJ,FEMININO,Não,,Professor Ii,9012.38,Não,Mensalista,44.0,1048,1
CAMPO GRANDE,F,RIO DE JANEIRO,Brasileira,Divorciada,1981-05-04,RJ,FEMININO,Não,,Professor Ii,9012.38,Não,Mensalista,44.0,1048,1
JARDIM AMERICA,F,RIO DE JANEIRO,Brasileira,Divorciada,1963-05-17,RJ,FEMININO,Não,,Prof Ii,7901.67,Não,Mensalista,62.0,930,1
CAMPO GRANDE,F,RIO DE JANEIRO,BRASILEIRA,Solteira,1985-06-18,RJ,FEMININO,Não,,Professor De Educação Infantil,6312.17,Não,Mensalista,40.0,998,0
CUBANGO,F,NITEROI,BRASILEIRA,Solteira,1966-07-15,RJ,FEMININO,Não,,Agente De Ed. Infantil,3495.42,Não,Mensalista,59.0,230,3
BANGU,F,RIO DE JANEIRO,BRASILEIRA,Solteira,1968-05-30,RJ,FEMININO,Não,,Ag Educação Infantil,2777.67,Não,Mensalista,57.0,70,3
SANTA CRUZ,F,RIO DE JANEIRO,BRASILEIRA,Casada,1974-02-16,RJ,FEMININO,Não,,Ag. De Educação Infantil,2842.47,Não,Mensalista,51.0,129,0
BANGU,F,RIO DE JANEIRO,BRASILEIRA,Solteira,1988-02-05,RJ,FEMININO,Não,,Aux De Controle De Endemias,2253.22,Não,Mensalista,37.0,452,0
PENHA CIRCULAR,F,RIO DE JANEIRO,BRASILEIRA,Casada,1974-05-20,RJ,FEMININO,Não,,Merendeira,1693.58,Não,Mensalista,51.0,812,0
VILA VALQUEIRE,F,RIO DE JANEIRO,BRASILEIRA,Casada,1973-11-10,RJ,FEMININO,Não,,Merendeira,1555.11,Não,Mensalista,52.0,812,0
BRAZ DE PINA,F,RIO DE JANEIRO,BRASILEIRA,Solteira,1983-06-07,RJ,FEMININO,Não,,Professor Ii,7014.84,Não,Mensalista,42.0,1048,0
VILAR DOS TELLES,F,SÃO JOÃO DE MERITI,BRASILEIRA,Solteira,1970-12-03,RJ,FEMININO,Não,,Aux De Enfermagem,2684.69,Não,Mensalista,55.0,459,0
CASCADURA,F,RIO DE JANEIRO,BRASILEIRA,Solteira,1987-06-07,RJ,FEMININO,Não,,Aux. De Enfermagem,2432.35,Não,Mensalista,38.0,525,0
GUARATIBA,F,RIO DE JANEIRO,Brasileira,Casado,1971-04-25,RJ,FEMININO,Não,,Merendeira,968.51,Não,Mensalista,54.0,812,0
SANTA CRUZ,F,RIO DE JANEIRO,BRASILEIRA,Casada,1977-03-11,RJ,FEMININO,Não,,Agente Aux De Creche,1020.96,Não,Mensalista,48.0,184,0
SANTA CRUZ,F,RIO DE JANEIRO,BRASILEIRA,Solteira,1966-12-07,RJ,FEMININO,Não,,Professor Ii,7588.72,Não,Mensalista,59.0,1048,1
SANTA CRUZ,F,RIO DE JANEIRO,BRASILEIRA,Solteira,1966-12-07,RJ,FEMININO,Não,,Professor Ii,7588.72,Não,Mensalista,59.0,1048,1
CENTRO,F,ITABORAI,BRASILEIRA,Solteira,1979-11-05,RJ,FEMININO,Não,,Ag De Administração,8779.57,Não,Mensalista,46.0,40,0
LEOPOLDINA,F,RIO DE JANEIRO,Brasileira,Solteira,1968-05-18,RJ,FEMININO,Não,,Aux. De Enfermagem,2234.42,Não,Mensalista,57.0,525,0
ROCHA MIRANDA,F,RIO DE JANEIRO,BRASILEIRA,Solteira,1973-05-02,RJ,FEMININO,Não,Risco PLD/FT Baixo,Professor Ii,3822.9,Não,Mensalista,52.0,1048,0
VILA ISABEL,F,RIO DE JANEIRO,BRASILEIRA,Solteira,1969-06-05,RJ,FEMININO,Não,,Professor Ii,8357.83,Não,Mensalista,56.0,1048,1
VILA ISABEL,F,RIO DE JANEIRO,BRASILEIRA,Solteira,1969-06-05,RJ,FEMININO,Não,,Professor Ii,8357.83,Não,Mensalista,56.0,1048,1
SEPETIBA,F,RIO DE JANEIRO,BRASILEIRA,Divorciada,1978-06-02,RJ,FEMININO,Não,,Professor Ii,7735.86,Não,Mensalista,47.0,1048,1
SEPETIBA,F,RIO DE JANEIRO,Brasileira,Divorciada,1978-06-02,RJ,FEMININO,Não,,Professor Ii,7735.86,Não,Mensalista,47.0,1048,1
IRAJA,F,RIO DE JANEIRO,BRASILEIRA,Solteira,1979-11-23,RJ,FEMININO,Não,,Agente Educador Ii,1716.43,Não,Mensalista,46.0,268,0
HONORIO GURGEL,F,RIO DE JANEIRO,Brasileira,Solteira,1974-04-24,RJ,FEMININO,Não,,Professora Ii,5256.99,Não,Mensalista,51.0,1074,0
HONORIO GURGEL,F,RIO DE JANEIRO,BRASILEIRA,Solteira,1974-04-24,RJ,FEMININO,Não,,Professor Ii,5256.99,Não,Mensalista,51.0,1048,0
ANIL,F,RIO DE JANEIRO,Brasileira,Casada,1976-03-26,RJ,FEMININO,Não,,Professor,9016.66,Não,Mensalista,49.0,984,1
COSMOS,F,RIO DE JANEIRO,Brasileira,Solteiro,1980-11-03,RJ,FEMININO,Não,,Prof.Ii,3498.36,Não,Mensalista,45.0,977,0
QUINTINO BOCAIUVA,F,RIO DE JANEIRO,BRASILEIRA,Viúva,1958-03-08,RJ,FEMININO,Não,,Professor I,4547.76,Não,Mensalista,67.0,1028,2
QUINTINO BOCAIUVA,F,RIO DE JANEIRO,Brasileira,Viúva,1958-03-08,RJ,FEMININO,Não,,Professor Ii,8186.6,Não,Mensalista,67.0,1048,1
BANGU,F,RIO DE JANEIRO,Brasileira,Solteiro,1970-05-15,RJ,FEMININO,Não,,Aux De Enfermagem 2° Grau,3035.5,Não,Mensalista,55.0,473,0
VILA KOSMOS,F,RIO DE JANEIRO,Brasileira,Solteiro,1958-01-06,RJ,FEMININO,Não,,Aux. De Enfermagem,2174.28,Não,Mensalista,67.0,525,3
REALENGO,F,RIO DE JANEIRO,BRASILEIRA,Solteira,1953-05-22,RJ,FEMININO,Não,,Prof. I - Matem. / Diprofessor,4409.92,Não,Mensalista,72.0,963,2
CASCADURA,F,RIO DE JANEIRO,Brasileira,Casada,1958-11-02,RJ,FEMININO,Não,,Merendeira,2012.73,Não,Mensalista,67.0,812,2
CAMPO GRANDE,F,RIO DE JANEIRO,BRASILEIRA,Casada,1968-05-29,RJ,FEMININO,Não,,Professor Ii,13736.89,Não,Mensalista,57.0,1048,1
CAMPO GRANDE,F,RIO DE JANEIRO,BRASILEIRA,Casada,1968-05-29,RJ,FEMININO,Não,,Professor Ii,13736.89,Não,Mensalista,57.0,1048,1
PACIENCIA,F,RIO DE JANEIRO,BRASILEIRA,Casada,1967-08-02,RJ,FEMININO,Não,,Aux De Enfermagem 2º Grau,2753.31,Não,Mensalista,58.0,474,3
PENHA,F,RIO DE JANEIRO,Brasileira,Divorciada,1962-03-11,RJ,FEMININO,Não,,Enfermeiro,3293.9,Não,Mensalista,63.0,724,2
CAMPO GRANDE,F,RIO DE JANEIRO,BRASILEIRA,Solteira,1978-03-01,RJ,FEMININO,Não,,Agente De Educaçao Infantil,3081.35,Não,Mensalista,47.0,235,0
INHOAIBA,F,RIO DE JANEIRO,BRASILEIRA,Divorciada,1969-08-17,RJ,FEMININO,Não,,Auxiliar De Enfermagem,4364.91,Não,Mensalista,56.0,608,0
NEVES,F,RIO DE JANEIRO,Brasileira,União Estável,1967-01-08,RJ,FEMININO,Não,,Auxiliar De Enfermagem,3059.12,Não,Mensalista,58.0,608,0
INHOAIBA,F,RIO DE JANEIRO,Brasileira,Viúvo,1963-01-09,RJ,FEMININO,Não,,Servente,826.23,Não,Mensalista,62.0,1116,2
SANTA CRUZ,F,RIO DE JANEIRO,Brasileira,Solteira,1962-01-20,RJ,FEMININO,Não,,Prof. De Educação Infantil,2874.03,Não,Mensalista,63.0,952,2
SANTA ROSA,F,NITEROI,BRASILEIRA,Solteira,1966-01-30,RJ,FEMININO,Não,,Professora,4510.86,Não,Mensalista,59.0,1070,2
SANTA ROSA,F,NITEROI,Brasileira,Solteira,1966-01-30,RJ,FEMININO,Não,,Professora,4510.86,Não,Mensalista,59.0,1070,2
VILA ISABEL,F,RIO DE JANEIRO,BRASILEIRA,Separada judicialmente,1969-06-08,RJ,FEMININO,Não,,Professor Ii,9006.93,Não,Mensalista,56.0,1048,1
TAQUARA,F,RIO DE JANEIRO,Brasileira,Solteiro,1956-06-29,RJ,MASCULINO,Não,,Art De Alv En.Epintura,2949.18,Não,Mensalista,69.0,302,3
MEIER,F,RIO DE JANEIRO,Brasileira,Solteiro,1980-07-22,RJ,MASCULINO,Não,,Ag. De Administração,2165.08,Não,Mensalista,45.0,109,0
LINS DE VASCONCELOS,F,RIO DE JANEIRO,BRASILEIRA,SOLTEIRO,1963-10-11,RJ,MASCULINO,Não,,Aux. De Enfermagem,2389.94,Não,Mensalista,62.0,525,3
PARADA DE LUCAS,F,RIO DE JANEIRO,BRASILEIRA,Solteiro,1982-06-28,RJ,MASCULINO,Não,Risco PLD/FT Baixo,3º Sargento Pm,2820.72,Não,Mensalista,43.0,11,0
BANCO DE AREIA,F,MESQUITA,Brasileira,Divorciado,1968-06-05,RJ,MASCULINO,Não,,Ag De Portaria,3206.33,Não,Mensalista,57.0,56,3
VILA VALQUEIRE,F,RIO DE JANEIRO,BRASILEIRA,Solteiro,1979-03-18,RJ,MASCULINO,Não,Risco PLD/FT Baixo,Agente Educador,1929.19,Não,Mensalista,46.0,267,0
PARQUE AURORA,F,CAMPOS DE GOYTACAZES,BRASILEIRA,Solteiro,1980-12-17,RJ,MASCULINO,Não,Risco PLD/FT Baixo,Assistente,7900.0,Não,Mensalista,45.0,421,0
OLARIA,F,RIO DE JANEIRO,BRASILEIRA,Solteiro,1987-06-01,RJ,MASCULINO,Não,Risco PLD/FT Baixo,Gari,2697.0,Não,Mensalista,38.0,769,0
CENTRO,F,MURIAÉ,BRASILEIRA,Solteiro,1980-09-22,MG,MASCULINO,Não,Risco PLD/FT Baixo,1º Sargento,13177.7,Não,Mensalista,45.0,1,1
SAMPAIO,F,RIO DE JANEIRO,BRASILEIRA,Casado,1979-01-26,RJ,MASCULINO,Não,,Tecnico De Laboratorio,4185.83,Não,Mensalista,46.0,1176,0
CORDOVIL,F,RIO DE JANEIRO,BRASILEIRA,Solteiro,1980-12-07,RJ,MASCULINO,Não,,Ag. De Educação Infantil,3590.49,Não,Mensalista,45.0,129,0
DUQUE DE CAXIAS,F,RIO DE JANEIRO,Brasileira,Casado,1967-11-21,RJ,MASCULINO,Não,,Militar - Pm,3405.82,Não,Mensalista,58.0,822,0
TURIAÇU,F,RIO DE JANEIRO,BRASILEIRA,Solteiro,1981-08-21,RJ,MASCULINO,Não,,Professor De Ensino Fundamenta,9995.39,Não,Mensalista,44.0,1001,1
OLARIA,F,RIO DE JANEIRO,Brasileira,União Estável,1966-08-16,RJ,MASCULINO,Não,,Aux Deadministração,1598.67,Não,Mensalista,59.0,504,3
PENHA CIRCULAR,F,RIO DE JANEIRO,BRASILEIRA,Solteiro,1974-04-07,RJ,MASCULINO,Não,,Agente De Administação,6089.95,Não,Mensalista,51.0,212,0
PENHA CIRCULAR,F,RIO DE JANEIRO,Brasileira,Solteiro,1958-03-31,RJ,MASCULINO,Não,,Agente De Administração,2098.41,Não,Mensalista,67.0,216,3
OLARIA,F,RIO DE JANEIRO,BRASILEIRA,Solteiro,1989-02-11,RJ,MASCULINO,Não,Risco PLD/FT Baixo,Soldado Pm,6380.66,Não,Mensalista,36.0,1130,0
IPIRANGA,F,NOVA IGUAÇU,BRASILEIRA,Solteiro,1982-11-26,RJ,MASCULINO,Não,Risco PLD/FT Baixo,Professor Docente I - 30 Horas,7361.37,Não,Mensalista,43.0,1015,1
BENFICA,F,RIO DE JANEIRO,Brasileira,Casado,1966-04-22,RJ,MASCULINO,Não,,Agente De Vigilancia,3317.78,Não,Mensalista,59.0,259,3
EDSON PASSOS,F,MESQUITA,Brasileira,Solteiro,1959-11-30,RJ,MASCULINO,Não,,Trabalhador,1287.2,Não,Mensalista,66.0,1202,2
BANGU,F,RIO DE JANEIRO,BRASILEIRA,Divorciada,1970-07-24,RJ,FEMININO,Não,,Merendeira,3088.47,Não,Mensalista,55.0,812,0
PACIENCIA,F,RIO DE JANEIRO,Brasileira,Divorciado,1971-01-14,RJ,FEMININO,Não,,Merendeira,1839.12,Não,Mensalista,54.0,812,0
ANDARAI,F,RIO DE JANEIRO,BRASILEIRA,Casada,1977-02-15,RJ,FEMININO,Não,,Agente De Educação Infantil,6280.98,Não,Mensalista,48.0,237,0
TAQUARA,F,RIO DE JANEIRO,BRASILEIRA,Casada,1968-03-25,RJ,FEMININO,Não,,Aux De Enfermagem 2º Grau,1234.78,Não,Mensalista,57.0,474,0
URCA,F,RIO DE JANEIRO,Brasileira,Casado,1964-04-11,RJ,FEMININO,Não,,Tec. Ass. Educacional,5088.0,Não,Mensalista,61.0,1150,2
PADRE MIGUEL,F,RIO DE JANEIRO,Brasileira,Divorciada,1969-07-17,RJ,FEMININO,Não,,Aux De Enfermagem 2º Grau,3093.18,Não,Mensalista,56.0,474,0
VILA VALQUEIRE,F,RIO DE JANEIRO,BRASILEIRA,Solteira,1970-09-25,RJ,FEMININO,Não,,Professor Ii,15174.47,Não,Mensalista,55.0,1048,1
VILA VALQUEIRE,F,RIO DE JANEIRO,BRASILEIRA,Solteira,1970-09-25,RJ,FEMININO,Não,,Professor Ii,7821.75,Não,Mensalista,55.0,1048,1
PENHA CIRCULAR,F,RIO DE JANEIRO,Brasileira,Casada,1969-02-04,RJ,FEMININO,Não,,Merendeira,2399.89,Não,Mensalista,56.0,812,0
SANTA CRUZ,F,RIO DE JANEIRO,Brasileira,Casado,1967-07-01,RJ,FEMININO,Não,,Professora Ii,6214.62,Não,Mensalista,58.0,1074,1
TAUA,F,RIO DE JANEIRO,BRASILEIRA,Solteira,1969-11-10,RJ,FEMININO,Não,,Merendeira,2759.9,Não,Mensalista,56.0,812,0
IRAJA,F,RIO DE JANEIRO,BRASILEIRA,Viúva,1977-05-19,RJ,FEMININO,Não,,Professor Ii,9121.4,Não,Mensalista,48.0,1048,1
IRAJA,F,RIO DE JANEIRO,BRASILEIRA,Viúva,1977-05-19,RJ,FEMININO,Não,,Professora Ii,9121.4,Não,Mensalista,48.0,1074,1
SANTISSIMO,F,RIO DE JANEIRO,BRASILEIRA,Casada,1972-02-27,RJ,FEMININO,Não,,Aux De Enfermagem 2º Grau,6206.46,Não,Mensalista,53.0,474,0
CAMPO GRANDE,F,RIO DE JANEIRO,BRASILEIRA,Divorciada,1976-06-23,RJ,FEMININO,Não,,Aux De Enfermagem 2º Grau,3955.12,Não,Mensalista,49.0,474,0
FANCHEM,F,QUEIMADOS,BRASILEIRA,Solteira,1973-07-29,RJ,FEMININO,Não,,Ag De Educação Infantil,3814.13,Não,Mensalista,52.0,55,3
CAMPO GRANDE,F,RIO DE JANEIRO,BRASILEIRA,Solteira,1972-07-09,RJ,FEMININO,Não,,Prof I -Espanhol,7032.19,Não,Mensalista,53.0,915,1
BRAZ DE PINA,F,RIO DE JANEIRO,BRASILEIRA,Solteira,1976-06-17,RJ,FEMININO,Não,,Merendeira,2547.83,Não,Mensalista,49.0,812,0
FREGUESIA,F,RIO DE JANEIRO,BRASILEIRA,Casada,1972-02-05,RJ,FEMININO,Não,,Ag. De Administração/Chefe I,7025.76,Não,Mensalista,53.0,112,3
CAMPO GRANDE,F,RIO DE JANEIRO,BRASILEIRA,Solteira,1975-09-24,RJ,FEMININO,Não,,Merendeira,2494.98,Não,Mensalista,50.0,812,0
SEPETIBA,F,RIO DE JANEIRO,Brasileira,Solteira,1971-05-28,RJ,FEMININO,Não,,Aux De Enfermagem 2º Grau,4595.63,Não,Mensalista,54.0,474,0
SENADOR CAMARA,F,RIO DE JANEIRO,Brasileira,Casada,1973-07-29,RJ,FEMININO,Não,,Aux De Enfermagem 2º Grau,3098.69,Não,Mensalista,52.0,474,0
SANTA CRUZ,F,RIO DE JANEIRO,Brasileira,Divorciado,1960-07-14,RJ,FEMININO,Não,,Professor,2868.02,Não,Mensalista,65.0,984,2
TRIBOBO,F,SAO GONCALO,Brasileira,Casado,1972-09-05,RJ,FEMININO,Não,,Aux. De Enfermagem 2 Grau,3004.74,Não,Mensalista,53.0,535,0
VILA ISABEL,F,RIO DE JANEIRO,BRASILEIRA,Divorciada,1975-10-16,RJ,FEMININO,Não,,Agente De Educação Infantil,2931.26,Não,Mensalista,50.0,237,0
PEIXE DOURADO II,F,RIO DAS OSTRAS,BRASILEIRA,Solteira,1964-12-05,RJ,FEMININO,Não,,Aux De Enfermagem 2º Grau,4172.65,Não,Mensalista,61.0,474,3
VILA ISABEL,F,RIO DE JANEIRO,BRASILEIRA,Divorciada,1972-05-17,RJ,FEMININO,Não,,Professor Ii,13348.31,Não,Mensalista,53.0,1048,1
VILA ISABEL,F,RIO DE JANEIRO,BRASILEIRA,Divorciada,1972-05-17,RJ,FEMININO,Não,,Professor Ii,13348.31,Não,Mensalista,53.0,1048,1
SÃO CRISTOVÃO,F,RIO DE JANEIRO,Brasileira,Solteira,1966-02-12,RJ,FEMININO,Não,,Professor Ii,9730.9,Não,Mensalista,59.0,1048,1
PACHECO,F,RIO DE JANEIRO,BRASILEIRA,Casado,1961-06-16,RJ,MASCULINO,Não,,Ag De Administração,2677.81,Não,Mensalista,64.0,40,3
PEDRA DE GUARATIBA,F,RIO DE JANEIRO,BRASILEIRA,SOLTEIRO,1962-03-01,RJ,FEMININO,Não,,Professor,3169.99,Não,Mensalista,63.0,984,2
REALENGO,F,RIO DE JANEIRO,Brasileira,Casada,1969-12-17,RJ,FEMININO,Não,,Servente/Assist. I,9896.2,Não,Mensalista,56.0,1123,1
ENCANTADO,F,RIO DE JANEIRO,BRASILEIRA,Casada,1973-12-07,RJ,FEMININO,Não,,Professor Ii,9048.67,Não,Mensalista,52.0,1048,1
PRAIA DA BANDEIRA,F,RIO DE JANEIRO,BRASILEIRA,Casada,1965-08-15,RJ,FEMININO,Não,,Professor Ii,8910.53,Não,Mensalista,60.0,1048,1
TIJUCA,F,RIO DE JANEIRO,BRASILEIRA,Casada,1964-12-26,RJ,FEMININO,Não,,Enfermeiro,6783.98,Não,Mensalista,61.0,724,1
ALTO DA BOA VISTA,F,RIO DE JANEIRO,BRASILEIRA,Solteira,1969-06-15,RJ,FEMININO,Não,,Professor Ii,12945.71,Não,Mensalista,56.0,1048,1
CAMPO GRANDE,F,RIO DE JANEIRO,BRASILEIRA,Solteira,1973-06-10,RJ,FEMININO,Não,,Professor Ii,7319.63,Não,Mensalista,52.0,1048,1
SANTISSIMO,F,RIO DE JANEIRO,Brasileira,Casada,1971-05-13,RJ,FEMININO,Não,,Aux De Enfermagem 2º Grau,3041.87,Não,Mensalista,54.0,474,0
SÃO FRANCISCO BRAZ,F,PORCIUNCULA,BRASILEIRA,Casada,1965-11-02,RJ,FEMININO,Não,,Professor Ii,8186.6,Não,Mensalista,60.0,1048,1
SÃO FRANCISCO BRAZ,F,PORCIUNCULA,BRASILEIRA,Casada,1965-11-02,RJ,FEMININO,Não,,Professor Ii,7319.63,Não,Mensalista,60.0,1048,1
SANTA ROSA,F,NITEROI,BRASILEIRA,Solteiro,1971-01-29,RJ,FEMININO,Não,Risco PLD/FT Baixo,Aux De Procuradoria,17503.26,Não,Mensalista,54.0,490,1
LEOPOLDINA,F,CURITIBA,Brasileira,Casado,1970-09-17,PR,FEMININO,Não,,Aux. De Enfermagem,1281.39,Não,Mensalista,55.0,525,0
PIEDADE,F,RIO DE JANEIRO,BRASILEIRA,Solteira,1968-01-28,RJ,FEMININO,Não,,Professor Ii,10414.38,Não,Mensalista,57.0,1048,1
PIEDADE,F,RIO DE JANEIRO,Brasileira,Solteira,1968-01-28,RJ,FEMININO,Não,,Professor Ii,10414.38,Não,Mensalista,57.0,1048,1
PACIENCIA,F,RIO DE JANEIRO,Brasileira,Casada,1971-01-24,RJ,FEMININO,Não,,Merendeira,1396.34,Não,Mensalista,54.0,812,0
REALENGO,F,RIO DE JANEIRO,BRASILEIRA,Casada,1972-11-03,RJ,FEMININO,Não,,Aux De Enfermagem-2ºgrau,2425.44,Não,Mensalista,53.0,481,0
BRAZ DE PINA,F,RIO DE JANEIRO,BRASILEIRA,Casada,1979-05-08,RJ,FEMININO,Não,,Professor De Ensino Fundamenta,10548.45,Não,Mensalista,46.0,1001,1
CAMPO GRANDE,F,RIO DE JANEIRO,BRASILEIRA,Solteiro,1981-07-09,RJ,FEMININO,Não,Risco PLD/FT Baixo,Agente Educador Ii,2061.36,Não,Mensalista,44.0,268,0
CASCADURA,F,RIO DE JANEIRO,BRASILEIRA,Solteira,1968-08-10,RJ,FEMININO,Não,,Professor Ii,10069.89,Não,Mensalista,57.0,1048,1
ENGENHO DE DENTRO,F,RIO DE JANEIRO,BRASILEIRA,Solteiro,1981-05-07,RJ,FEMININO,Não,Risco PLD/FT Baixo,Prof I - Ingles,6641.85,Não,Mensalista,44.0,906,0
TURIAÇU,F,RIO DE JANEIRO,Brasileira,Casado,1967-04-26,RJ,FEMININO,Não,,Aux. De Enf.,3843.56,Não,Mensalista,58.0,522,0
JARDIM SANTA ROSA,F,SÃO JOÃO DE MERITI,Brasileira,Casada,1967-07-28,RJ,FEMININO,Não,,Aux De Enfermagem 2º Grau,4176.33,Não,Mensalista,58.0,474,3
PACIENCIA,F,RIO DE JANEIRO,BRASILEIRA,SOLTEIRO,1977-06-30,RJ,FEMININO,Não,,Professor,2973.2,Não,Mensalista,48.0,984,0
ROCHA MIRANDA,F,RIO DE JANEIRO,BRASILEIRA,Solteira,1976-07-20,RJ,FEMININO,Não,,Merendeira,2109.0,Não,Mensalista,49.0,812,0
REALENGO,F,RIO DE JANEIRO,BRASILEIRA,Casada,1973-02-28,RJ,FEMININO,Não,,Auxiliar De Enfernagem,6278.33,Não,Mensalista,52.0,629,0
PACIENCIA,F,RIO DE JANEIRO,BRASILEIRA,Solteira,1971-06-12,RJ,FEMININO,Não,,Merendeira,2650.81,Não,Mensalista,54.0,812,0
TAQUARA,F,RIO DE JANEIRO,BRASILEIRA,Divorciada,1965-07-11,RJ,FEMININO,Não,,Professor Ii,15093.17,Não,Mensalista,60.0,1048,1
TAQUARA,F,RIO DE JANEIRO,BRASILEIRA,Divorciada,1965-07-11,RJ,FEMININO,Não,,Professor Ii,15093.17,Não,Mensalista,60.0,1048,1
BOTAFOGO,F,RIO DE JANEIRO,BRASILEIRA,Solteira,1963-09-10,RJ,FEMININO,Não,,Aux. De Enfermagem,4243.13,Não,Mensalista,62.0,525,3
SEPETIBA,F,RIO DE JANEIRO,Brasileira,Casada,1958-03-11,RJ,FEMININO,Não,,Aposentada,3197.18,Não,Mensalista,67.0,294,3
BANGU,F,RIO DE JANEIRO,Brasileira,Solteiro,1961-08-16,RJ,MASCULINO,Não,,Agente De Vigilancia,767.96,Não,Mensalista,64.0,259,3
GUARATIBA,F,RIO DE JANEIRO,BRASILEIRA,Casada,1976-09-29,RJ,FEMININO,Não,,Agente De Educação Infantil,3236.52,Não,Mensalista,49.0,237,0
REALENGO,F,RIO DE JANEIRO,BRASILEIRA,SOLTEIRO,1955-10-14,RJ,FEMININO,Não,,Professor,3658.96,Não,Mensalista,70.0,984,2
BANGU,F,RIO DE JANEIRO,BRASILEIRA,Solteira,1966-05-11,RJ,FEMININO,Não,,Professor Ii,10068.79,Não,Mensalista,59.0,1048,1
BANGU,F,RIO DE JANEIRO,Brasileira,Solteira,1966-05-11,RJ,FEMININO,Não,,Professor Ii,10327.42,Não,Mensalista,59.0,1048,1
PENHA CIRCULAR,F,RIO DE JANEIRO,BRASILEIRA,Casada,1964-08-16,RJ,FEMININO,Não,,Professor Ii,4693.81,Não,Mensalista,61.0,1048,2
PENHA CIRCULAR,F,RIO DE JANEIRO,BRASILEIRA,Casada,1964-08-16,RJ,FEMININO,Não,,Professor Ii,4693.81,Não,Mensalista,61.0,1048,2
ALTO DA BOA VISTA,F,RIO DE JANEIRO,BRASILEIRA,SOLTEIRO,1986-10-04,RJ,FEMININO,Não,,Auxiliar De Contas A Pagar,1500.0,Não,Mensalista,39.0,602,0
COSMOS,F,RIO DE JANEIRO,BRASILEIRA,Solteiro,1989-12-29,RJ,FEMININO,Não,,Agente De Educação Infantil,1494.09,Não,Mensalista,36.0,237,0
LEOPOLDINA,F,RIO DE JANEIRO,Brasileira,Solteiro,1976-03-13,RJ,FEMININO,Não,,Nomeado Cargo Comis.,4203.16,Não,Mensalista,49.0,835,0
INHAUMA,F,RIO DE JANEIRO,Brasileira,Solteiro,1941-07-19,RJ,FEMININO,Não,,Aux Enfermagem Inativo,3968.68,Não,Mensalista,84.0,509,3
LINS DE VASCONCELOS,F,RIO DE JANEIRO,BRASILEIRA,Solteiro,1973-04-04,RJ,MASCULINO,Não,Risco PLD/FT Baixo,Professor Docente I - 18 Horas,3745.19,Não,Mensalista,52.0,1014,0
BANGU,F,RIO DE JANEIRO,Brasileira,Solteira,1955-01-06,RJ,FEMININO,Não,,Agente De Administração,5897.23,Não,Mensalista,70.0,216,3
PAVUNA,F,RIO DE JANEIRO,Brasileira,Solteira,1969-09-08,RJ,FEMININO,Não,,Auxiliar De Enfermagem,1936.83,Não,Mensalista,56.0,608,0
REALENGO,F,RIO DE JANEIRO,BRASILEIRA,Casada,1958-02-21,RJ,FEMININO,Não,,Servente,1951.92,Não,Mensalista,67.0,1116,2
PIEDADE,F,RIO DE JANEIRO,BRASILEIRA,Casada,1957-09-08,RJ,FEMININO,Não,,Aposentada,6099.2,Não,Mensalista,68.0,294,3
CAMPO GRANDE,F,RIO DE JANEIRO,Brasileira,Casado,1955-06-16,RJ,FEMININO,Não,,Prof. Ii,2971.98,Não,Mensalista,70.0,968,2
BANGU,F,RIO DE JANEIRO,BRASILEIRA,Casada,1957-08-06,RJ,FEMININO,Não,,Professor Ii,3216.89,Não,Mensalista,68.0,1048,2
BANGU,F,RIO DE JANEIRO,BRASILEIRA,Casada,1957-08-06,RJ,FEMININO,Não,,Professor Ii,6735.83,Não,Mensalista,68.0,1048,2
GUADALUPE,F,RIO DE JANEIRO,Brasileira,Casada,1954-05-13,RJ,FEMININO,Não,,Aposentada,1838.97,Não,Mensalista,71.0,294,3
ICARAI,F,NITEROI,BRASILEIRA,Solteiro,1959-05-06,RJ,FEMININO,Não,Risco PLD/FT Baixo,Professor Ii,15638.13,Não,Mensalista,66.0,1048,1
RECREIO DOS BANDEIRANTES,F,RIO DE JANEIRO,BRASILEIRA,Solteiro,1973-02-28,RJ,FEMININO,Não,Risco PLD/FT Baixo,Professor Ii,5615.62,Não,Mensalista,52.0,1048,0
CORDOVIL,F,RIO DE JANEIRO,Brasileira,Solteiro,1964-11-13,RJ,FEMININO,Não,,Aux. De Enfermagem,2369.34,Não,Mensalista,61.0,525,3
GUARATIBA,F,RIO DE JANEIRO,Brasileira,Solteira,1960-06-14,RJ,FEMININO,Não,,Servente,6084.83,Não,Mensalista,65.0,1116,2
REALENGO,F,RIO DE JANEIRO,BRASILEIRA,Casada,1963-03-05,RJ,FEMININO,Não,,Aux De Enfermagem 2º Grau,3724.41,Não,Mensalista,62.0,474,3
BRAZ DE PINA,F,RIO DE JANEIRO,BRASILEIRA,Solteira,1952-12-14,RJ,FEMININO,Não,,Merendeira,2128.28,Não,Mensalista,73.0,812,2
SANTA CRUZ,F,RIO DE JANEIRO,Brasileira,Solteira,1964-11-22,RJ,FEMININO,Não,,Merendeira,2422.25,Não,Mensalista,61.0,812,2
PACIENCIA,F,RIO DE JANEIRO,Brasileira,Viúva,1953-02-28,RJ,FEMININO,Não,,Aux De Enfermagem 2º Grau,3417.68,Não,Mensalista,72.0,474,3
TURIAÇU,F,RIO DE JANEIRO,Brasileira,Solteiro,1952-09-10,RJ,FEMININO,Não,,Servente,1426.46,Não,Mensalista,73.0,1116,2
INHAUMA,F,SAO JOAO DE MERITI,Brasileira,União Estável,1954-04-07,RJ,FEMININO,Não,,Tec Enfermagem,3511.82,Não,Mensalista,71.0,1146,2
JARDIM AMERICA,F,RIO DE JANEIRO,BRASILEIRA,Viúva,1964-05-26,RJ,FEMININO,Não,,Copeiro,1623.31,Não,Mensalista,61.0,678,2
SÃO FRANCISCO XAVIER,F,RIO DE JANEIRO,BRASILEIRA,Solteira,1952-09-16,RJ,FEMININO,Não,,Aposentada,9209.49,Não,Mensalista,73.0,294,3
SÃO FRANCISCO XAVIER,F,RIO DE JANEIRO,BRASILEIRA,Solteira,1952-09-16,RJ,FEMININO,Não,,Professor Ii,9209.49,Não,Mensalista,73.0,1048,1
SEPETIBA,F,RIO DE JANEIRO,BRASILEIRA,Divorciada,1947-05-10,RJ,FEMININO,Não,,Aux De Enfermagem,2150.86,Não,Mensalista,78.0,459,3
QUINTINO BOCAIUVA,F,RIO DE JANEIRO,BRASILEIRA,Casada,1953-06-27,RJ,FEMININO,Não,,Ag Aux Administração,2118.14,Não,Mensalista,72.0,22,3
QUINTINO BOCAIUVA,F,RIO DE JANEIRO,Brasileira,Solteira,1944-09-29,RJ,FEMININO,Não,,Prof I - Estudos Socias,2554.14,Não,Mensalista,81.0,903,2
SANTA CRUZ,F,RIO DE JANEIRO,Brasileira,Casada,1955-03-17,RJ,FEMININO,Não,,Trabalhador,1109.8,Não,Mensalista,70.0,1202,2
MARECHAL HERMES,F,RIO DE JANEIRO,BRASILEIRA,Casada,1954-01-30,RJ,FEMININO,Não,,Aux De Enfermagem,2192.02,Não,Mensalista,71.0,459,3
INHOAIBA,F,RIO DE JANEIRO,Brasileira,Divorciada,1955-04-14,RJ,FEMININO,Não,,Aposentado,2834.33,Não,Mensalista,70.0,295,3
SENADOR CAMARA,F,RIO DE JANEIRO,Brasileira,Separada judicialmente,1948-06-09,RJ,FEMININO,Não,,Aux De Enfermagem 2º Grau,2573.01,Não,Mensalista,77.0,474,3
LEOPOLDINA,F,RIO DE JANEIRO,Brasileira,Casado,1951-02-16,RJ,FEMININO,Não,,Ag. Aux. De Aadm.,1549.48,Não,Mensalista,74.0,83,3
REALENGO,F,RIO DE JANEIRO,Brasileira,Solteiro,1960-06-17,RJ,FEMININO,Não,,Auxiliar De Emfermagem,0.0,Não,Mensalista,65.0,606,3
CAMPO GRANDE,F,RIO DE JANEIRO,Brasileira,Casada,1961-01-09,RJ,FEMININO,Não,,Aux De Enfermagem 2º Grau,4711.98,Não,Mensalista,64.0,474,3
CORDOVIL,F,RIO DE JANEIRO,Brasileira,Divorciada,1960-04-21,RJ,FEMININO,Não,,Ag De Administração,15213.59,Não,Mensalista,65.0,40,1
RAMOS,F,RIO DE JANEIRO,Brasileira,Casada,1955-05-19,RJ,FEMININO,Não,,Servente,5253.03,Não,Mensalista,70.0,1116,2
BANGU,F,RIO DE JANEIRO,BRASILEIRA,SOLTEIRO,1954-11-05,RJ,FEMININO,Não,,Tecnico De Laboratorio,3906.96,Não,Mensalista,71.0,1176,2
GUADALUPE,F,RIO DE JANEIRO,Brasileira,Casada,1960-10-06,RJ,FEMININO,Não,,Aux De Enfermagem 2º Grau,4185.24,Não,Mensalista,65.0,474,3
REALENGO,F,RIO DE JANEIRO,Brasileira,Solteiro,1953-08-17,RJ,FEMININO,Não,,Professora Ii,7944.6,Não,Mensalista,72.0,1074,1
VILA VALQUEIRE,F,RIO DE JANEIRO,BRASILEIRA,Divorciada,1965-10-02,RJ,FEMININO,Não,,Servente,763.55,Não,Mensalista,60.0,1116,2
SANTISSIMO,F,RIO DE JANEIRO,Brasileira,Viúva,1955-07-09,RJ,FEMININO,Não,,Servente,1842.28,Não,Mensalista,70.0,1116,2
TAGUARA,F,RIO DE JANEIRO,Brasileira,Casado,1951-02-21,RJ,FEMININO,Não,,Merendeira,1424.54,Não,Mensalista,74.0,812,2
COPACABANA,F,RIO DE JANEIRO,Brasileira,Casado,1953-06-19,RJ,FEMININO,Não,,Prof Ii,4893.38,Não,Mensalista,72.0,930,2
COPACABANA,F,RIO DE JANEIRO,Brasileira,Casado,1943-11-20,RJ,FEMININO,Não,,Advogada,7532.28,Não,Mensalista,82.0,17,3
CENTRO,F,BELFORD ROXO,BRASILEIRA,Casada,1976-05-04,RJ,FEMININO,Não,,Secretaria Escolar,2907.24,Não,Mensalista,49.0,1109,0
COELHO NETO,F,RIO DE JANEIRO,Brasileira,Casado,1978-04-23,RJ,FEMININO,Não,,Prof Ii,5978.46,Não,Mensalista,47.0,930,0
CARAMUJO,F,RIO DE JANEIRO,Brasileira,Solteiro,1958-03-26,RJ,FEMININO,Não,,Ag. Adm.,3415.2,Não,Mensalista,67.0,75,3
BONSUCESSO,F,RIO DE JANEIRO,Brasileira,Divorciada,1944-07-21,RJ,FEMININO,Não,,Aposentada,986.06,Não,Mensalista,81.0,294,3
PIEDADE,F,RIO DE JANEIRO,Brasileira,Casada,1965-11-12,RJ,FEMININO,Não,,Merendeira,1948.82,Não,Mensalista,60.0,812,2
PADRE MIGUEL,F,RIO DE JANEIRO,BRASILEIRA,Viúva,1951-08-29,RJ,FEMININO,Não,,Trabalhador,1387.45,Não,Mensalista,74.0,1202,2
PARQUE VITORIA,F,DUQUE DE CAXIAS,BRASILEIRA,Solteira,1970-10-29,RJ,FEMININO,Não,,Prof I - Matematica/Diretor Iv,5903.32,Não,Mensalista,55.0,912,0
SANTISSIMO,F,RIO DE JANEIRO,Brasileira,Divorciado,1955-02-16,RJ,MASCULINO,Não,,Trabalhador,4000.21,Não,Mensalista,70.0,1202,2
BANGU,F,RIO DE JANEIRO,Brasileira,Casado,1950-11-04,RJ,MASCULINO,Não,,Trabalhador,3613.86,Não,Mensalista,75.0,1202,2
SEPETIBA,F,RIO DE JANEIRO,BRASILEIRA,Casada,1980-08-18,RJ,FEMININO,Não,,Prof. De Educação Infantil,8739.31,Não,Mensalista,45.0,952,1
SANTA CRUZ,F,RIO DE JANEIRO,Brasileira,Casada,1965-01-28,RJ,FEMININO,Não,,Aux De Enfermagem 2º Grau,3423.12,Não,Mensalista,60.0,474,3
MANTIQUEIRA,F,XEREM,Brasileira,Solteira,1960-04-12,RJ,FEMININO,Não,,Aux De Enfermagem 2º Grau,2852.38,Não,Mensalista,65.0,474,3
OLARIA,F,RIO DE JANEIRO,Brasileira,Não informado,1944-08-17,RJ,FEMININO,Não,,Prof Historia Lic Plena,2269.48,Não,Mensalista,81.0,894,2
CAMPO GRANDE,F,RIO DE JANEIRO,BRASILEIRA,Casada,1981-09-28,RJ,FEMININO,Não,,Rofressor Ii,5919.81,Não,Mensalista,44.0,1097,0
CAMPO GRANDE,F,RIO DE JANEIRO,BRASILEIRA,Casada,1981-09-28,RJ,FEMININO,Não,,Professora Ii,5919.81,Não,Mensalista,44.0,1074,0
LARANJEIRAS,F,RIO DE JANEIRO,BRASILEIRA,Divorciada,1972-07-26,RJ,FEMININO,Não,,Professor Ii / Diretor Iv,11770.44,Não,Mensalista,53.0,1053,1
PACIENCIA,F,RIO DE JANEIRO,BRASILEIRA,Solteira,1977-07-12,RJ,FEMININO,Não,,Professor Ii,3705.43,Não,Mensalista,48.0,1048,0
PACIENCIA,F,RIO DE JANEIRO,BRASILEIRA,Solteira,1977-07-12,RJ,FEMININO,Não,,Professor Ii,3311.17,Não,Mensalista,48.0,1048,0
BENFICA,F,RIO DE JANEIRO,Brasileira,Casado,1936-03-12,RJ,FEMININO,Não,,Servente,3187.42,Não,Mensalista,89.0,1116,2
BOM PASTOR,F,BELFORD ROXO,Brasileira,Solteira,1965-06-13,RJ,FEMININO,Não,,Ag. Documentação Medica,2634.26,Não,Mensalista,60.0,143,3
MARIA DA GRACA,F,RIO DE JANEIRO,Brasileira,Divorciado,1948-11-28,RJ,FEMININO,Não,,Medico Clin Medica,11690.64,Não,Mensalista,77.0,804,1
SAMPAIO,F,RIO DE JANEIRO,BRASILEIRA,Divorciada,1967-09-01,RJ,FEMININO,Não,,Professor Ii,5438.2,Não,Mensalista,58.0,1048,2
SAMPAIO,F,RIO DE JANEIRO,BRASILEIRA,Divorciada,1967-09-01,RJ,FEMININO,Não,,Professor Ii,5438.2,Não,Mensalista,58.0,1048,2
BANGU,F,RIO DE JANEIRO,Brasileira,Casada,1975-08-27,RJ,FEMININO,Não,,Professor Ii,5811.47,Não,Mensalista,50.0,1048,0
COSTA BARROS,F,RIO DE JANEIRO,Brasileira,Casado,1947-09-02,RJ,MASCULINO,Não,,Servente,2370.67,Não,Mensalista,78.0,1116,2
JARDIM SULACAPE,F,RIO DE JANEIRO,Brasileira,Solteiro,1963-05-13,RJ,MASCULINO,Não,,Ag. De Vigilancia,1388.0,Não,Mensalista,62.0,140,3
CAMPO GRANDE,F,RIO DE JANEIRO,Brasileira,Viúva,1940-08-04,RJ,FEMININO,Não,,Auxiliar De Enfermagem 2ª Grau,1675.98,Não,Mensalista,85.0,618,3
PADRE MIGUEL,F,RIO DE JANEIRO,BRASILEIRA,Divorciada,1973-08-05,RJ,FEMININO,Não,,Ag. De Educação Infantil,2924.51,Não,Mensalista,52.0,129,3
FLAMENGO,F,RIO DE JANEIRO,Brasileira,Casado,1931-08-22,RJ,MASCULINO,Não,,Assist.Ciencia Tec F.Ibge,0.0,Não,Mensalista,94.0,420,3
PACIENCIA,F,RIO DE JANEIRO,Brasileira,Casado,1962-05-04,RJ,MASCULINO,Não,,Trabalhador,5292.94,Não,Mensalista,63.0,1202,2
CAMPO GRANDE,F,RIO DE JANEIRO,Brasileira,Casado,1952-02-06,RJ,MASCULINO,Não,,Ag. De Vigilancia,1342.12,Não,Mensalista,73.0,140,3
OLARIA,F,RIO DE JANEIRO,Brasileira,Casado,1963-06-05,RJ,MASCULINO,Não,,Age. Aux. De Administração,14846.85,Não,Mensalista,62.0,168,1
SENADOR CAMARA,F,RIO DE JANEIRO,Brasileira,Casado,1956-03-31,RJ,MASCULINO,Não,,Ag. De Portaria,2433.2,Não,Mensalista,69.0,133,3
CAMPO GRANDE,F,RIO DE JANEIRO,Brasileira,Casado,1965-08-09,RJ,MASCULINO,Não,,Trabalhador,4001.14,Não,Mensalista,60.0,1202,2
COSTA BARROS,F,RIO DE JANEIRO,Brasileira,Solteiro,1966-09-06,RJ,MASCULINO,Não,,Trabalhador,2996.4,Não,Mensalista,59.0,1202,2
JARDIM BRASIL,F,BELFORD ROXO,BRASILEIRA,Solteiro,1964-07-03,RJ,MASCULINO,Não,,Trabalhador/Assistente Ii,5797.51,Não,Mensalista,61.0,1214,2
OLARIA,F,RIO DE JANEIRO,Brasileira,Casado,1965-09-02,RJ,MASCULINO,Não,,Aux De Serv De Saúde,1431.12,Não,Mensalista,60.0,493,3
CAMPO GRANDE,F,RIO DE JANEIRO,Brasileira,Divorciado,1954-01-17,RJ,MASCULINO,Não,,Inspetor De Alunos,1904.93,Não,Mensalista,71.0,789,2
LEME,F,RIO DE JANEIRO,BRASILEIRA,Solteiro,1960-09-22,RJ,MASCULINO,Não,,Agente Educador Ii,3092.9,Não,Mensalista,65.0,268,3
SANTA CRUZ,F,RIO DE JANEIRO,Brasileira,Solteiro,1968-07-25,RJ,MASCULINO,Não,,Trabalhador,2984.09,Não,Mensalista,57.0,1202,2
LEOPOLDINA,F,RIO DE JANEIRO,Brasileira,Casado,1948-05-13,RJ,MASCULINO,Não,,Ag. De Vig.,1765.82,Não,Mensalista,77.0,139,3
INHAUMA,F,RIO DE JANEIRO,Brasileira,Solteiro,1950-03-27,RJ,MASCULINO,Não,,Trabalhador,1833.94,Não,Mensalista,75.0,1202,2
CIDADE DE DEUS,F,RIO DE JANEIRO,BRASILEIRA,Solteiro,1951-09-25,RJ,MASCULINO,Não,,Agente De Portaria,2790.63,Não,Mensalista,74.0,243,3
INHOAIBA,F,RIO DE JANEIRO,Brasileira,Casado,1953-04-14,RJ,MASCULINO,Não,,Aposentado,2225.49,Não,Mensalista,72.0,295,3
MAGALHÃES BASTOS,F,RIO DE JANEIRO,Brasileira,Viúvo,1947-08-15,RJ,MASCULINO,Não,,Art De Pav E Pedreira,3425.68,Não,Mensalista,78.0,325,3
VILA PAULINE,F,BELFORD ROXO,BRASILEIRA,Casado,1958-10-02,RJ,MASCULINO,Não,,Ag De Vigilancia / Assistente,4353.66,Não,Mensalista,67.0,64,3
TAQUARA,F,RIO DE JANEIRO,Brasileira,Solteiro,1957-09-05,RJ,MASCULINO,Não,,Trabalhador,2706.73,Não,Mensalista,68.0,1202,2
INHOAIBA,F,RIO DE JANEIRO,BRASILEIRA,Divorciado,1961-02-22,RJ,MASCULINO,Não,,Aux De Enfermagem 2º Grau,2884.63,Não,Mensalista,64.0,474,3
MARECHAL HERMES,F,RIO DE JANEIRO,BRASILEIRA,Casado,1957-05-25,RJ,MASCULINO,Não,,Agente De Vigiliancia,1218.0,Não,Mensalista,68.0,263,3
ABOLIÇÃO,F,RIO DE JANEIRO,Brasileira,Divorciado,1951-06-03,RJ,MASCULINO,Não,,Agente De Portaria,2386.55,Não,Mensalista,74.0,243,3
SAO FRANCISCO,F,NITEROI,BRASILEIRA,Casado,1966-01-27,RJ,MASCULINO,Não,,Merendeiro,1132.76,Não,Mensalista,59.0,820,2
PILARES,F,RIO DE JANEIRO,Brasileira,Solteiro,1956-09-26,RJ,MASCULINO,Não,,Ag. Aux De Administrativo,10778.16,Não,Mensalista,69.0,79,3
PILARES,F,RIO DE JANEIRO,BRASILEIRA,Solteiro,1950-07-09,RJ,MASCULINO,Não,,Professor Ii,3571.49,Não,Mensalista,75.0,1048,2
PILARES,F,RIO DE JANEIRO,BRASILEIRA,Solteiro,1950-07-09,RJ,MASCULINO,Não,,Professor I,2973.15,Não,Mensalista,75.0,1028,2
BANGU,F,RIO DE JANEIRO,Brasileira,Viúvo,1953-08-21,RJ,MASCULINO,Não,,Art. De Mecanica,2465.53,Não,Mensalista,72.0,361,3
SANTA CRUZ,F,RIO DE JANEIRO,Brasileira,Solteiro,1963-10-20,RJ,MASCULINO,Não,,Trabalhador,1216.9,Não,Mensalista,62.0,1202,2
REALENGO,F,RIO DE JANEIRO,Brasileira,Solteiro,1964-03-03,RJ,MASCULINO,Não,,Trabalhador,2038.15,Não,Mensalista,61.0,1202,2
PRAÇA SECA,F,RIO DE JANEIRO,BRASILEIRA,Solteiro,1968-09-16,RJ,MASCULINO,Não,,Trabalhador,3155.07,Não,Mensalista,57.0,1202,2
BANGU,F,RIO DE JANEIRO,Brasileira,Casado,1956-06-25,RJ,MASCULINO,Não,,Agente De Vigilante,2337.52,Não,Mensalista,69.0,262,3
INHAUMA,F,RIO DE JANEIRO,Brasileira,Casado,1955-04-17,RJ,MASCULINO,Não,,Chefe De Divisao,2990.64,Não,Mensalista,70.0,665,2
CAMPO GRANDE,F,RIO DE JANEIRO,Brasileira,Casado,1962-07-10,RJ,MASCULINO,Não,,Agente De Administração,6641.21,Não,Mensalista,63.0,216,3
PACHECO,F,SAO GONCALO,Brasileira,Casado,1962-02-17,RJ,MASCULINO,Não,,Espec Leg Niv,13348.08,Não,Mensalista,63.0,739,1
PARQUE COLONIAL,F,CURITIBA,Brasileira,Casado,1961-10-13,PR,MASCULINO,Não,,Trabalhador,2238.94,Não,Mensalista,64.0,1202,2
CAMPO GRANDE,F,RIO DE JANEIRO,Brasileira,Divorciado,1957-10-23,RJ,MASCULINO,Não,,Eletricista De Rede,4026.1,Não,Mensalista,68.0,713,2
SANTA CRUZ,F,RIO DE JANEIRO,Brasileira,Divorciado,1947-05-29,RJ,MASCULINO,Não,,Agente De Portaria,1841.12,Não,Mensalista,78.0,243,3
BONSUCESSO,F,RIO DE JANEIRO,Brasileira,Casado,1964-11-18,RJ,MASCULINO,Não,,Inspetor De Alunos,1597.06,Não,Mensalista,61.0,789,2
SEPETIBA,F,RIO DE JANEIRO,Brasileira,Casado,1956-01-16,RJ,MASCULINO,Não,,Trabalhador,1935.37,Não,Mensalista,69.0,1202,2
COSMOS,F,RIO DE JANEIRO,Brasileira,Casado,1964-05-19,RJ,MASCULINO,Não,,Agente Aux De Administração,3375.98,Não,Mensalista,61.0,183,3
PARQUE ANCHIETA,F,RIO DE JANEIRO,BRASILEIRA,Casado,1946-12-19,RJ,MASCULINO,Não,,Motorista,2552.23,Não,Mensalista,79.0,827,2
SANTA CRUZ,F,RIO DE JANEIRO,Brasileira,Divorciado,1955-09-02,RJ,MASCULINO,Não,,Aux De Serv.De Veterinaria,2033.4,Não,Mensalista,70.0,495,3
CIDADE DE DEUS,F,RIO DE JANEIRO,Brasileira,Solteiro,1958-10-28,RJ,MASCULINO,Não,,Agente De Vigilancia,2443.08,Não,Mensalista,67.0,259,3
BARRA DA TIJUCA,F,RIO DE JANEIRO,Brasileira,Casado,1944-11-03,RJ,MASCULINO,Não,,Prof Docente I,2402.16,Não,Mensalista,81.0,891,2
COSMOS,F,RIO DE JANEIRO,Brasileira,Solteiro,1960-08-19,RJ,MASCULINO,Não,,Trabalhador,2471.89,Não,Mensalista,65.0,1202,2
ANA CLARA,F,RIO DE JANEIRO,Brasileira,Não informado,1962-08-25,RJ,MASCULINO,Não,,Técnico,2538.58,Não,Mensalista,63.0,1227,2
ENCANTADO,F,RIO DE JANEIRO,Brasileira,Solteiro,1960-11-19,RJ,MASCULINO,Não,,Agente De Administracão,6171.15,Não,Mensalista,65.0,214,3
TODOS OS SANTOS,F,RIO DE JANEIRO,BRASILEIRA,Casado,1948-06-16,RJ,MASCULINO,Não,,Ag. De Administração/Chefe Ii,3792.63,Não,Mensalista,77.0,113,3
CACHAMBI,F,RIO DE JANEIRO,Brasileira,Casado,1942-06-30,RJ,MASCULINO,Não,,Ag. De Administraçao,641.32,Não,Mensalista,83.0,108,3
PATRONATO,F,SAO GONCALO,Brasileira,Casado,1959-05-23,RJ,MASCULINO,Não,,Aux De Servicos Gerais,3764.76,Não,Mensalista,66.0,497,3
SAMPAIO,F,RIO DE JANEIRO,Brasileira,Casado,1966-07-19,RJ,MASCULINO,Não,,Ascensorista (Sms),3084.2,Não,Mensalista,59.0,391,3
PACIENCIA,F,RIO DE JANEIRO,Brasileira,União Estável,1947-09-26,RJ,MASCULINO,Não,,Trabalhador,1702.05,Não,Mensalista,78.0,1202,2
ANA CLARA,F,DUQUE DE CAXIAS,Brasileira,Não informado,1960-02-22,RJ,MASCULINO,Não,,Agente Executivo,0.0,Não,Mensalista,65.0,273,3
ITAIPU,F,NITEROI,Brasileira,Casado,1943-05-30,RJ,MASCULINO,Não,,Agente Adm/,0.0,Não,Mensalista,82.0,175,3
PARQUE SAO BENTO,F,BELFORD ROXO,BRASILEIRA,Solteira,1962-05-25,RJ,FEMININO,Não,,Agente De Educacao Infantil,3389.16,Não,Mensalista,63.0,232,3
OSWALDO CRUZ,F,RIO DE JANEIRO,Brasileira,Solteira,1975-08-12,RJ,FEMININO,Não,,Merendeira,3100.92,Não,Mensalista,50.0,812,0
PARADA DE LUCAS,F,RIO DE JANEIRO,BRASILEIRA,Solteira,1978-03-30,RJ,FEMININO,Não,,Professor Ii,8780.16,Não,Mensalista,47.0,1048,1
PARADA DE LUCAS,F,RIO DE JANEIRO,Brasileira,Solteira,1978-03-30,RJ,FEMININO,Não,,Professor Ii,8780.16,Não,Mensalista,47.0,1048,1
GLORIA,F,RIO DE JANEIRO,BRASILEIRA,Solteira,1968-10-08,RJ,FEMININO,Não,,Auxiliar De Enfermagem,4234.54,Não,Mensalista,57.0,608,0
PAVUNA,F,RIO DE JANEIRO,Brasileira,Casado,1949-01-01,RJ,FEMININO,Não,,Professora,3253.4,Não,Mensalista,76.0,1070,2
CORDOVIL,F,RIO DE JANEIRO,Brasileira,Solteiro,1964-03-30,RJ,FEMININO,Não,,Aux. De Enfermagem,3287.76,Não,Mensalista,61.0,525,3
TUJUCA,F,RIO DE JANEIRO,Brasileira,Casado,1956-04-23,RJ,FEMININO,Não,,Especialista Em Educacao,2701.32,Não,Mensalista,69.0,753,2
MARECHAL HERMES,F,RIO DE JANEIRO,BRASILEIRA,Casada,1947-05-25,RJ,FEMININO,Não,,Aposentada,3610.54,Não,Mensalista,78.0,294,3
REALENGO,F,RIO DE JANEIRO,Brasileira,Divorciado,1962-03-27,RJ,MASCULINO,Não,,Ag. De Vigilancia,1827.09,Não,Mensalista,63.0,140,3
ANA CLARA,F,RIO DE JANEIRO,Brasileira,Solteiro,1950-12-27,RJ,MASCULINO,Não,,Art. De Jardim E Arboricultura,1569.78,Não,Mensalista,75.0,360,3
CAMPO GRANDE,F,RIO DE JANEIRO,BRASILEIRA,Divorciado,1978-01-12,RJ,MASCULINO,Não,,Aux De Controle De Endemias,6819.71,Não,Mensalista,47.0,452,0
REALENGO,F,RIO DE JANEIRO,Brasileira,Divorciada,1964-02-05,RJ,FEMININO,Não,,Aux De Enfermagem 2º Grau,2117.39,Não,Mensalista,61.0,474,3
BARRA DA TIJUCA,F,RIO DE JANEIRO,Brasileira,Solteira,1961-09-09,RJ,FEMININO,Não,,Ag Deadministração,4068.03,Não,Mensalista,64.0,66,3
CAMPO GRANDE,F,RIO DE JANEIRO,Brasileira,Viúvo,1937-09-09,RJ,MASCULINO,Não,,Art. De Pav. E Pedeira,3741.98,Não,Mensalista,88.0,363,3
BANGU,F,RIO DE JANEIRO,BRASILEIRA,Casada,1955-09-18,RJ,FEMININO,Não,,Agente De Educação Infantil,2914.4,Não,Mensalista,70.0,237,3
CORREIA,F,MESQUITA,Brasileira,Divorciada,1965-12-16,RJ,FEMININO,Não,,Aux De Enfermagem 2º Grau,2883.7,Não,Mensalista,60.0,474,3
SEPETIBA,F,RIO DE JANEIRO,Brasileira,Solteiro,1957-01-07,RJ,MASCULINO,Não,,Agente Aux De Administração,4308.98,Não,Mensalista,68.0,183,3
REALENGO,F,RIO DE JANEIRO,Brasileira,Casada,1942-07-19,RJ,FEMININO,Não,,Aux De Enfermagem 1º Grau,2473.77,Não,Mensalista,83.0,468,3
CAMPO GRANDE,F,RIO DE JANEIRO,Brasileira,Viúva,1942-11-25,RJ,FEMININO,Não,,Especialista De Educaçao,10046.8,Não,Mensalista,83.0,749,1
CAMPO GRANDE,F,RIO DE JANEIRO,BRASILEIRA,Viúva,1942-11-25,RJ,FEMININO,Não,,Aposentada,10046.8,Não,Mensalista,83.0,294,3
CAMPO GRANDE,F,RIO DE JANEIRO,Brasileira,Divorciada,1971-11-04,RJ,FEMININO,Não,,Professor Ii,6584.72,Não,Mensalista,54.0,1048,1
VILAR DOS TELLES,F,RIO DE JANEIRO,Brasileira,Desquitado,1938-11-22,RJ,FEMININO,Não,,Servente,2866.08,Não,Mensalista,87.0,1116,2
BRAZ DE PINA,F,RIO DE JANEIRO,Brasileira,Viúva,1943-11-12,RJ,FEMININO,Não,,Servente,1759.6,Não,Mensalista,82.0,1116,2
SANTA CRUZ,F,RIO DE JANEIRO,Brasileira,Casado,1942-06-09,RJ,FEMININO,Não,,Merendeira,1239.7,Não,Mensalista,83.0,812,2
COSTA BARROS,F,RIO DE JANEIRO,BRASILEIRA,Casada,1956-12-22,RJ,FEMININO,Não,,Professor,2634.67,Não,Mensalista,69.0,984,2
COSTA BARROS,F,RIO DE JANEIRO,BRASILEIRA,Casada,1956-12-22,RJ,FEMININO,Não,,Professor,2334.25,Não,Mensalista,69.0,984,2
MARECHAL HERMES,F,RIO DE JANEIRO,Brasileira,Casado,1954-06-25,RJ,MASCULINO,Não,,Aux De Enfermagem 2º Grau,4421.93,Não,Mensalista,71.0,474,3
FREGUESIA,F,RIO DE JANEIRO,Brasileira,Casado,1942-07-25,RJ,MASCULINO,Não,,Servente,1995.58,Não,Mensalista,83.0,1116,2
ANCHIETA,F,RIO DE JANEIRO,BRASILEIRA,Casado,1959-11-29,RJ,MASCULINO,Não,,Professor De Matematica,6295.13,Não,Mensalista,66.0,1007,2
ANCHIETA,F,RIO DE JANEIRO,Brasileira,Casado,1959-11-29,RJ,MASCULINO,Não,,Professor I -Matematica,6295.13,Não,Mensalista,66.0,1040,2
SANTA CRUZ,F,RIO DE JANEIRO,Brasileira,Casado,1950-07-16,RJ,MASCULINO,Não,,Trabalhador,2919.26,Não,Mensalista,75.0,1202,2
COSMOS,F,RIO DE JANEIRO,Brasileira,Casado,1945-06-18,RJ,MASCULINO,Não,,Agente De Portaria,1840.77,Não,Mensalista,80.0,243,3
SANTO ALEIXO,F,MAGE,BRASILEIRA,Casado,1958-12-25,RJ,MASCULINO,Não,,Aux De Enfermagem 2º Grau,3988.15,Não,Mensalista,67.0,474,3
ILHA DE PAQUETA,F,RIO DE JANEIRO,Brasileira,Solteiro,1948-10-07,RJ,MASCULINO,Não,,Trabalhador,1392.79,Não,Mensalista,77.0,1202,2
CAMPO GRANDE,F,RIO DE JANEIRO,BRASILEIRA,Solteiro,1994-08-12,RJ,MASCULINO,Não,Risco PLD/FT Baixo,Professor De Ensino Fundamenta,8213.68,Não,,31.0,1001,0
SANTA CRUZ,F,RIO DE JANEIRO,Brasileira,Divorciada,1964-01-17,RJ,FEMININO,Não,,Inspetor De Alunos,1592.67,Não,Mensalista,61.0,789,2
LEOPOLDINA,F,MARICA,Brasileira,Solteiro,1938-11-11,RJ,MASCULINO,Não,,Artifice L Sju,0.0,Não,Mensalista,87.0,389,3
MAGALHAES BASTOS,F,RIO DE JANEIRO,Brasileira,Casado,1962-03-29,RJ,MASCULINO,Não,,Administrador,10513.83,Não,Mensalista,63.0,15,3
BARRA DA TIJUCA,J,RIO DE JANEIRO,Brasileira,Casado,2003-07-16,RJ,FEMININO,Não,,Assist.Ciencia Tec F.Ibge,0.0,Não,Mensalista,22.0,420,0
INHOAIBA,F,RIO DE JANEIRO,Brasileira,Casado,1950-06-07,RJ,FEMININO,Não,,Merendeira,1216.88,Não,Mensalista,75.0,812,2
INHAUMA,F,RIO DE JANEIRO,Brasileira,Divorciado,1946-08-29,RJ,MASCULINO,Não,,Bibliotecario Diretor Ii,5635.12,Não,Mensalista,79.0,651,3
INOA,F,MARICA,Brasileira,Solteiro,1954-10-01,RJ,FEMININO,Não,,Ass.Administracao,5777.32,Não,Mensalista,71.0,404,3
COELHO NETO,F,RIO DE JANEIRO,Brasileira,Divorciado,1953-02-22,RJ,FEMININO,Não,,Prof.Docente Ii A,2278.7,Não,Mensalista,72.0,972,2
MORADA DO SOL,F,ITABORAI,Brasileira,Casado,1966-09-16,RJ,MASCULINO,Não,,Ag De Administração,4902.7,Não,Mensalista,59.0,40,3
MUTUAGUACU,F,SÃO GONÇALO,Brasileira,Separado judicialmente,1954-06-15,RJ,MASCULINO,Não,,Art De Usina / Subgerente Iv,5222.16,Não,Mensalista,71.0,335,3
GRAJAU,F,RIO DE JANEIRO,Brasileira,Divorciada,1964-05-25,RJ,FEMININO,Não,,Aposentada,3307.43,Não,Mensalista,61.0,294,3
TAQUARA,F,RIO DE JANEIRO,Brasileira,Viúvo,1942-02-01,RJ,FEMININO,Não,,Auxiliar De Serviços De Sude,1317.66,Não,Mensalista,83.0,641,2
BANGU,F,RIO DE JANEIRO,BRASILEIRA,Solteira,1960-07-13,RJ,FEMININO,Não,,Auxi De Enfermagem,3307.43,Não,Mensalista,65.0,593,3
SENADOR CAMARA,F,RIO DE JANEIRO,BRASILEIRA,Desquitada,1950-09-03,RJ,FEMININO,Não,,Merendeira,2756.29,Não,Mensalista,75.0,812,2
EDSON PASSOS,F,MESQUITA,BRASILEIRA,Divorciada,1946-02-13,RJ,FEMININO,Não,,Aux De Enfermagem 1º Grau,1930.31,Não,Mensalista,79.0,468,3
BANGU,F,RIO DE JANEIRO,Brasileira,Casada,1964-04-29,RJ,FEMININO,Não,,Aux.De Enfermagem I,2514.46,Não,Mensalista,61.0,584,3
SANTA CRUZ,F,RIO DE JANEIRO,BRASILEIRA,Divorciado,1968-06-21,RJ,FEMININO,Não,,Auxiliar De Enfermagem,2525.83,Não,Mensalista,57.0,608,0
OUTEIRO DAS PEDRAS,F,ITABORAI,BRASILEIRA,Solteira,1974-12-19,RJ,FEMININO,Não,,Aposentada,2211.07,Não,Mensalista,51.0,294,0
TURIAÇU,F,RIO DE JANEIRO,Brasileira,Casado,1952-05-01,RJ,FEMININO,Não,,Merendeira,1649.0,Não,Mensalista,73.0,812,2
AGUA SANTA,F,RIO DE JANEIRO,BRASILEIRA,Solteira,1968-04-14,RJ,FEMININO,Não,,Servente,1001.26,Não,Mensalista,57.0,1116,2
SANTA CRUZ,F,RIO DE JANEIRO,BRASILEIRA,Divorciado,1961-02-22,RJ,FEMININO,Não,,Agente De Administração,2806.62,Não,Mensalista,64.0,216,3
QUINTINO BOCAIUVA,F,RIO DE JANEIRO,Brasileira,Divorciada,1962-03-08,RJ,FEMININO,Não,,Ag. Aux. De Administracao,14985.85,Não,Mensalista,63.0,84,1
MARECHAL HERMES,F,RIO DE JANEIRO,BRASILEIRA,Casada,1980-11-26,RJ,FEMININO,Não,,Professor,2566.64,Não,Mensalista,45.0,984,0
JARDIM SULACAP,F,RIO DE JANEIRO,BRASILEIRA,Solteira,1960-03-04,RJ,FEMININO,Não,,Ag. Auxiliar De Administração,3867.05,Não,Mensalista,65.0,88,3
CAMPO GRANDE,F,RIO DE JANEIRO,BRASILEIRA,Solteira,1962-01-31,RJ,FEMININO,Não,,Aposentada,1797.24,Não,Mensalista,63.0,294,3
SEPETIBA,F,RIO DE JANEIRO,Brasileira,União Estável,1956-11-23,RJ,FEMININO,Não,,Ag De Portaria,1174.1,Não,Mensalista,69.0,56,3
TANQUE,F,RIO DE JANEIRO,BRASILEIRA,Casada,1976-12-08,RJ,FEMININO,Não,,Prof I - Educação Fisica,3381.25,Não,Mensalista,49.0,902,0
PORTO VELHO,F,SAO GONCALO,BRASILEIRA,Casada,1966-06-23,RJ,FEMININO,Não,,Professor Ii,6705.07,Não,Mensalista,59.0,1048,1
SANTA CRUZ,F,RIO DE JANEIRO,Brasileira,Divorciada,1970-12-04,RJ,FEMININO,Não,,Professor Ii,9434.07,Não,Mensalista,55.0,1048,1
SANTA CRUZ,F,RIO DE JANEIRO,BRASILEIRA,Divorciada,1970-12-04,RJ,FEMININO,Não,,Professor Ii,9434.07,Não,Mensalista,55.0,1048,1
ROCHA MIRANDA,F,RIO DE JANEIRO,BRASILEIRA,Divorciada,1975-12-11,RJ,FEMININO,Não,,Ag. De Educação Infantil,3041.54,Não,Mensalista,50.0,129,0
BANGU,F,RIO DE JANEIRO,BRASILEIRA,Casada,1956-12-04,RJ,FEMININO,Não,,Professor,2420.36,Não,Mensalista,69.0,984,2
BANGU,F,RIO DE JANEIRO,BRASILEIRA,Casada,1956-12-04,RJ,FEMININO,Não,,Professor,2166.98,Não,Mensalista,69.0,984,2
VILA ROSALI,F,SÃO JÃO DE MERITI,BRASILEIRA,Casada,1975-03-05,RJ,FEMININO,Não,Risco PLD/FT Baixo,Prof I Educação Fisica,2697.85,Não,Mensalista,50.0,919,0
BANGU,F,RIO DE JANEIRO,BRASILEIRA,Divorciada,1974-08-05,RJ,FEMININO,Não,,Ag. De Educação Infantil,2834.53,Não,Mensalista,51.0,129,0
LINS DE VASCONCELOS,F,RIO DE JANEIRO,BRASILEIRA,Divorciada,1966-05-12,RJ,FEMININO,Não,,Prof De Ensino Fundamental,6895.95,Não,Mensalista,59.0,887,1
BANGU,F,RIO DE JANEIRO,Brasileira,Casado,1961-12-03,RJ,FEMININO,Não,,Aux. De Enfermagem,5198.2,Não,Mensalista,64.0,525,3
SANTA CRUZ,F,RIO DE JANEIRO,BRASILEIRA,Solteira,1974-12-04,RJ,FEMININO,Não,,Professor Ii,3110.31,Não,Mensalista,51.0,1048,0
CAMPO GRANDE,F,RIO DE JANEIRO,BRASILEIRA,Casada,1986-10-14,RJ,FEMININO,Não,,Ag. De Educação Infantil,5647.34,Não,Mensalista,39.0,129,0
BANGU,F,RIO DE JANEIRO,Brasileira,Solteiro,1957-06-15,RJ,FEMININO,Não,,Copeiro,1022.2,Não,Mensalista,68.0,678,2
OLARIA,F,RIO DE JANEIRO,Brasileira,Solteira,1966-11-27,RJ,FEMININO,Não,,Merendeira,2505.37,Não,Mensalista,59.0,812,2
BANGU,F,RIO DE JANEIRO,Brasileira,Casada,1958-01-19,RJ,FEMININO,Não,,Aux De Enfermagem,3865.44,Não,Mensalista,67.0,459,3
BANGU,F,RIO DE JANEIRO,Brasileira,Solteiro,1956-02-07,RJ,FEMININO,Não,,Copeiro,1400.34,Não,Mensalista,69.0,678,2
SANTA CRUZ,F,RIO DE JANEIRO,Brasileira,Solteiro,1945-10-21,RJ,FEMININO,Não,,Inspetor De Alunos,1972.6,Não,Mensalista,80.0,789,2
VILA VALQUEIRE,F,RIO DE JANEIRO,BRASILEIRA,União Estável,1956-10-26,RJ,MASCULINO,Não,,Aux De Enfermagem,3409.18,Não,Mensalista,69.0,459,3
CENTRO,F,RIO DE JANEIRO,BRASILEIRA,Solteira,1954-08-28,RJ,FEMININO,Não,,Copeiro,2243.11,Não,Mensalista,71.0,678,2
SEPETIBA,F,RIO DE JANEIRO,BRASILEIRA,Casado,1947-05-23,RJ,MASCULINO,Não,,Trabalhador,3047.86,Não,Mensalista,78.0,1202,2
SANTA CRUZ,F,RIO DE JANEIRO,Brasileira,Casado,1952-03-24,RJ,MASCULINO,Não,,Feitor,3097.53,Não,Mensalista,73.0,760,2
CORDOVIL,F,RIO DE JANEIRO,Brasileira,Viúvo,1949-04-10,RJ,MASCULINO,Não,,Servente (Sms),2307.56,Não,Mensalista,76.0,1118,2
IPIRANGA,F,NOVA IGUAÇU,BRASILEIRA,Solteiro,1957-12-21,RJ,MASCULINO,Não,,Aux De Enfermagem 2º Grau,6164.61,Não,Mensalista,68.0,474,3
MEIER,F,RIO DE JANEIRO,BRASILEIRA,Casado,1942-01-21,RJ,MASCULINO,Não,,Auxiliar De Enfermagem 1º Grau,2260.2,Não,Mensalista,83.0,617,3
BRAZ DE PINA,F,RIO DE JANEIRO,Brasileira,Casado,1939-09-10,RJ,MASCULINO,Não,,Art.Pav.E Pedreira,2226.94,Não,Mensalista,86.0,385,3
SANTA CRUZ,F,RIO DE JANEIRO,Brasileira,Casado,1960-08-16,RJ,MASCULINO,Não,,Servente,1302.04,Não,Mensalista,65.0,1116,2
MANGUINHOS,F,RIO DE JANEIRO,Brasileira,Divorciado,1942-05-03,RJ,FEMININO,Não,,Ag. Comunitaria Nivel I(Qs),1581.1,Não,Mensalista,83.0,94,3
BANGU,F,RIO DE JANEIRO,Brasileira,Solteira,1959-11-30,RJ,FEMININO,Não,,Ag Comunitario Nivel Ii (Qs),1637.75,Não,Mensalista,66.0,36,3
CHACARA RIO PETROPOLIS,F,DUQUE DE CAXIAS,BRASILEIRA,Solteira,1958-01-01,RJ,FEMININO,Não,,"Auxi, De Enfermagem",2241.01,Não,Mensalista,67.0,594,3
MARECHAL HERMES,F,RIO DE JANEIRO,BRASILEIRA,Viúva,1949-01-18,RJ,FEMININO,Não,,Professor Ii,2394.91,Não,Mensalista,76.0,1048,2
BANGU,F,RIO DE JANEIRO,BRASILEIRA,Casada,1963-02-21,RJ,FEMININO,Não,,Professor Ii,8395.0,Não,Mensalista,62.0,1048,1
GAVEA,F,RIO DE JANEIRO,BRASILEIRA,SOLTEIRO,1981-02-04,RJ,FEMININO,Não,,Aux. Creche,854.63,Não,Mensalista,44.0,517,0
TODOS OS SANTOS,F,RIO DE JANEIRO,BRASILEIRA,SOLTEIRO,1972-04-29,RJ,FEMININO,Não,,Merendeira,1406.6,Não,Mensalista,53.0,812,0
INHOAIBA,F,RIO DE JANEIRO,BRASILEIRA,Casada,1972-12-27,RJ,FEMININO,Não,,Professor Ensino Fundamental,6311.86,Não,Mensalista,53.0,1024,1
VISTA ALEGRE,F,RIO DE JANEIRO,Brasileira,Solteira,1978-10-05,RJ,FEMININO,Não,,Tecnico De Laboratorio,4354.23,Não,Mensalista,47.0,1176,0
TAQUARA,F,RIO DE JANEIRO,BRASILEIRA,Casada,1978-06-19,RJ,FEMININO,Não,,Merendeira,1021.34,Não,Mensalista,47.0,812,0
REALENGO,F,RIO DE JANEIRO,Brasileira,Solteiro,1957-02-03,RJ,FEMININO,Não,,Prof Ii,5784.48,Não,Mensalista,68.0,930,2
JACAREPAGUA,F,RIO DE JANEIRO,Brasileira,Não informado,1952-12-19,RJ,MASCULINO,Não,,Aux.Operac Serv.Diversos,5656.14,Não,Mensalista,73.0,589,3
HIGIENOPOLIS,F,RIO DE JANEIRO,BRASILEIRA,Casada,1981-10-21,RJ,FEMININO,Não,,Agente De Educação Infantil,3394.44,Não,Mensalista,44.0,237,0
REALENGO,F,RIO DE JANEIRO,BRASILEIRA,Casada,1979-10-13,RJ,FEMININO,Não,,Professor Ii,4179.29,Não,Mensalista,46.0,1048,0
COSTA BARROS,F,RIO DE JANEIRO,BRASILEIRA,Solteira,1987-01-02,RJ,FEMININO,Não,,Agente Educador Ii,2253.67,Não,Mensalista,38.0,268,0
GRAVATA,F,SAQUAREMA,BRASILEIRA,Solteiro,1986-01-24,RJ,MASCULINO,Não,Risco PLD/FT Baixo,Investigador Policial,13493.86,Não,Mensalista,39.0,796,1
FLAMENGO,F,MARICA,BRASILEIRA,Solteiro,1984-03-09,RJ,MASCULINO,Não,Risco PLD/FT Baixo,Professor Docente - 18 Horas,3182.25,Não,Mensalista,41.0,1010,0
CAMPO GRANDE,F,RIO DE JANEIRO,BRASILEIRA,Casado,1984-08-05,RJ,MASCULINO,Não,,Aux. Controle De Endemias,2895.16,Não,Mensalista,41.0,516,0
LINS DE VASCONCELOS,F,RIO DE JANEIRO,BRASILEIRA,Casado,1975-04-30,RJ,MASCULINO,Não,,Auxiliar De Controle De Endemi,2348.74,Não,Mensalista,50.0,603,0
IRAJA,F,RIO DE JANEIRO,BRASILEIRA,Casado,1981-11-19,RJ,MASCULINO,Não,Risco PLD/FT Baixo,Professor De Ensino Fundamenta,9435.56,Não,Mensalista,44.0,1001,1
SANTA CRUZ,F,RIO DE JANEIRO,BRASILEIRA,União Estável,1981-05-23,RJ,MASCULINO,Não,Risco PLD/FT Baixo,Cabo Pm,8400.99,Não,Mensalista,44.0,658,1
MAGALHAES BASTOS,F,RIO DE JANEIRO,BRASILEIRA,Solteiro,1983-05-04,RJ,MASCULINO,Não,Risco PLD/FT Baixo,Farmaceutico,4771.59,Não,Mensalista,42.0,757,0
ITATIQUARA,F,ARARUAMA,BRASILEIRA,Casado,1986-03-20,RJ,MASCULINO,Não,Risco PLD/FT Baixo,Oficial De Cartorio Policial,13134.54,Não,Mensalista,39.0,841,1
CAMPO GRANDE,F,RIO DE JANEIRO,BRASILEIRA,Casado,1973-07-25,RJ,MASCULINO,Não,,Professor Ii,3962.1,Não,Mensalista,52.0,1048,0
MOQUETA,F,NOVA IGUAÇU,BRASILEIRA,Solteiro,1987-07-09,RJ,MASCULINO,Não,Risco PLD/FT Baixo,Professor Docente I - 18 Horas,4243.66,Não,Mensalista,38.0,1014,0
CAMPO GRANDE,F,RIO DE JANEIRO,BRASILEIRA,Solteira,1982-04-30,RJ,FEMININO,Não,,Professor Ii,2300.52,Não,Mensalista,43.0,1048,0
CAJÚ,F,RIO DE JANEIRO,BRASILEIRA,Solteira,1984-11-21,RJ,FEMININO,Não,,Agente De Educacão Infantil,3501.36,Não,Mensalista,41.0,233,0
CALIFORNIA,F,NOVA IGUAÇU,BRASILEIRA,Solteira,1989-04-26,RJ,FEMININO,Não,,Prof. De Ensino Fundamental,6453.89,Não,Mensalista,36.0,953,0
TIJUCA,F,RIO DE JANEIRO,BRASILEIRA,Solteira,1981-11-25,RJ,FEMININO,Não,,Prof.Ii,10483.39,Não,Mensalista,44.0,977,1
REALENGO,F,RIO DE JANEIRO,BRASILEIRA,Divorciado,1988-09-13,RJ,FEMININO,Não,,Professor Ii,3885.39,Não,Mensalista,37.0,1048,0
ESTÁCIO,F,RIO DE JANEIRO,BRASILEIRA,Solteira,1988-11-12,RJ,FEMININO,Não,,Agente De Educação Infantil,3323.16,Não,Mensalista,37.0,237,0
REALENGO,F,RIO DE JANEIRO,BRASILEIRA,Solteira,1982-08-12,RJ,FEMININO,Não,,Prof. De Educação Infantil,3546.86,Não,Mensalista,43.0,952,0
SERRA DAGUA,F,JUIZ DE FORA,BRASILEIRA,Solteiro,1979-03-13,MG,FEMININO,Não,Risco PLD/FT Baixo,Professor Docente I - 30 Horas,7890.15,Não,Mensalista,46.0,1015,1
CAMPO GRANDE,F,RIO DE JANEIRO,BRASILEIRA,Solteira,1987-02-24,RJ,FEMININO,Não,,Agente De Educação Infantil,3081.5,Não,Mensalista,38.0,237,0
OSWALDO CRUZ,F,RIO DE JANEIRO,BRASILEIRA,Solteira,1977-03-02,RJ,FEMININO,Não,,Ag De Administração,11895.61,Não,Mensalista,48.0,40,1
CAVALCANTE,F,RIO DE JANEIRO,Brasileira,Divorciada,1974-01-28,RJ,FEMININO,Não,,Aux De Enfermagem 2º Grau,3852.78,Não,Mensalista,51.0,474,0
VILA KOSMOS,F,RIO DE JANEIRO,BRASILEIRA,Solteira,1980-12-22,RJ,FEMININO,Não,,Ag De Educação Infantil,2903.3,Não,Mensalista,45.0,55,0
BARRA DA TIJUCA,F,RIO DE JANEIRO,BRASILEIRA,Solteira,1975-07-17,RJ,FEMININO,Não,,Enfermeiro,10996.34,Não,Mensalista,50.0,724,1
BANGU,F,RIO DE JANEIRO,BRASILEIRA,Casada,1969-05-05,RJ,FEMININO,Não,,Professor Ii,10001.88,Não,Mensalista,56.0,1048,1
BANGU,F,RIO DE JANEIRO,BRASILEIRA,Casada,1969-05-05,RJ,FEMININO,Não,,Professor Ii,5830.64,Não,Mensalista,56.0,1048,1
BANGU,F,RIO DE JANEIRO,BRASILEIRA,Solteira,1971-05-03,RJ,FEMININO,Não,,Aux De Enfermagem 2º Grau,1981.57,Não,Mensalista,54.0,474,0
REALENGO,F,RIO DE JANEIRO,BRASILEIRA,Casada,1974-10-20,RJ,FEMININO,Não,,Aux De Controle De Endemias,2520.7,Não,Mensalista,51.0,452,0
CAMPO GRANDE,F,RIO DE JANEIRO,BRASILEIRA,Divorciado,1965-06-19,RJ,FEMININO,Não,,Professor Ii,3462.02,Não,Mensalista,60.0,1048,2
CAMPO GRANDE,F,RIO DE JANEIRO,BRASILEIRA,Divorciado,1965-06-19,RJ,FEMININO,Não,,Professor Ii,3462.02,Não,Mensalista,60.0,1048,2
CAMPO GRANDE,F,RIO DE JANEIRO,BRASILEIRA,Solteira,1984-12-16,RJ,FEMININO,Não,Risco PLD/FT Baixo,Professor De Ensino Fundamenta,7892.28,Não,Mensalista,41.0,1001,1
CURICICA,F,RIO DE JANEIRO,BRASILEIRA,Solteira,1971-09-27,RJ,FEMININO,Não,,Merendeira,1938.16,Não,Mensalista,54.0,812,0
CENTRO,F,NILOPOLIS,BRASILEIRA,Casado,1977-02-09,RJ,FEMININO,Não,,Professor Ii,862.46,Não,Mensalista,48.0,1048,0
BOTAFOGO,F,RIO DE JANEIRO,Brasileira,Solteiro,1979-10-10,RJ,FEMININO,Não,,Aux. De Controle De Endemias,1795.76,Não,Mensalista,46.0,518,0
PRAÇA SECA,F,RIO DE JANEIRO,BRASILEIRA,Solteira,1981-10-14,RJ,FEMININO,Não,,Professor Ii,8516.8,Não,Mensalista,44.0,1048,1
CACHAMBI,F,RIO DE JANEIRO,BRASILEIRA,Solteira,1968-11-24,RJ,FEMININO,Não,,Professor Ii,7005.28,Não,Mensalista,57.0,1048,1
CACHAMBI,F,RIO DE JANEIRO,BRASILEIRA,Solteira,1968-11-24,RJ,FEMININO,Não,,Professor Ii,11862.4,Não,Mensalista,57.0,1048,1
FREGUESIA,F,RIO DE JANEIRO,Brasileira,Solteira,1960-02-24,RJ,FEMININO,Não,,Professor Ii,5008.1,Não,Mensalista,65.0,1048,2
QUINTINO BOCAIUVA,F,RIO DE JANEIRO,BRASILEIRA,Divorciada,1967-12-31,RJ,FEMININO,Não,,Professor Ii,14219.84,Não,Mensalista,58.0,1048,1
QUINTINO BOCAIUVA,F,RIO DE JANEIRO,BRASILEIRA,Divorciada,1967-12-31,RJ,FEMININO,Não,,Professor Ii,5928.29,Não,Mensalista,58.0,1048,2
GUADALUPE,F,RIO DE JANEIRO,BRASILEIRA,Solteira,1974-09-29,RJ,FEMININO,Não,,Ag. De Educação Infantil,4470.56,Não,Mensalista,51.0,129,0
FREGUESIA,F,RIO DE JANEIRO,Brasileira,Casada,1967-03-24,RJ,FEMININO,Não,,Professor Ii,4860.28,Não,Mensalista,58.0,1048,2
ENGENHO DA RAINHA,F,RIO DE JANEIRO,Brasileira,Solteira,1971-04-06,RJ,FEMININO,Não,,Agente De Administração,11831.51,Não,Mensalista,54.0,216,1
INHOAIBA,F,RIO DE JANEIRO,Brasileira,Solteira,1966-11-02,RJ,FEMININO,Não,,Merendeira,1973.24,Não,Mensalista,59.0,812,2
INGÁ,F,NITEROI,BRASILEIRA,Solteiro,1975-06-23,RJ,FEMININO,Não,Risco PLD/FT Baixo,Assessor (Das-7),8532.1,Não,Mensalista,50.0,408,1
JARDIM SULACAP,F,RIO DE JANEIRO,BRASILEIRA,Solteira,1975-12-26,RJ,FEMININO,Não,,Tecnico De Laboratorio,5314.41,Não,Mensalista,50.0,1176,0
SENADOR CAMARA,F,RIO DE JANEIRO,BRASILEIRA,Viúvo,1948-04-11,RJ,FEMININO,Não,,Trabalhador,964.1,Não,Mensalista,77.0,1202,2
LEOPOLDINA,F,NOVA IGUACU,Brasileira,Solteiro,1964-08-19,RJ,MASCULINO,Não,,Recepcionista,1315.22,Não,Mensalista,61.0,1094,2
MADUREIRA,F,RIO DE JANEIRO,Brasileira,Casado,1945-09-15,RJ,MASCULINO,Não,,Servente,1476.6,Não,Mensalista,80.0,1116,2
BANGU,F,RIO DE JANEIRO,Brasileira,Divorciado,1957-10-01,RJ,MASCULINO,Não,,Aposentado,2756.19,Não,Mensalista,68.0,295,3
BANGU,F,RIO DE JANEIRO,Brasileira,Solteiro,1957-12-04,RJ,MASCULINO,Não,,Art. De Pavimentacao E Pedreir,2263.56,Não,Mensalista,68.0,366,3
SENADOR CAMARA,F,RIO DE JANEIRO,BRASILEIRO,Viúvo,1950-03-11,RJ,MASCULINO,Não,,Art De Pavimentação E Pedreira,2586.42,Não,Mensalista,75.0,330,3
CAMPO GRANDE,F,RIO DE JANEIRO,Brasileira,Casado,1954-06-22,RJ,MASCULINO,Não,,Motorista,3419.26,Não,Mensalista,71.0,827,2
CHATUBA,F,MESQUITA,Brasileira,Solteiro,1956-08-10,RJ,MASCULINO,Não,,Agente Vig.,2418.04,Não,Mensalista,69.0,276,3
GUARATIBA,F,RIO DE JANEIRO,Brasileira,Casado,1953-06-14,RJ,MASCULINO,Não,,Ii Sargento P.M.,4978.1,Não,Mensalista,72.0,780,2
PRAÇA DA BANDEIRA,F,RIO DE JANEIRO,Brasileira,Divorciado,1963-07-28,RJ,MASCULINO,Não,,Ag. De Vigilancia,2401.97,Não,Mensalista,62.0,140,3
NEVES,F,SAO GONCALO,Brasileira,União Estável,1947-06-02,RJ,MASCULINO,Não,,Oper.De Maquinas Pesadas,7688.98,Não,Mensalista,78.0,850,2
SANTA CRUZ,F,RIO DE JANEIRO,Brasileira,Casado,1969-07-31,RJ,MASCULINO,Não,,Servente,2663.68,Não,Mensalista,56.0,1116,2
JARDIM BOTANICO,F,RIO DE JANEIRO,Brasileira,Solteiro,1961-05-25,RJ,MASCULINO,Não,,Servente,3392.62,Não,Mensalista,64.0,1116,2
PACIENCIA,F,RIO DE JANEIRO,BRASILEIRA,Solteiro,1960-07-02,RJ,MASCULINO,Não,,Agente De Vigilancia,2681.12,Não,Mensalista,65.0,259,3
LEOPOLDINA,F,RIO DE JANEIRO,Brasileira,Casado,1960-01-15,RJ,MASCULINO,Não,,Ii Sargento P M,3662.9,Não,Mensalista,65.0,778,2
INHAUMA,F,RIO DE JANEIRO,Brasileira,Solteiro,1939-02-05,RJ,MASCULINO,Não,,Datilografo,2228.82,Não,Mensalista,86.0,690,2
CENTRO,F,RIO DE JANEIRO,BRASILEIRA,Casado,1960-07-03,RJ,FEMININO,Não,,Trabalhador,1557.84,Não,Mensalista,65.0,1202,2
REALENGO,F,RIO DE JANEIRO,Brasileira,Casado,1956-08-21,RJ,MASCULINO,Não,,Agente De Portaria,5474.65,Não,Mensalista,69.0,243,3
LINS DE VASCONCELOS,F,RIO DE JANEIRO,Brasileira,Casado,1947-06-14,RJ,MASCULINO,Não,,Art De Alv. E Pintura,4223.42,Não,Mensalista,78.0,303,3
BANGU,F,RIO DE JANEIRO,Brasileira,Casado,1947-02-01,RJ,MASCULINO,Não,,Agente De Material,1346.27,Não,Mensalista,78.0,242,3
GRAJAU,F,RIO DE JANEIRO,Brasileira,Casado,1950-01-12,RJ,MASCULINO,Não,,Ag. De Material,5350.44,Não,Mensalista,75.0,131,3
COMENDADOR SOARES,F,NOVA IGUAÇU,BRASILEIRA,Casado,1965-10-10,RJ,MASCULINO,Não,,Professor Ii,4616.17,Não,Mensalista,60.0,1048,2
SANTA CRUZ,F,RIO DE JANEIRO,Brasileira,Casado,1957-10-30,RJ,MASCULINO,Não,,Art. De Alvenaria E Pintura,2969.45,Não,Mensalista,68.0,340,3
REALENGO,F,RIO DE JANEIRO,BRASILEIRA,Solteiro,1980-05-18,RJ,MASCULINO,Não,Risco PLD/FT Baixo,Agente De Fazenda,10553.1,Não,Mensalista,45.0,240,1
SANTA CRUZ,F,RIO DE JANEIRO,Brasileira,Casado,1954-02-20,RJ,MASCULINO,Não,,Enfermeiro,5305.17,Não,Mensalista,71.0,724,2
CAMPO GRANDE,F,RIO DE JANEIRO,BRASILEIRA,Casado,1955-01-19,RJ,MASCULINO,Não,,Servente,1535.79,Não,Mensalista,70.0,1116,2
PACIENCIA,F,RIO DE JANEIRO,BRASILEIRA,Divorciado,1959-03-13,RJ,MASCULINO,Não,,Agente De Vigilancia,1329.78,Não,Mensalista,66.0,259,3
CAMPO GRANDE,F,RIO DE JANEIRO,Brasileira,Casado,1965-07-25,RJ,MASCULINO,Não,,Trabalhador,2438.94,Não,Mensalista,60.0,1202,2
ENGENHO DA RAINHA,F,RIO DE JANEIRO,Brasileira,Casado,1941-08-31,RJ,MASCULINO,Não,,Ag De Portaria,7004.34,Não,Mensalista,84.0,56,3
VILA VALQUEIRE,F,CURITIBA,Brasileiro,Viúvo,1951-07-21,PR,MASCULINO,Não,,Trabalhador,1401.58,Não,Mensalista,74.0,1202,2
PEDRA DE GUARATIBA,F,RIO DE JANEIRO,Brasileira,Casado,1965-01-21,RJ,MASCULINO,Não,,Professor Ii,16238.3,Não,Mensalista,60.0,1048,1
SANTO CRISTO,F,RIO DE JANEIRO,Brasileira,Solteiro,1968-09-17,RJ,MASCULINO,Não,,Merendeira,1022.2,Não,Mensalista,57.0,812,0
MAGALHAES BASTOS,F,RIO DE JANEIRO,Brasileira,Solteiro,1960-11-29,RJ,MASCULINO,Não,,Servente,3408.59,Não,Mensalista,65.0,1116,2
ENGENHO DA RAINHA,F,RIO DE JANEIRO,Brasileira,Casado,1956-04-08,RJ,MASCULINO,Não,,Motorista,4872.25,Não,Mensalista,69.0,827,2
SEPETIBA,F,RIO DE JANEIRO,Brasileira,Casado,1951-01-12,RJ,MASCULINO,Não,,Trabalhador Chefe 2,2791.52,Não,Mensalista,74.0,1209,2
HONORIO GURGEL,F,RIO DE JANEIRO,BRASILEIRA,Casado,1980-01-26,RJ,MASCULINO,Não,Risco PLD/FT Baixo,Policia Militar,7838.19,Não,Mensalista,45.0,866,1
NOGUEIRA,F,PETROPOLIS,BRASILEIRA,Solteiro,1971-01-18,RJ,MASCULINO,Não,Risco PLD/FT Baixo,Tecnico De Equipamentos Médico,2377.76,Não,Mensalista,54.0,1173,2
CENTRO,F,NILOPOLIS,Brasileira,Casado,1960-07-21,RJ,MASCULINO,Não,,Professor 3º Grau,6853.42,Não,Mensalista,65.0,989,2
BRAZ DE PINA,F,RIO DE JANEIRO,Brasileira,Casado,1953-11-08,RJ,MASCULINO,Não,,Tecnico Contabilidade,5333.68,Não,Mensalista,72.0,1170,2
VICENTE DE CARVALHO,F,RIO DE JANEIRO,Brasileira,Solteiro,1941-05-20,RJ,MASCULINO,Não,,Aposentado,2464.76,Não,Mensalista,84.0,295,3
SENADOR VASCONCELOS,F,RIO DE JANEIRO,BRASILEIRA,Divorciado,1965-04-19,RJ,MASCULINO,Não,,Agente De Vigilancia,3317.78,Não,Mensalista,60.0,259,3
TAUA,F,RIO DE JANEIRO,Brasileira,Solteiro,1958-09-21,RJ,MASCULINO,Não,,Aposentado,7396.94,Não,Mensalista,67.0,295,3
CENTRO,F,RIO DE JANEIRO,BRASILEIRA,Solteiro,1959-04-09,RJ,MASCULINO,Não,,Aux De Imob.Em Ortopedia,3165.81,Não,Mensalista,66.0,486,3
JARDIM CARIOCA,F,RIO DE JANEIRO,BRASILEIRA,Solteiro,1995-06-12,RJ,MASCULINO,Não,Risco PLD/FT Baixo,Aspirante Of Bm,13659.47,Não,Mensalista,30.0,393,1
PARQUE DAS MISSÕES,F,DUQUE DE CAXIAS,Brasileiro,Solteiro,1965-07-19,RJ,MASCULINO,Não,,Trabalhador,5542.76,Não,Mensalista,60.0,1202,2
JARDIM IMBARIE,F,DUQUE DE CAXIAS,Brasileira,Casado,1966-05-20,RJ,MASCULINO,Não,,Tecnico De Radiologia,3601.34,Não,Mensalista,59.0,1182,2
SEPETIBA,F,RIO DE JANEIRO,Brasileira,Divorciado,1956-02-15,RJ,MASCULINO,Não,,Op De Maquinas,3002.18,Não,Mensalista,69.0,845,2
BELFORD ROXO,F,RIO DE JANEIRO,Brasileira,Solteiro,1962-11-23,RJ,MASCULINO,Não,,Tecnico Em Radiologia,2526.24,Não,Mensalista,63.0,1185,2
DEL CASTILHO,F,RIO DE JANEIRO,Brasileira,União Estável,1968-03-29,RJ,MASCULINO,Não,,Ag Administração,2251.75,Não,Mensalista,57.0,21,3
SANTA CRUZ,F,RIO DE JANEIRO,BRASILEIRA,Divorciado,1977-09-03,RJ,MASCULINO,Não,,Aux. De Controle De Endemias,2366.99,Não,Mensalista,48.0,518,0
SENADOR CAMARA,F,RIO DE JANEIRO,Brasileira,Casado,1958-09-16,RJ,MASCULINO,Não,,Art. De Alvarenga E Pintura,2783.38,Não,Mensalista,67.0,339,3
BANGU,F,RIO DE JANEIRO,Brasileira,Solteiro,1967-02-01,RJ,MASCULINO,Não,,Auxiliar De Enfermagem,3763.04,Não,Mensalista,58.0,608,0
AUSTIN,F,NOVA IGUACU,Brasileira,Solteiro,1974-04-19,RJ,MASCULINO,Não,,Professor Ii,3535.8,Não,Mensalista,51.0,1048,0
CALIFORNIA,F,NOVA IGUAÇU,BRASILEIRA,Casado,1960-06-22,RJ,MASCULINO,Não,,Aux Imobilização Ortopédica,1555.0,Não,Mensalista,65.0,510,3
LEOPOLDINA,F,RIO DE JANEIRO,Brasileira,Não informado,1956-08-20,RJ,MASCULINO,Não,,Artifice De Mecanica,2449.52,Não,Mensalista,69.0,388,3
GUARATIBA,F,RIO DE JANEIRO,BRASILEIRA,Casado,1960-07-26,RJ,MASCULINO,Não,,Prof. I - Ciências,6377.52,Não,Mensalista,65.0,959,2
GUARATIBA,F,RIO DE JANEIRO,BRASILEIRA,Casado,1960-07-26,RJ,MASCULINO,Não,,Prof. I - Ciências,7302.05,Não,Mensalista,65.0,959,1
PAQUETA,F,RIO DE JANEIRO,Brasileira,Casado,1956-01-15,RJ,MASCULINO,Não,,Trabalhador,2172.17,Não,Mensalista,69.0,1202,2
TANQUE,F,RIO DE JANEIRO,BRASILEIRA,SOLTEIRO,1968-05-13,RJ,MASCULINO,Não,,Auxiliar De Enfermagem,4691.89,Não,Mensalista,57.0,608,0
AUGUSTO VASCONSELOS,F,RIO DE JANEIRO,BRASILEIRA,Casado,1965-10-19,RJ,MASCULINO,Não,,Trabalhador,3165.63,Não,Mensalista,60.0,1202,2
CAMPO GRANDE,F,RIO DE JANEIRO,Brasileira,Casado,1977-08-20,RJ,MASCULINO,Não,,Especial/ Assistente,4074.5,Não,Mensalista,48.0,742,0
COSMOS,F,RIO DE JANEIRO,Brasileira,Solteiro,1962-01-29,RJ,MASCULINO,Não,,Trabalhador,3104.1,Não,Mensalista,63.0,1202,2
EDSON PASSOS,F,MESQUITA,Brasileira,Solteiro,1959-03-12,RJ,MASCULINO,Não,,Trabalhador,3552.0,Não,Mensalista,66.0,1202,2
QUEIMADOS,F,RIO DE JANEIRO,Brasileira,Não informado,1954-05-13,RJ,MASCULINO,Não,,Aux. Op. Serv. Diversos,3349.4,Não,Mensalista,71.0,569,3
SANTA CRUZ,F,RIO DE JANEIRO,BRASILEIRA,Divorciado,1954-08-04,RJ,MASCULINO,Não,,Servente,1669.37,Não,Mensalista,71.0,1116,2
REALENGO,F,RIO DE JANEIRO,BRASILEIRA,Casado,1963-03-12,RJ,MASCULINO,Não,Risco PLD/FT Baixo,Agente De Vigilancia,5572.16,Não,Mensalista,62.0,259,3
ANCHIETA,F,RIO DE JANEIRO,Brasileira,Solteiro,1951-12-07,RJ,MASCULINO,Não,,Art. De Alvenaria E Pintura,3834.38,Não,Mensalista,74.0,340,3
BELFORD ROXO,F,RIO DE JANEIRO,Brasileira,Solteiro,1954-05-25,RJ,MASCULINO,Não,,Servente Supervisor,3777.82,Não,Mensalista,71.0,1120,2
DEL CASTILHO,F,RIO DE JANEIRO,BRASILEIRA,Casado,1947-12-20,RJ,MASCULINO,Não,,Agente De Portaria ( Sms),2554.33,Não,Mensalista,78.0,244,3
SANTISSIMO,F,RIO DE JANEIRO,BRASILEIRA,Solteiro,1962-03-14,RJ,MASCULINO,Não,,Agente De Vigilancia (Sms),2371.46,Não,Mensalista,63.0,261,3
LEOPOLDINA,F,RIO DE JANEIRO,Brasileira,Solteiro,1979-04-09,RJ,MASCULINO,Não,,Continuo,990.0,Não,Mensalista,46.0,673,0
BENTO RIBEIRO,F,RIO DE JANEIRO,Brasileira,Solteira,1957-05-16,RJ,FEMININO,Não,,Aposentada,4212.55,Não,Mensalista,68.0,294,3
GRAJAU,F,RIO DE JANEIRO,Brasileira,Divorciada,1950-09-17,RJ,FEMININO,Não,,Professor Ii / Diretor Adj,12082.0,Não,Mensalista,75.0,1052,1
CARAMUJO,F,RIO DE JANEIRO,Brasileira,Casado,1949-11-15,RJ,FEMININO,Não,,Aux.Operac. Serv.Diversos,2507.4,Não,Mensalista,76.0,590,3
REALENGO,F,RIO DE JANEIRO,Brasileira,Divorciada,1948-09-16,RJ,FEMININO,Não,,Copeiro (Sms),3143.36,Não,Mensalista,77.0,681,2
SANTA CRUZ,F,RIO DE JANEIRO,BRASILEIRA,Solteira,1976-06-14,RJ,FEMININO,Não,,Professor Ii,6398.3,Não,Mensalista,49.0,1048,0
LEOPOLDINA,F,RIO DE JANEIRO,Brasileira,Casado,1935-05-13,RJ,FEMININO,Não,,Merendeira,1066.08,Não,Mensalista,90.0,812,2
VILA DA PENHA,F,RIO DE JANEIRO,BRASILEIRA,Solteira,1981-08-23,RJ,FEMININO,Não,,Enfermeira,2137.91,Não,Mensalista,44.0,720,0
REALENGO,F,RIO DE JANEIRO,Brasileira,Viúvo,1971-02-12,RJ,FEMININO,Não,,Aux. De Enfermagem,2093.44,Não,Mensalista,54.0,525,0
CAMPO GRANDE,F,RIO DE JANEIRO,Brasileira,Casado,1950-07-14,RJ,FEMININO,Não,,Merendeira,1154.6,Não,Mensalista,75.0,812,2
AGOSTINHO PORTO,F,SÃO JOÃO DE MERITI,BRASILEIRA,Solteira,1952-01-18,RJ,FEMININO,Não,,Aux De Enfermagem,2747.81,Não,Mensalista,73.0,459,3
GARDENIA AZUL,F,RIO DE JANEIRO,Brasileira,Casada,1957-03-25,RJ,FEMININO,Não,,Tec De Prod E Organizaçao,4927.58,Não,Mensalista,68.0,1143,2
CORDOVIL,F,RIO DE JANEIRO,BRASILEIRA,Casada,1963-01-16,RJ,FEMININO,Não,,Profissional De Nivel Superior,4909.13,Não,Mensalista,62.0,1086,2
MEIER,F,RIO DE JANEIRO,Brasileira,Casada,1965-12-08,RJ,FEMININO,Não,,Aux De Enfermagem 2º Grau,5869.68,Não,Mensalista,60.0,474,3
SEPETIBA,F,RIO DE JANEIRO,BRASILEIRA,SOLTEIRO,1954-08-24,RJ,FEMININO,Não,,Agente De Administração,3253.43,Não,Mensalista,71.0,216,3
PRAÇA SECA,F,RIO DE JANEIRO,Brasileira,Divorciada,1965-01-01,RJ,FEMININO,Não,,Professor Ii,9155.13,Não,Mensalista,60.0,1048,1
FAZENDA BOTAFOGO,F,RIO DE JANEIRO,BRASILEIRA,Casado,1965-04-19,RJ,FEMININO,Não,,Asse. Esp. De T. Parlam.,6818.78,Não,Mensalista,60.0,406,3
MADUREIRA,F,RIO DE JANEIRO,Brasileira,Viúva,1956-06-25,RJ,FEMININO,Não,,Aux De Enfermagem 2º Grau,2986.59,Não,Mensalista,69.0,474,3
MANGUEIRA,F,RIO DE JANEIRO,BRASILEIRA,Solteira,1977-08-05,RJ,FEMININO,Não,,Agente De Educação Infantil,1549.98,Não,Mensalista,48.0,237,0
VILA ISABEL,F,RIO DE JANEIRO,BRASILEIRA,Divorciado,1964-05-23,RJ,FEMININO,Não,,Professor,8164.2,Não,Mensalista,61.0,984,1
VILA ISABEL,F,RIO DE JANEIRO,BRASILEIRA,Divorciada,1964-05-23,RJ,FEMININO,Não,,Professor,6360.22,Não,Mensalista,61.0,984,2
CAMPO GRANDE,F,RIO DE JANEIRO,Brasileira,Solteiro,1962-03-21,RJ,FEMININO,Não,,Aux. De Enf.,2107.86,Não,Mensalista,63.0,522,3
SANTA CRUZ,F,RIO DE JANEIRO,Brasileira,Solteiro,1957-12-30,RJ,FEMININO,Não,,Aux De Serv De Saude,2960.08,Não,Mensalista,68.0,492,3
BRAZ DE PINA,F,RIO DE JANEIRO,Brasileira,Solteira,1968-06-02,RJ,FEMININO,Não,,Merendeira,2422.25,Não,Mensalista,57.0,812,0
BRASILANDIA,F,SÃO GONÇALO,Brasileira,Solteira,1954-05-26,RJ,FEMININO,Não,,Copeiro (Sms),1311.09,Não,Mensalista,71.0,681,2
CAMPO GRANDE,F,RIO DE JANEIRO,Brasileira,Solteiro,1961-01-29,RJ,FEMININO,Não,,Prof. Ii - Lic. Plena,4976.72,Não,Mensalista,64.0,969,2
ROCHA MIRANDA,F,RIO DE JANEIRO,Brasileira,Casada,1954-03-19,RJ,FEMININO,Não,,Profissional De Nivel Superior,5477.9,Não,Mensalista,71.0,1086,2
BANGU,F,RIO DE JANEIRO,Brasileira,Solteira,1953-07-16,RJ,FEMININO,Não,,Merendeira,972.17,Não,Mensalista,72.0,812,2
BARRA DA TIJUCA,F,RIO DE JANEIRO,BRASILEIRA,Solteira,1966-08-11,RJ,FEMININO,Não,,Professor Ii,9239.73,Não,Mensalista,59.0,1048,1
BARRA DA TIJUCA,F,RIO DE JANEIRO,BRASILEIRA,Solteira,1966-08-11,RJ,FEMININO,Não,,Professor I Ingles,9239.73,Não,Mensalista,59.0,1044,1
SANTA CRUZ,F,RIO DE JANEIRO,BRASILEIRA,Solteira,1975-08-05,RJ,FEMININO,Não,,Professor Ii,6725.82,Não,Mensalista,50.0,1048,1
HIGIENOPOLIS,F,RIO DE JANEIRO,BRASILEIRA,Divorciada,1978-06-16,RJ,FEMININO,Não,,Professor Ii,4560.92,Não,Mensalista,47.0,1048,0
RECREIO DOS BANDEIRANTES,F,RIO DE JANEIRO,COLÔMBIANA,Casada,1957-01-08,RJ,FEMININO,Não,,Professor I - Espanhol,3548.45,Não,Mensalista,68.0,1034,2
PRES. JUSCELINO,F,MESQUITA,BRASILEIRA,Solteira,1979-07-12,RJ,FEMININO,Não,,Professor I - Geografia,6215.26,Não,Mensalista,46.0,1035,0
SANTA ROSA,F,NITERÓI,BRASILEIRA,Divorciada,1986-01-21,RJ,FEMININO,Não,,Agente De Educação Infantil,2866.67,Não,Mensalista,39.0,237,0
CENTRO,F,RIO DE JANEIRO,BRASILEIRA,União Estável,1949-05-15,RJ,FEMININO,Não,,Auxiliar De Enfermagem 2º Grau,2618.61,Não,Mensalista,76.0,620,3
SANTA CRUZ,F,RIO DE JANEIRO,BRASILEIRA,Solteira,1979-10-04,RJ,FEMININO,Não,,Professor Ii,8378.93,Não,Mensalista,46.0,1048,1
SENADOR CAMARA,F,RIO DE JANEIRO,BRASILEIRA,Casada,1978-01-14,RJ,FEMININO,Não,,Agente De Administração,2468.09,Não,Mensalista,47.0,216,0
MADUREIRA,F,RIO DE JANEIRO,Brasileira,Casado,1981-03-17,RJ,FEMININO,Não,,Militar Da Aeronautica,2047.0,Não,Mensalista,44.0,824,0
JARDIM BOTANICO,F,RIO DE JANEIRO,BRASILEIRA,Solteira,1988-01-26,RJ,FEMININO,Não,,Professor De Ensino Medio,7220.48,Não,Mensalista,37.0,1002,0
TAUA,F,RIO DE JANEIRO,BRASILEIRA,Casada,1966-01-15,RJ,FEMININO,Não,,Professor Ii/Diretor Adjunto,3751.84,Não,Mensalista,59.0,1064,2
CAMPO GRANDE,F,RIO DE JANEIRO,BRASILEIRA,Solteira,1973-02-09,RJ,FEMININO,Não,,Prof. De Ensino Fundamental,5623.64,Não,Mensalista,52.0,953,0
FAZENDA CAXIAS,F,SEROPEDICA,BRASILEIRA,Casado,1979-05-23,RJ,FEMININO,Não,Risco PLD/FT Baixo,Professor Docente I - 18 Horas,3249.17,Não,,46.0,1014,0
MEIER,F,RIO DE JANEIRO,BRASILEIRA,Casada,1961-02-27,RJ,FEMININO,Não,,Professor Ii,8028.76,Não,Mensalista,64.0,1048,1
ANDARAI,F,RIO DE JANEIRO,Brasileira,Solteira,1962-10-30,RJ,FEMININO,Não,,Copeiro (Sms),2547.93,Não,Mensalista,63.0,681,2
ITAUNA,F,RIO DE JANEIRO,Brasileira,Solteiro,1966-08-15,RJ,FEMININO,Não,,Aux De Enfermagem 1° Grau,3569.12,Não,Mensalista,59.0,467,3
CATUMBI,F,RIO DE JANEIRO,BRASILEIRA,Divorciada,1962-06-24,RJ,FEMININO,Não,,Ag De Educação Infantil,1865.25,Não,Mensalista,63.0,55,3
SAMPAIO,F,RIO DE JANEIRO,BRASILEIRA,Solteira,1969-10-23,RJ,FEMININO,Não,,Professor Ii,7200.14,Não,Mensalista,56.0,1048,1
PIEDADE,F,RIO DE JANEIRO,BRASILEIRA,Casado,1992-05-09,RJ,MASCULINO,Não,,Guarda Municipal,3173.43,Não,Mensalista,33.0,776,0
SEPETIBA,F,RIO DE JANEIRO,Brasileira,Viúvo,1954-04-07,RJ,FEMININO,Não,,Servente,1296.61,Não,Mensalista,71.0,1116,2
MONERÓ,F,RIO DE JANEIRO,BRASILEIRA,Solteiro,1977-03-09,RJ,FEMININO,Não,,Professor Ii,7172.39,Não,Mensalista,48.0,1048,1
PAVUNA,F,RIO DE JANEIRO,BRASILEIRA,Casada,1980-04-07,RJ,FEMININO,Não,,Aux De Enfermagem 2º Grau,7519.88,Não,Mensalista,45.0,474,0
CAMPO GRANDE,F,RIO DE JANEIRO,Brasileira,Divorciada,1969-05-16,RJ,FEMININO,Não,,Professor Ii,14826.12,Não,Mensalista,56.0,1048,1
CAMPO GRANDE,F,RIO DE JANEIRO,BRASILEIRA,Divorciada,1969-05-16,RJ,FEMININO,Não,,Professor Ii,16261.72,Não,Mensalista,56.0,1048,1
CAMPO GRANDE,F,RIO DE JANEIRO,Brasileira,Casada,1968-04-20,RJ,FEMININO,Não,,Agente De Administração,4431.79,Não,Mensalista,57.0,216,3
TAQUARA,F,RIO DE JANEIRO,BRASILEIRA,Viúva,1970-10-16,RJ,FEMININO,Não,,Merendeira,1847.09,Não,Mensalista,55.0,812,0
BANGU,F,RIO DE JANEIRO,Brasileira,Solteira,1970-04-15,RJ,FEMININO,Não,,Servente,2158.77,Não,Mensalista,55.0,1116,2
ANDARAI,F,RIO DE JANEIRO,BRASILEIRA,Solteira,1964-10-29,RJ,FEMININO,Não,,Professor Ii,5545.51,Não,Mensalista,61.0,1048,2
PACIENCIA,F,RIO DE JANEIRO,BRASILEIRA,Casada,1967-02-03,RJ,FEMININO,Não,,Professor Ii,9851.49,Não,Mensalista,58.0,1048,1
CENTRO,F,NITEROI,BRASILEIRA,Solteiro,1985-05-21,RJ,FEMININO,Não,Risco PLD/FT Baixo,Geólogo,11990.25,Não,Mensalista,40.0,772,1
TAQUARA,F,RIO DE JANEIRO,BRASILEIRA,Solteira,1962-01-14,RJ,FEMININO,Não,,Aux De Enfermagem 2º Grau,2384.37,Não,Mensalista,63.0,474,3
CAVALCANTE,F,RIO DE JANEIRO,Brasileira,Solteiro,1966-01-04,RJ,FEMININO,Não,,Aux. De Enf..,3808.04,Não,Mensalista,59.0,523,3
BRAZ DE PINA,F,RIO DE JANEIRO,BRASILEIRA,Casada,1968-04-12,RJ,FEMININO,Não,,Merendeira,2326.32,Não,Mensalista,57.0,812,0
OSWALDO CRUZ,F,RIO DE JANEIRO,Brasileira,Separada judicialmente,1968-10-23,RJ,FEMININO,Não,,Agente De Material,6685.89,Não,Mensalista,57.0,242,3
PACIENCIA,F,RIO DE JANEIRO,Brasileira,Casada,1967-11-08,RJ,FEMININO,Não,,Agente Comunitario Nivel I,1852.96,Não,Mensalista,58.0,199,3
REALENGO,F,RIO DE JANEIRO,BRASILEIRA,Casada,1962-02-16,RJ,FEMININO,Não,,Aposentada,1592.87,Não,Mensalista,63.0,294,3
CAMPO GRANDE,F,RIO DE JANEIRO,BRASILEIRA,Solteira,1965-03-31,RJ,FEMININO,Não,,Professor Ii,5287.75,Não,Mensalista,60.0,1048,2
CAMPO GRANDE,F,RIO DE JANEIRO,Brasileira,Solteira,1965-03-31,RJ,FEMININO,Não,,Professor Ii,5287.75,Não,Mensalista,60.0,1048,2
CAMPO GRANDE,F,RIO DE JANEIRO,Brasileira,Casado,1966-03-24,RJ,FEMININO,Não,,Merendeira,1499.66,Não,Mensalista,59.0,812,2
CENTRO,F,NILOPOLIS,BRASILEIRA,Casada,1969-02-20,RJ,FEMININO,Não,,Professor Ii,6976.71,Não,Mensalista,56.0,1048,1
CAMPO GRANDE,F,RIO DE JANEIRO,BRASILEIRA,Divorciada,1973-01-15,RJ,FEMININO,Não,,Agente Educardor Ii,2306.7,Não,Mensalista,52.0,270,0
PACIENCIA,F,RIO DE JANEIRO,Brasileira,Solteiro,1975-12-09,RJ,FEMININO,Não,,Agente De Administracao,3398.82,Não,Mensalista,50.0,213,0
BANGU,F,RIO DE JANEIRO,Brasileira,Casado,1968-11-13,RJ,FEMININO,Não,,Aux. De Enfermagem,2568.58,Não,Mensalista,57.0,525,0
CAMPO GRANDE,F,RIO DE JANEIRO,BRASILEIRA,Divorciada,1968-09-30,RJ,FEMININO,Não,,Professor Ii,4573.39,Não,Mensalista,57.0,1048,2
CAMPO GRANDE,F,RIO DE JANEIRO,Brasileira,Divorciada,1968-03-30,RJ,FEMININO,Não,,Professor Ii,4573.39,Não,Mensalista,57.0,1048,2
BENTO RIBEIRO,F,RIO DE JANEIRO,BRASILEIRA,Divorciada,1958-09-24,RJ,FEMININO,Não,,Aux. De Enfermagem 2ª Grau,3989.69,Não,Mensalista,67.0,537,3
DEODORO,F,RIO DE JANEIRO,Brasileira,Solteira,1953-12-11,RJ,FEMININO,Não,,Servente,1739.27,Não,Mensalista,72.0,1116,2
PACIENCIA,F,RIO DE JANEIRO,Brasileira,Solteiro,1965-02-19,RJ,FEMININO,Não,,Merendeira,829.88,Não,Mensalista,60.0,812,2
MADUREIRA,F,RIO DE JANEIRO,Brasileira,Solteiro,1984-06-27,RJ,FEMININO,Não,,Prof. Ii,3656.52,Não,Mensalista,41.0,968,0
SANTA CRUZ,F,RIO DE JANEIRO,BRASILEIRA,Casada,1958-11-10,RJ,FEMININO,Não,,Ag. Comunitario Nível Ii,2424.7,Não,Mensalista,67.0,100,3
TAGUARA,F,RIO DE JANEIRO,BRASILEIRA,Viúva,1947-02-26,RJ,FEMININO,Não,,Professor Ii,3864.57,Não,Mensalista,78.0,1048,2
TAGUARA,F,RIO DE JANEIRO,Brasileira,Viúva,1947-02-26,RJ,FEMININO,Não,,Professora,3864.57,Não,Mensalista,78.0,1070,2
PARQUE URUGUAIANA,F,DUQUE DE CAXIAS,Brasileira,Divorciada,1965-10-20,RJ,FEMININO,Não,,Aux De Enfermagem,5064.71,Não,Mensalista,60.0,459,3
MARIA PAULA,F,SAO GONCALO,BRASILEIRA,Casado,1958-09-23,RJ,FEMININO,Não,,Merendeira,734.38,Não,Mensalista,67.0,812,2
ROCHA MIRANDA,F,RIO DE JANEIRO,BRASILEIRA,Casada,1965-10-24,RJ,FEMININO,Não,,Professor Ii,10332.33,Não,Mensalista,60.0,1048,1
ROCHA MIRANDA,F,RIO DE JANEIRO,BRASILEIRA,Casada,1965-10-24,RJ,FEMININO,Não,,Professor Ii,10332.23,Não,Mensalista,60.0,1048,1
SANTA CRUZ,F,RIO DE JANEIRO,Brasileira,Casada,1950-09-23,RJ,FEMININO,Não,,Ag. Comun. Nivel Ii,2424.7,Não,Mensalista,75.0,92,3
SANTA TERESA,F,RIO DE JANEIRO,BRASILEIRA,Solteira,1964-10-05,RJ,FEMININO,Não,,Agente Comunitario Nivel I (Qs,2313.28,Não,Mensalista,61.0,200,3
CURICICA,F,RIO DE JANEIRO,BRASILEIRA,Viúva,1954-01-20,RJ,FEMININO,Não,,Merendeira,1262.64,Não,Mensalista,71.0,812,2
CARAMUJO,F,RIO DE JANEIRO,Brasileira,Solteiro,1962-03-20,RJ,FEMININO,Não,,Aux. Tec De Defesa Civil/ Dire,6292.08,Não,Mensalista,63.0,577,3
SANTA CRUZ,F,RIO DE JANEIRO,Brasileira,Viúva,1958-09-08,RJ,FEMININO,Não,,Aposentada,1739.27,Não,Mensalista,67.0,294,3
ENGENHO DE DENTRO,F,RIO DE JANEIRO,Brasileira,Solteiro,1945-02-08,RJ,FEMININO,Não,,Prof Ii,6899.98,Não,Mensalista,80.0,930,2
BANGU,F,RIO DE JANEIRO,Brasileira,Casado,1959-07-17,RJ,FEMININO,Não,,Zelador,3370.5,Não,Mensalista,66.0,1238,2
HIGIENOPOLIS,F,RIO DE JANEIRO,Brasileira,Viúvo,1935-10-15,RJ,FEMININO,Não,,Assist. Administracao,2305.26,Não,Mensalista,90.0,418,3
SÃO MATEUS,F,SÃO JOÃO DE MERITI,BRASILEIRA,Casada,1960-03-17,RJ,FEMININO,Não,,Merendeira,2499.96,Não,Mensalista,65.0,812,2
BANGU,F,RIO DE JANEIRO,Brasileira,Solteira,1953-03-11,RJ,FEMININO,Não,,Ag De Administração,4272.82,Não,Mensalista,72.0,40,3
QUINTINO BOCAIUVA,F,RIO DE JANEIRO,BRASILEIRA,Casada,1950-12-10,RJ,FEMININO,Não,,Professor I Matemática,2811.3,Não,Mensalista,75.0,1046,2
QUINTINO BOCAIUVA,F,RIO DE JANEIRO,BRASILEIRA,Casada,1950-12-10,RJ,FEMININO,Não,,Professor Ii,6306.09,Não,Mensalista,75.0,1048,2
PADRE MIGUEL,F,RIO DE JANEIRO,BRASILEIRA,Casada,1967-05-05,RJ,FEMININO,Não,,Merendeira / Chefe Ii,4106.49,Não,Mensalista,58.0,814,0
CAMPO GRANDE,F,RIO DE JANEIRO,Brasileira,Solteira,1958-01-20,RJ,FEMININO,Não,,Aux. De Enfermagem,5564.31,Não,Mensalista,67.0,525,3
COELHO NETO,F,RIO DE JANEIRO,Brasileira,Divorciada,1961-06-01,RJ,FEMININO,Não,,Aposentada,3197.18,Não,Mensalista,64.0,294,3
JARDIM IMPERIAL,F,ITABORAI,Brasileira,Solteira,1958-04-15,RJ,FEMININO,Não,,Aposentada,1592.87,Não,Mensalista,67.0,294,3
SANTA CRUZ,F,RIO DE JANEIRO,BRASILEIRA,Solteiro,1960-01-16,RJ,FEMININO,Não,Risco PLD/FT Baixo,Odontologo Lei 7946´18,10179.76,Não,Mensalista,65.0,838,1
CAMPO GRANDE,F,RIO DE JANEIRO,Brasileira,Solteiro,1958-10-28,RJ,FEMININO,Não,,Aux. De Enf.,3172.82,Não,Mensalista,67.0,522,3
VILA DA PENHA,F,RIO DE JANEIRO,Brasileira,Divorciado,1952-12-05,RJ,FEMININO,Não,,Professor I,2169.95,Não,Mensalista,73.0,1028,2
VILA DA PENHA,F,RIO DE JANEIRO,BRASILEIRA,Divorciado,1952-12-05,RJ,FEMININO,Não,,Professor,4126.85,Não,Mensalista,73.0,984,2
CAMPO GRANDE,F,RIO DE JANEIRO,Brasileira,Solteiro,1967-09-04,RJ,FEMININO,Não,,Merendeira,1495.84,Não,Mensalista,58.0,812,0
PEDRA DE GUARATIBA,F,RIO DE JANEIRO,BRASILEIRA,Casada,1966-06-09,RJ,FEMININO,Não,,Professor Ii,7384.02,Não,Mensalista,59.0,1048,1
PEDRA DE GUARATIBA,F,RIO DE JANEIRO,BRASILEIRA,Casada,1966-06-09,RJ,FEMININO,Não,,Professor I,7384.02,Não,Mensalista,59.0,1028,1
TURIAÇU,F,RIO DE JANEIRO,BRASILEIRA,Solteira,1959-02-14,RJ,FEMININO,Não,,Professor Ii,4300.51,Não,Mensalista,66.0,1048,2
PIEDADE,F,RIO DE JANEIRO,Brasileira,Viúva,1959-08-07,RJ,FEMININO,Não,,Agente Educador Ii,2125.54,Não,Mensalista,66.0,268,3
JARDIM SÃO VICENTE,F,NOVA IGUAÇU,Brasileira,Casado,1958-08-26,RJ,FEMININO,Não,,Servente,2177.26,Não,Mensalista,67.0,1116,2
SÃO CRISTOVÃO,F,RIO DE JANEIRO,BRASILEIRA,Solteira,1950-10-14,RJ,FEMININO,Não,,Professor Ii,3778.86,Não,Mensalista,75.0,1048,2
SÃO CRISTOVÃO,F,RIO DE JANEIRO,Brasileira,Solteira,1950-10-14,RJ,FEMININO,Não,,Professor Ii,5136.15,Não,Mensalista,75.0,1048,2
SANTA CATARINA,F,SAO GONCALO,Brasileira,Solteira,1958-03-10,RJ,FEMININO,Não,,Aux De Enfermagem 2ºgrau,3417.68,Não,Mensalista,67.0,476,3
OLARIA,F,RIO DE JANEIRO,Brasileira,Casada,1968-09-10,RJ,FEMININO,Não,,Aux De Enfermagem 2º Grau,5278.87,Não,Mensalista,57.0,474,0
TAQUARA,F,RIO DE JANEIRO,Brasileira,Não informado,1962-02-28,RJ,FEMININO,Não,,Agt. Adm.,2978.86,Não,Mensalista,63.0,281,3
PRAÇA SECA,F,RIO DE JANEIRO,BRASILEIRA,Solteira,1963-08-16,RJ,FEMININO,Não,,Aux De Enfermagem 2º Grau,2523.04,Não,Mensalista,62.0,474,3
ANA CLARA,F,ALCANTARA,Brasileira,Casado,1956-03-09,RJ,FEMININO,Não,,Agente Administrativo,6565.28,Não,Mensalista,69.0,178,3
MADUREIRA,F,RIO DE JANEIRO,Brasileira,Solteiro,1955-03-04,RJ,FEMININO,Não,,Ag. De Saude Publica,4097.78,Não,Mensalista,70.0,135,3
VARGEM PEQUENA,F,RIO DE JANEIRO,BRASILEIRA,Casada,1967-06-18,RJ,FEMININO,Não,,Enfermeiro/Diretor Iv,11684.56,Não,Mensalista,58.0,730,1
CENTRO,F,MESQUITA,Brasileira,Viúva,1961-02-01,RJ,FEMININO,Não,,Ag Comunitario,2591.07,Não,Mensalista,64.0,33,3
OSWALDO CRUZ,F,RIO DE JANEIRO,Brasileira,Divorciado,1965-02-08,RJ,FEMININO,Não,,Agente De Administração,7046.38,Não,Mensalista,60.0,216,3
CASCADURA,F,RIO DE JANEIRO,Brasileira,Casado,1953-08-12,RJ,FEMININO,Não,,Aux. De Enfermagem,371.14,Não,Mensalista,72.0,525,3
MADUREIRA,F,RIO DE JANEIRO,Brasileira,Viúva,1956-07-25,RJ,FEMININO,Não,,Servente,1325.58,Não,Mensalista,69.0,1116,2
SANTA CRUZ,F,RIO DE JANEIRO,Brasileira,Casado,1971-05-18,RJ,FEMININO,Não,,Merendeira,1334.98,Não,Mensalista,54.0,812,0
PAVUNA,F,RIO DE JANEIRO,Brasileira,Divorciado,1971-06-01,RJ,FEMININO,Não,,Proii,4336.18,Não,Mensalista,54.0,1088,0
MARACANA,F,RIO DE JANEIRO,Brasileira,Casado,1943-09-02,RJ,FEMININO,Não,,Espec. De Educação,3819.3,Não,Mensalista,82.0,740,2
BANGU,F,RIO DE JANEIRO,Brasileira,Divorciado,1955-01-13,RJ,FEMININO,Não,,Prof. Ii,5535.66,Não,Mensalista,70.0,968,2
CASCADURA,F,RIO DE JANEIRO,Brasileira,Divorciado,1958-01-25,RJ,FEMININO,Não,,Aux. De Enfermagem,3860.56,Não,Mensalista,67.0,525,3
ROCHA MIRANDA,F,RIO DE JANEIRO,Brasileira,Solteiro,1966-06-02,RJ,FEMININO,Não,,Inspetor De Alunos,1377.54,Não,Mensalista,59.0,789,0
JARDIM AMERICA,F,RIO DE JANEIRO,Brasileira,Viúva,1965-10-08,RJ,FEMININO,Não,,Professor Ii,7003.0,Não,Mensalista,60.0,1048,1
MARECHAL HERMES,F,RIO DE JANEIRO,BRASILEIRA,Solteira,1963-09-20,RJ,FEMININO,Não,,Prof.Ii,3584.54,Não,Mensalista,62.0,977,2
MARECHAL HERMES,F,RIO DE JANEIRO,BRASILEIRA,Solteira,1963-09-20,RJ,FEMININO,Não,,Prof.Ii,2945.78,Não,Mensalista,62.0,977,2
GUARATIBA,F,RIO DE JANEIRO,BRASILEIRA,Viúva,1963-05-13,RJ,FEMININO,Não,,Aux De Enfermagem 2º Grau,2064.7,Não,Mensalista,62.0,474,3
SENADOR CAMARA,F,RIO DE JANEIRO,BRASILEIRA,Viúva,1956-06-21,RJ,FEMININO,Não,,Aposentada,3173.28,Não,Mensalista,69.0,294,3
BANGU,F,RIO DE JANEIRO,Brasileira,Viúvo,1947-09-30,RJ,FEMININO,Não,,Servente,1127.76,Não,Mensalista,78.0,1116,2
SANTA CRUZ,F,RIO DE JANEIRO,Brasileira,Casado,1957-10-22,RJ,FEMININO,Não,,Copeiro,1050.0,Não,Mensalista,68.0,678,2
ANDARAI,F,RIO DE JANEIRO,BRASILEIRA,Casada,1945-07-12,RJ,FEMININO,Não,,Professor Ii,0.0,Não,Mensalista,80.0,1048,2
ANDARAI,F,RIO DE JANEIRO,Brasileira,Casada,1945-07-12,RJ,FEMININO,Não,,Prof I Lingua Portuguesa,5616.3,Não,Mensalista,80.0,924,2
SÃO GONÇALO,F,RIO DE JANEIRO,Brasileira,Solteiro,1952-10-21,RJ,FEMININO,Não,,Inspetor De Alino,3593.18,Não,Mensalista,73.0,786,2
CAMPO GRANDE,F,RIO DE JANEIRO,BRASILEIRO,Divorciado,1963-02-01,RJ,MASCULINO,Não,,Trabalhador/Supervisor,2239.46,Não,Mensalista,62.0,1223,2
PADRE MIGUEL,F,RIO DE JANEIRO,Brasileira,Viúvo,1945-07-16,RJ,MASCULINO,Não,,Trabalhador,1580.29,Não,Mensalista,80.0,1202,2
SANTISSIMO,F,RIO DE JANEIRO,Brasileira,Casado,1961-10-23,RJ,MASCULINO,Não,,Trabalhador,2598.08,Não,Mensalista,64.0,1202,2
PIEDADE,F,RIO DE JANEIRO,Brasileira,Casado,1963-07-29,RJ,MASCULINO,Não,,Trabalhador,1490.85,Não,Mensalista,62.0,1202,2
CAMPO GRANDE,F,RIO DE JANEIRO,BRASILEIRA,Solteira,1962-10-21,RJ,FEMININO,Não,,Aposentada,3694.47,Não,Mensalista,63.0,294,3
CAMPO GRANDE,F,RIO DE JANEIRO,Brasileira,Solteira,1962-10-21,RJ,FEMININO,Não,,Professor Ii,6343.73,Não,Mensalista,63.0,1048,2
VILA ISABEL,F,RIO DE JANEIRO,Brasileira,Solteiro,1946-09-09,RJ,FEMININO,Não,,Fonoaudiologa,1484.0,Não,Mensalista,79.0,765,2
HONORIO GURGEL,F,RIO DE JANEIRO,Brasileira,Casado,1954-03-04,RJ,MASCULINO,Não,,Agente Administrativo,2811.76,Não,Mensalista,71.0,178,3
CAMPO GRANDE,F,RIO DE JANEIRO,Brasileira,Divorciado,1959-11-14,RJ,MASCULINO,Não,,Trabalhador,2982.98,Não,Mensalista,66.0,1202,2
INHAUMA,F,RIO DE JANEIRO,Brasileira,Casado,1955-06-07,RJ,MASCULINO,Não,,Trabalhador,2782.22,Não,Mensalista,70.0,1202,2
JARDIM PRIMAVERA,F,DUQUE DE CAXIAS,BRASILEIRA,Solteiro,1967-10-28,RJ,MASCULINO,Não,Risco PLD/FT Baixo,Professor De Ensino Fundamenta,11934.87,Não,Mensalista,58.0,1001,1
COSMORAMA,F,MESQUITA,Brasileira,Casado,1960-02-27,RJ,MASCULINO,Não,,Art.De Alv.E Pintura,4600.57,Não,Mensalista,65.0,375,3
CAMPO GRANDE,F,RIO DE JANEIRO,Brasileira,Divorciado,1953-08-21,RJ,MASCULINO,Não,,Servente,1895.3,Não,Mensalista,72.0,1116,2
ROCHA MIRANDA,F,RIO DE JANEIRO,Brasileira,Casado,1957-06-06,RJ,MASCULINO,Não,,Ag. Aux. De Administração,8930.84,Não,Mensalista,68.0,86,3
HAWAI,F,ARARUAMA,Brasileira,Solteiro,1937-12-30,RJ,MASCULINO,Não,,Ag. De Portaria,1537.57,Não,Mensalista,88.0,133,3
SAO MATHEUS,F,SÃO JOÃO DE MERITI,Brasileira,União Estável,1947-01-01,RJ,MASCULINO,Não,,Operador De Maquinas Pesadas,3222.5,Não,Mensalista,78.0,855,2
PIEDADE,F,RIO DE JANEIRO,Brasileira,Solteiro,1958-10-01,RJ,MASCULINO,Não,,Agente De Vigilancia,2418.84,Não,Mensalista,67.0,259,3
AREIA BRANCA,F,RIO DE JANEIRO,BRASILEIRA,Casado,1950-09-10,RJ,MASCULINO,Não,,Engenheiro,5000.0,Não,Mensalista,75.0,733,2
PACIENCIA,F,RIO DE JANEIRO,BRASILEIRA,Divorciada,1964-06-21,RJ,FEMININO,Não,,Aux De Enfermagem 2º Grau,3604.93,Não,Mensalista,61.0,474,3
LEBLON,F,RIO DE JANEIRO,BRASILEIRA,Solteiro,1978-04-11,RJ,MASCULINO,Não,,Guarda Municipal,3614.74,Não,Mensalista,47.0,776,0
MURIQUI,F,MANGARATIBA,BRASILEIRA,Divorciado,1968-04-16,RJ,MASCULINO,Não,,Guarda Municipal,6952.36,Não,Mensalista,57.0,776,1
CENTRO,F,CURITIBA,Brasileira,Divorciado,1948-08-13,PR,MASCULINO,Não,,Motorista,3534.85,Não,Mensalista,77.0,827,2
PENHA,F,RIO DE JANEIRO,Brasileira,Casado,1960-08-27,RJ,MASCULINO,Não,,Assist. Adm.,4684.06,Não,Mensalista,65.0,417,3
SEPETIBA,F,RIO DE JANEIRO,Brasileira,Casado,1956-11-29,RJ,MASCULINO,Não,,Aposentado,1436.79,Não,Mensalista,69.0,295,3
SANTA ROSA,F,NITERÓI,BRASILEIRA,Casado,1968-01-10,RJ,MASCULINO,Não,,Recepcionista,3585.36,Não,Mensalista,57.0,1094,2
JACAREPAGUA,F,RIO DE JANEIRO,Brasileira,Casado,1958-05-20,RJ,MASCULINO,Não,,Ass. Administracao,4475.34,Não,Mensalista,67.0,399,3
COELHO NETO,F,RIO DE JANEIRO,Brasileira,Solteiro,1968-08-25,RJ,FEMININO,Não,,Merendeira,1500.24,Não,Mensalista,57.0,812,0
PECHINCHA,F,RIO DE JANEIRO,BRASILEIRA,Solteira,1979-05-11,RJ,FEMININO,Não,,Professor Ii / Diretor Iv,5387.52,Não,Mensalista,46.0,1053,0
GRAÇAS,F,CURITIBA,Brasileira,Separada judicialmente,1975-09-14,PR,FEMININO,Não,,Professor Ii,4498.8,Não,Mensalista,50.0,1048,0
TOMAS COELHO,F,RIO DE JANEIRO,BRASILEIRA,Solteira,1973-02-20,RJ,FEMININO,Não,,Merendeira,1677.48,Não,Mensalista,52.0,812,0
JACAREPAGUA,F,RIO DE JANEIRO,BRASILEIRA,Divorciada,1969-04-16,RJ,FEMININO,Não,,Ag De Educação Infantil,3161.5,Não,Mensalista,56.0,55,3
GARDENIA AZUL,F,RIO DE JANEIRO,BRASILEIRA,Casada,1972-06-17,RJ,FEMININO,Não,,Ag. De Educação Infantil,3041.54,Não,Mensalista,53.0,129,3
SAUDE,F,RIO DE JANEIRO,Brasileira,Solteira,1956-06-05,RJ,FEMININO,Não,,Professor Ii,5642.23,Não,Mensalista,69.0,1048,2
VASCO GAMA,F,RIO DE JANEIRO,BRASILEIRA,Solteira,1968-11-29,RJ,FEMININO,Não,,Professor Ii,8230.18,Não,Mensalista,57.0,1048,1
CARAMUJO,F,RIO DE JANEIRO,Brasileira,Casado,1956-12-24,RJ,FEMININO,Não,,Prof. I,0.0,Não,Mensalista,69.0,958,2
JARDIM MERITI,F,SÃO JOÃO DE MERITI,Brasileira,Divorciada,1959-08-19,RJ,FEMININO,Não,,Copeira,2590.52,Não,Mensalista,66.0,677,2
CENTRO,F,RIO DE JANEIRO,Brasileira,Solteiro,1955-06-08,RJ,MASCULINO,Não,,Segundo-Sargento,4539.0,Não,Mensalista,70.0,1115,2
VILA OPERARIA,F,NOVA IGUAÇU,Brasileira,Casado,1959-11-04,RJ,MASCULINO,Não,,Servente,2144.53,Não,Mensalista,66.0,1116,2
BENTO RIBEIRO,F,RIO DE JANEIRO,BRASILEIRA,Divorciado,1956-03-31,RJ,MASCULINO,Não,,Trabalhador,2849.7,Não,Mensalista,69.0,1202,2
CAMPO GRANDE,F,RIO DE JANEIRO,Brasileira,Casada,1951-12-09,RJ,FEMININO,Não,,Servente,1310.14,Não,Mensalista,74.0,1116,2
GUARATIBA,F,RIO DE JANEIRO,BRASILEIRA,Casada,1952-11-27,RJ,FEMININO,Não,,Professor I,6181.04,Não,Mensalista,73.0,1028,2
GUARATIBA,F,RIO DE JANEIRO,BRASILEIRA,Casada,1952-11-27,RJ,FEMININO,Não,,Professor Ii,3727.21,Não,Mensalista,73.0,1048,2
TIJUCA,F,RIO DE JANEIRO,Brasileira,Solteira,1946-05-30,RJ,FEMININO,Não,,Recepcionista (Sms),2062.31,Não,Mensalista,79.0,1095,2
MADUREIRA,F,RIO DE JANEIRO,BRASILEIRA,Separada judicialmente,1971-05-28,RJ,FEMININO,Não,,Aux De Enfermagem 2º Grau,2363.22,Não,Mensalista,54.0,474,0
CARAMUJO,F,RIO DE JANEIRO,Brasileira,Solteiro,1949-11-19,RJ,FEMININO,Não,,Prof.Ii Lic. Plena,7119.42,Não,Mensalista,76.0,980,2
SANTA ISABEL,F,SÃO GONÇALO,BRASILEIRA,Solteira,1988-02-19,RJ,FEMININO,Não,,Tecnico De Enfermagem,2319.27,Não,Mensalista,37.0,1172,0
MIGUEL COUTO,F,NOVA IGUAÇU,Brasileira,Casada,1977-09-21,RJ,FEMININO,Não,,Professor,2071.14,Não,Mensalista,48.0,984,0
NOVA AMERICA,F,NOVA IGUAÇU,BRASILEIRA,Casada,1977-09-21,RJ,FEMININO,Não,,Professor Ii,5247.56,Não,Mensalista,48.0,1048,0
PACIENCIA,F,RIO DE JANEIRO,BRASILEIRA,Solteira,1980-11-16,RJ,FEMININO,Não,,Ag Educador Ii,2377.65,Não,Mensalista,45.0,69,0
JACAREPAGUA,F,RIO DE JANEIRO,BRASILEIRA,SOLTEIRO,1979-08-17,RJ,FEMININO,Não,,Prof. Ii,3184.92,Não,Mensalista,46.0,968,0
PACIENCIA,F,RIO DE JANEIRO,BRASILEIRA,Solteira,1977-06-21,RJ,FEMININO,Não,,Prof.Ii,3810.62,Não,Mensalista,48.0,977,0
SENADOR VASCONCELOS,F,RIO DE JANEIRO,BRASILEIRA,Casada,1975-07-15,RJ,FEMININO,Não,,Tec. De Enfermagem,3574.88,Não,Mensalista,50.0,1152,0
COSMOS,F,RIO DE JANEIRO,Brasileira,Divorciada,1977-01-09,RJ,FEMININO,Não,,Aux. De Enfermagem,9311.89,Não,Mensalista,48.0,525,1
COSMOS,F,RIO DE JANEIRO,BRASILEIRA,Divorciada,1977-01-09,RJ,FEMININO,Não,,Aux. De Enfermagem,9311.89,Não,Mensalista,48.0,525,1
TAQUARA,F,RIO DE JANEIRO,BRASILEIRA,SOLTEIRO,1984-01-31,RJ,FEMININO,Não,,Recepcionista,2159.79,Não,Mensalista,41.0,1094,0
INHAUMA,F,NOVA IGUACU,Brasileira,Casado,1972-08-29,RJ,FEMININO,Não,,Aux. De Enfermagem,2608.56,Não,Mensalista,53.0,525,0
PITANGUEIRAS,F,RIO DE JANEIRO,Brasileira,Solteiro,1971-02-27,RJ,FEMININO,Não,,Prof. Ii,4097.52,Não,Mensalista,54.0,968,0
JACARÉ,F,RIO DE JANEIRO,BRASILEIRA,Solteira,1980-10-23,RJ,FEMININO,Não,,Agente De Educacao Infantil,2895.4,Não,Mensalista,45.0,232,0
CIDADE NOVA,F,RIO DE JANEIRO,BRASILEIRA,Solteira,1977-02-01,RJ,FEMININO,Não,,Professor Ii,9382.87,Não,Mensalista,48.0,1048,1
SANTA CRUZ,F,RIO DE JANEIRO,BRASILEIRA,Casada,1975-08-05,RJ,FEMININO,Não,,Merendeira,1211.0,Não,Mensalista,50.0,812,0
SARGENTO RONCALI,F,BELFORD ROXO,BRASILEIRA,Casada,1991-04-26,RJ,FEMININO,Não,Risco PLD/FT Baixo,Agente Educador Ii,2053.06,Não,Mensalista,34.0,268,0
CAMPO GRANDE,F,RIO DE JANEIRO,Brasileira,Divorciada,1975-01-01,RJ,FEMININO,Não,,Professor Ii,9397.36,Não,Mensalista,50.0,1048,1
OSWALDO CRUZ,F,RIO DE JANEIRO,Brasileira,Casada,1957-02-12,RJ,FEMININO,Não,,Aux De Enfermagem 2º Grau,1640.92,Não,Mensalista,68.0,474,3
HIGIENOPOLIS,F,RIO DE JANEIRO,Brasileira,Divorciada,1961-11-02,RJ,FEMININO,Não,,Professor Ii,5895.89,Não,Mensalista,64.0,1048,2
HIGIENOPOLIS,F,RIO DE JANEIRO,BRASILEIRA,Divorciada,1961-11-02,RJ,FEMININO,Não,,Professor Ii,9161.37,Não,Mensalista,64.0,1048,1
BANGU,F,RIO DE JANEIRO,Brasileira,Divorciado,1947-11-20,RJ,FEMININO,Não,,Servente,1620.1,Não,Mensalista,78.0,1116,2
PENHA,F,RIO DE JANEIRO,Brasileira,Casado,1959-02-18,RJ,MASCULINO,Não,,Trabalhador/Subgerente,5006.29,Não,Mensalista,66.0,1219,2
SENADOR CAMARA,F,RIO DE JANEIRO,BRASILEIRA,Divorciado,1959-08-04,RJ,MASCULINO,Não,,Trabalhador,1391.41,Não,Mensalista,66.0,1202,2
ESTÁCIO,F,RIO DE JANEIRO,BRASILEIRA,Solteira,1980-01-01,RJ,FEMININO,Não,,Ag. De Educação Infantil,5242.77,Não,Mensalista,45.0,129,0
SANTO EXPEDITO,F,QUEIMADOS,BRASILEIRA,Solteiro,1981-09-15,RJ,MASCULINO,Não,Risco PLD/FT Baixo,Agente Educador Ii,1825.52,Não,Mensalista,44.0,268,0
BANGU,F,RIO DE JANEIRO,Brasileira,Solteiro,1954-03-02,RJ,FEMININO,Não,,Copeira,1164.0,Não,Mensalista,71.0,677,2
BENTO RIBEIRO,F,RIO DE JANEIRO,Brasileira,Solteiro,1978-01-17,RJ,FEMININO,Não,,Terc. Sargento,4517.56,Não,Mensalista,47.0,1199,0
VILA ISABEL,F,RIO DE JANEIRO,BRASILEIRA,Divorciada,1964-06-22,RJ,FEMININO,Não,,Enfermeiro/Chefe Ii,6261.3,Não,Mensalista,61.0,729,2
TURIAÇU,F,RIO DE JANEIRO,BRASILEIRA,Viúva,1954-10-25,RJ,FEMININO,Não,,Aux De Enfermagem 2º Grau,4583.45,Não,Mensalista,71.0,474,3
PIEDADE,F,RIO DE JANEIRO,Brasileira,Casado,1953-06-20,RJ,FEMININO,Não,,Agente De Administração,1032.63,Não,Mensalista,72.0,216,3
LINS DE VASCONCELOS,F,RIO DE JANEIRO,BRASILEIRA,Divorciada,1971-09-28,RJ,FEMININO,Não,,Professor Ii,10345.87,Não,Mensalista,54.0,1048,1
AGOSTINHO PORTO,F,SÃO JOÃO DE MERITI,Brasileira,Solteiro,1977-06-11,RJ,FEMININO,Não,,Agente De Administração,3376.62,Não,Mensalista,48.0,216,0
PENHA CIRCULAR,F,RIO DE JANEIRO,BRASILEIRA,Solteira,1968-04-03,RJ,FEMININO,Não,,Ag De Administração/ Subgerent,8988.62,Não,Mensalista,57.0,43,3
BANGU,F,RIO DE JANEIRO,BRASILEIRA,Solteira,1970-05-13,RJ,FEMININO,Não,,Professor Ii,2639.84,Não,Mensalista,55.0,1048,0
ENGENHO DA RAINHA,F,RIO DE JANEIRO,BRASILEIRA,Divorciada,1969-10-29,RJ,FEMININO,Não,,Auxiliar Operacional,1414.0,Não,CLT,56.0,645,0
CACUIA,F,RIO DE JANEIRO,Brasileira,Casado,1967-04-17,RJ,FEMININO,Não,,Guarda De Endemia,2861.52,Não,Mensalista,58.0,774,0
ITAIPUACU,F,MARICA,BRASILEIRA,Casada,1970-03-11,RJ,FEMININO,Não,,Enfermeiro,4302.93,Não,Mensalista,55.0,724,0
PENHA,F,RIO DE JANEIRO,BRASILEIRA,Divorciada,1968-08-12,RJ,FEMININO,Não,,Professor Ii,5714.02,Não,Mensalista,57.0,1048,2
TAQUARA,F,RIO DE JANEIRO,BRASILEIRA,Solteira,1965-01-08,RJ,FEMININO,Não,,Aposentada,9484.78,Não,Mensalista,60.0,294,1
TAQUARA,F,RIO DE JANEIRO,BRASILEIRA,Solteira,1965-01-08,RJ,FEMININO,Não,,Aposentada,9484.78,Não,Mensalista,60.0,294,1
ENGENHO DE DENTRO,F,RIO DE JANEIRO,BRASILEIRA,Casada,1973-12-24,RJ,FEMININO,Não,,Professor Ii,10841.94,Não,Mensalista,52.0,1048,1
OLARIA,F,RIO DE JANEIRO,BRASILEIRA,Solteira,1982-02-06,RJ,FEMININO,Não,,Aux De Laboratorio,2768.68,Não,Mensalista,43.0,488,0
TRINDADE,F,SÃO GONÇALO,BRASILEIRA,Solteira,1981-09-26,RJ,FEMININO,Não,,Merendeira,1677.61,Não,Mensalista,44.0,812,0
CAMPO GRANDE,F,RIO DE JANEIRO,Brasileira,Casada,1966-09-21,RJ,FEMININO,Não,,Agente De Administracão,5982.35,Não,Mensalista,59.0,214,3
ROCHA MIRANDA,F,RIO DE JANEIRO,Brasileira,Casada,1967-09-16,RJ,FEMININO,Não,,Ag. Portaria,2469.4,Não,Mensalista,58.0,151,3
MARE,F,RIO DE JANEIRO,BRASILEIRA,Solteira,1966-07-25,RJ,FEMININO,Não,,Prof. De Ensino Fundamental,9490.07,Não,Mensalista,59.0,953,1
FREGUESIA,F,RIO DE JANEIRO,Brasileira,Casada,1977-09-13,RJ,FEMININO,Não,,Professora Ii,5552.19,Não,Mensalista,48.0,1074,0
ENGENHEIRO ROCHA FREIRE,F,NOVA IGUAÇU,BRASILEIRA,Solteira,1977-01-19,RJ,FEMININO,Não,,Aux. De Enfermagem,2558.36,Não,Mensalista,48.0,525,0
SANTA CRUZ,F,RIO DE JANEIRO,Brasileira,Solteiro,1965-10-04,RJ,FEMININO,Não,,Datilografo,1122.19,Não,Mensalista,60.0,690,0
MARECHAL HERMES,F,RIO DE JANEIRO,BRASILEIRA,Casada,1968-10-31,RJ,FEMININO,Não,,Agente Educador Ii,1896.24,Não,Mensalista,57.0,268,3
PARQUE PARAISO,F,ITAGUAI,BRASILEIRA,Solteiro,1971-03-21,RJ,FEMININO,Não,Risco PLD/FT Baixo,Agente Administrativo,3260.64,Não,Mensalista,54.0,178,3
PACIENCIA,F,RIO DE JANEIRO,BRASILEIRA,Divorciado,1964-09-21,RJ,FEMININO,Não,,Aux.Creche,902.21,Não,Mensalista,61.0,580,3
COSMOS,F,RIO DE JANEIRO,BRASILEIRA,Viúva,1968-02-14,RJ,FEMININO,Não,,Professor Ii,4901.52,Não,Mensalista,57.0,1048,2
MEIER,F,RIO DE JANEIRO,BRASILEIRA,SOLTEIRO,1959-04-09,RJ,FEMININO,Não,,Auxiliar De Enfermagem,3688.7,Não,Mensalista,66.0,608,3
SENADOR VASCONCELOS,F,RIO DE JANEIRO,BRASILEIRA,Casada,1973-06-05,RJ,FEMININO,Não,,Aux De Enfermagem 2º Grau,2715.29,Não,Mensalista,52.0,474,0
PARQUE PAULISTA,F,DUQUE DE CAXIAS,BRASILEIRA,Divorciada,1975-11-07,RJ,FEMININO,Não,,Assistente Social/Coordenador,15048.21,Não,Mensalista,50.0,433,1
PACIENCIA,F,RIO DE JANEIRO,BRASILEIRA,Casada,1967-09-26,RJ,FEMININO,Não,,Aux De Enfermagem 2º Grau,3212.61,Não,Mensalista,58.0,474,3
TANQUE,F,RIO DE JANEIRO,Brasileira,Solteira,1960-04-28,RJ,FEMININO,Não,,Merendeira,1740.17,Não,Mensalista,65.0,812,2
MADUREIRA,F,RIO DE JANEIRO,Brasileira,Solteira,1967-02-24,RJ,FEMININO,Não,,Aux De Enfermagem2º Grau,3106.75,Não,Mensalista,58.0,482,3
PENHA,F,RIO DE JANEIRO,Brasileira,Casado,1966-11-15,RJ,FEMININO,Não,,Aux De Enfermagem 2° Garu,4347.7,Não,Mensalista,59.0,472,3
SENADOR CAMARA,F,RIO DE JANEIRO,Brasileira,Casada,1973-08-20,RJ,FEMININO,Não,,Aux De Enfermagem 2º Grau,3739.91,Não,Mensalista,52.0,474,0
ICARAI - NITERÓI,F,NITEROI,Brasileira,Solteiro,1956-01-11,RJ,MASCULINO,Não,,Assist. Adm.,5396.16,Não,Mensalista,69.0,417,3
ENGENHO DA RAINHA,F,RIO DE JANEIRO,Brasileira,Divorciada,1965-01-08,RJ,FEMININO,Não,,Aux. De Enfermagem,6412.28,Não,Mensalista,60.0,525,3
IRAJA,F,RIO DE JANEIRO,BRASILEIRA,Solteira,1964-05-31,RJ,FEMININO,Não,,Merendeira,2420.76,Não,Mensalista,61.0,812,2
CARAMUJO,F,RIO DE JANEIRO,Brasileira,Solteiro,1964-05-02,RJ,FEMININO,Não,,Agente De Administraçao,8898.76,Não,Mensalista,61.0,215,3
ITAIPUACU,F,MARICA,BRASILEIRA,Casada,1969-03-17,RJ,FEMININO,Não,,Professor Ii,12291.39,Não,Mensalista,56.0,1048,1
ITAIPUACU,F,MARICA,BRASILEIRA,Casada,1969-03-17,RJ,FEMININO,Não,,Professor Ii,9429.83,Não,Mensalista,56.0,1048,1
CAMPO GRANDE,F,RIO DE JANEIRO,BRASILEIRA,Solteira,1979-11-04,RJ,FEMININO,Não,,Agente De Documentação Médica,2971.87,Não,Mensalista,46.0,228,0
CAMPO GRANDE,F,RIO DE JANEIRO,BRASILEIRA,Casado,1975-01-22,RJ,FEMININO,Não,Risco PLD/FT Baixo,Inspetor De Alunos 2G,3325.71,Não,Mensalista,50.0,791,0
SENADOR VASCONCELOS,F,RIO DE JANEIRO,BRASILEIRA,Solteira,1976-12-06,RJ,FEMININO,Não,,Aux De Enfermagem 2º Grau,2940.84,Não,Mensalista,49.0,474,0
GARDENIA AZUL,F,RIO DE JANEIRO,Brasileira,Divorciada,1957-11-09,RJ,FEMININO,Não,,Aux De Imobilização Em Ortoped,2388.42,Não,Mensalista,68.0,487,3
INHAUMA,F,RIO DE JANEIRO,BRASILEIRA,Casada,1978-08-03,RJ,FEMININO,Não,,Prof. Educação Infantil,5085.45,Não,Mensalista,47.0,956,0
INHAUMA,F,RIO DE JANEIRO,Brasileira,Casada,1978-08-03,RJ,FEMININO,Não,,Professor Ii,5085.45,Não,Mensalista,47.0,1048,0
CAMPO GRANDE,F,RIO DE JANEIRO,Brasileira,Solteira,1958-07-14,RJ,FEMININO,Não,,Servente,1888.82,Não,Mensalista,67.0,1116,2
JACAREPAGUA,F,RIO DE JANEIRO,Brasileira,Divorciado,1959-08-07,RJ,FEMININO,Não,,Contabilista,2660.0,Não,Mensalista,66.0,670,2
CAMPO GRANDE,F,RIO DE JANEIRO,Brasileira,Solteiro,1958-05-26,RJ,FEMININO,Não,,Professora,2931.98,Não,Mensalista,67.0,1070,2
PARQUE ANCHIETA,F,RIO DE JANEIRO,Brasileira,Solteira,1963-02-23,RJ,FEMININO,Não,,Datilografo,2921.96,Não,Mensalista,62.0,690,2
REALENGO,F,RIO DE JANEIRO,BRASILEIRA,Casado,1962-10-21,RJ,FEMININO,Não,Risco PLD/FT Baixo,Aposentada,7100.94,Não,Mensalista,63.0,294,3
CAMPO GRANDE,F,RIO DE JANEIRO,BRASILEIRA,Casada,1971-07-29,RJ,FEMININO,Não,,Professor Ii,3054.29,Não,Mensalista,54.0,1048,0
CAMPO GRANDE,F,RIO DE JANEIRO,Brasileira,Casada,1971-07-29,RJ,FEMININO,Não,,Professor Ii,3101.13,Não,Mensalista,54.0,1048,0
CAMPO GRANDE,F,RIO DE JANEIRO,BRASILEIRA,Divorciada,1964-10-30,RJ,FEMININO,Não,,Aux De Enfermagem,4624.77,Não,Mensalista,61.0,459,3
DANON,F,NOVA IGUAÇU,BRASILEIRA,Solteira,1960-06-27,RJ,FEMININO,Não,,Merendeira,1532.0,Não,Mensalista,65.0,812,2
ENGENHO NOVO,F,RIO DE JANEIRO,BRASILEIRA,Casada,1968-05-15,RJ,FEMININO,Não,,Professor Ii,3101.49,Não,Mensalista,57.0,1048,2
TURIAÇU,F,RIO DE JANEIRO,BRASILEIRA,Solteiro,1983-10-04,RJ,FEMININO,Não,Risco PLD/FT Baixo,Auditor Pleno,8247.25,Não,Mensalista,42.0,447,0
TIJUCA,F,RIO DE JANEIRO,Brasileira,Solteira,1940-12-02,RJ,FEMININO,Não,,Professor Ii,1871.02,Não,Mensalista,85.0,1048,2
BONSUCESSO,F,RIO DE JANEIRO,Brasileira,Solteiro,1968-01-07,RJ,FEMININO,Não,,Prof. Ii,3883.02,Não,Mensalista,57.0,968,2
INHAUMA,F,SÃO JOÃO DE MERITI,Brasileira,Casado,1959-12-27,RJ,FEMININO,Não,,Auux. De Enfermagem,2683.3,Não,Mensalista,66.0,449,3
CAMPINHO,F,RIO DE JANEIRO,Brasileira,Divorciada,1966-10-08,RJ,FEMININO,Não,,Professor Ii,13213.49,Não,Mensalista,59.0,1048,1
CAMPINHO,F,RIO DE JANEIRO,BRASILEIRA,Divorciada,1966-10-08,RJ,FEMININO,Não,,Professor Ii,13213.49,Não,Mensalista,59.0,1048,1
VILA DA PENHA,F,RIO DE JANEIRO,BRASILEIRA,Solteira,1967-09-02,RJ,FEMININO,Não,,Recepcionista,5484.08,Não,Mensalista,58.0,1094,2
OSWALDO CRUZ,F,RIO DE JANEIRO,Brasileira,Viúva,1967-07-18,RJ,FEMININO,Não,,Agente De Documentação Medica,3790.96,Não,Mensalista,58.0,227,3
REALENGO,F,RIO DE JANEIRO,Brasileira,Casada,1969-03-30,RJ,FEMININO,Não,,Servente,1762.25,Não,Mensalista,56.0,1116,2
BANGU,F,RIO DE JANEIRO,Brasileira,Solteira,1972-01-26,RJ,FEMININO,Não,,Merendeira,1733.75,Não,Mensalista,53.0,812,0
BRAZ DE PINA,F,RIO DE JANEIRO,Brasileira,Casada,1971-12-03,RJ,FEMININO,Não,,Ag. De Administração/Secret.I,3675.75,Não,Mensalista,54.0,114,3
SANTA CRUZ,F,RIO DE JANEIRO,BRASILEIRA,Divorciada,1966-04-07,RJ,FEMININO,Não,,Professor Ii,16478.24,Não,Mensalista,59.0,1048,1
SANTA CRUZ,F,RIO DE JANEIRO,BRASILEIRA,Casada,1966-04-07,RJ,FEMININO,Não,,Professor Ii,14435.75,Não,Mensalista,59.0,1048,1
PRAÇA SECA,F,RIO DE JANEIRO,BRASILEIRA,Viúva,1966-07-07,RJ,FEMININO,Não,,Agente Educador Ii,2584.21,Não,Mensalista,59.0,268,3
INHOAIBA,F,RIO DE JANEIRO,Brasileira,Divorciada,1964-11-10,RJ,FEMININO,Não,,Professor Ii,3783.2,Não,Mensalista,61.0,1048,2
VILA SÃO JOÃO,F,SAO JOAO DE MERITI,Brasileira,Casada,1964-04-03,RJ,FEMININO,Não,,Merendeira,2530.57,Não,Mensalista,61.0,812,2
CHATUBA,F,MESQUITA,BRASILEIRA,Divorciada,1975-01-12,RJ,FEMININO,Não,,Tecnico De Laboratorio,6157.63,Não,Mensalista,50.0,1176,1
CAMPO GRANDE,F,RIO DE JANEIRO,BRASILEIRA,Casada,1965-02-16,RJ,FEMININO,Não,,Professor Ii,15635.08,Não,Mensalista,60.0,1048,1
CAMPO GRANDE,F,RIO DE JANEIRO,BRASILEIRA,Casada,1965-02-16,RJ,FEMININO,Não,,Professor Ii,15635.08,Não,Mensalista,60.0,1048,1
REALENGO,F,RIO DE JANEIRO,BRASILEIRA,Casada,1965-12-02,RJ,FEMININO,Não,,Merendeira,1307.04,Não,Mensalista,60.0,812,2
CAMPO GRANDE,F,RIO DE JANEIRO,BRASILEIRA,Divorciada,1966-08-21,RJ,FEMININO,Não,,Aposentada,5966.39,Não,Mensalista,59.0,294,3
SENADOR CAMARA,F,RIO DE JANEIRO,Brasileira,Divorciada,1966-08-21,RJ,FEMININO,Não,,Professor Ii,8845.58,Não,Mensalista,59.0,1048,1
ROCHA MIRANDA,F,RIO DE JANEIRO,Brasileira,Solteiro,1973-05-20,RJ,FEMININO,Não,,Prof Ii,2149.0,Não,Mensalista,52.0,930,0
CATETE,F,RIO DE JANEIRO,Brasileira,Solteira,1971-02-23,RJ,FEMININO,Não,,Agente Auxiliar De Administraç,1382.09,Não,Mensalista,54.0,194,3
PECHINCHA,F,RIO DE JANEIRO,Brasileira,Solteiro,1976-06-16,RJ,FEMININO,Não,,Agente De Administracão,3358.8,Não,Mensalista,49.0,214,0
ANDARAI,F,RIO DE JANEIRO,BRASILEIRA,Casada,1964-04-10,RJ,FEMININO,Não,,Agente De Portaria (Sms),3021.76,Não,Mensalista,61.0,245,3
SÃO JOSE DO IMBASSAI,F,MARICA,Brasileira,Solteira,1968-04-12,RJ,FEMININO,Não,,Merendeira,2005.08,Não,Mensalista,57.0,812,0
BANGU,F,RIO DE JANEIRO,BRASILEIRA,Solteira,1971-02-19,RJ,FEMININO,Não,,Agente De Educação Infantil,4609.08,Não,Mensalista,54.0,237,3
REALENGO,F,RIO DE JANEIRO,Brasileira,Casada,1972-08-12,RJ,FEMININO,Não,,Merendeira,2908.96,Não,Mensalista,53.0,812,0
PECHINCHA,F,RIO DE JANEIRO,BRASILEIRA,Viúva,1960-06-13,RJ,FEMININO,Não,,Professor Ii,8087.53,Não,Mensalista,65.0,1048,1
PECHINCHA,F,RIO DE JANEIRO,Brasileira,Viúva,1960-06-13,RJ,FEMININO,Não,,Professor Ii,6099.2,Não,Mensalista,65.0,1048,2
JARDIM MARACANA,F,SEROPEDICA,Brasileira,Solteira,1978-09-20,RJ,FEMININO,Não,,Aux De Enfermagem 2º Grau,4352.87,Não,Mensalista,47.0,474,0
LINS DE VASCONCELOS,F,RIO DE JANEIRO,BRASILEIRA,Solteira,1967-01-05,RJ,FEMININO,Não,,Merendeira,1671.01,Não,Mensalista,58.0,812,0
BENTO RIBEIRO,F,RIO DE JANEIRO,Brasileira,Solteira,1966-09-04,RJ,FEMININO,Não,,Aux De Enfermagem 1º Grau,3619.67,Não,Mensalista,59.0,468,3
TAQUARA,F,RIO DE JANEIRO,Brasileira,Viúva,1969-07-10,RJ,FEMININO,Não,,Merendeira,1647.93,Não,Mensalista,56.0,812,0
ANIL,F,RIO DE JANEIRO,BRASILEIRA,Solteira,1975-09-13,RJ,FEMININO,Não,,Merendeira,2420.76,Não,Mensalista,50.0,812,0
CAMPO GRANDE,F,RIO DE JANEIRO,BRASILEIRA,Casada,1973-07-19,RJ,FEMININO,Não,,Merendeira,1896.63,Não,Mensalista,52.0,812,0
MEIER,F,RIO DE JANEIRO,Brasileira,Separada judicialmente,1960-05-07,RJ,FEMININO,Não,,Professor Ii,6191.21,Não,Mensalista,65.0,1048,2
MEIER,F,RIO DE JANEIRO,BRASILEIRA,Separada judicialmente,1960-05-07,RJ,FEMININO,Não,,Professor Ii,6191.21,Não,Mensalista,65.0,1048,2
PARQUE VICENTE GONÇALVES DIAS,F,CAMPOS DE GOYTACAZES,BRASILEIRA,Solteira,1976-10-17,RJ,FEMININO,Não,Risco PLD/FT Baixo,Orientador Educacional,8731.83,Não,Mensalista,49.0,859,1
OLARIA,F,RIO DE JANEIRO,BRASILEIRA,Solteira,1973-11-25,RJ,FEMININO,Não,,Ag De Educação Infantil,3863.5,Não,Mensalista,52.0,55,3
MANGUINHOS,F,RIO DE JANEIRO,Brasileira,Divorciado,1945-05-02,RJ,FEMININO,Não,,Auxiliar De Enfermagem 2° Grau,4143.46,Não,Mensalista,80.0,619,3
QUINTINO BOCAIUVA,F,RIO DE JANEIRO,BRASILEIRA,Solteira,1976-12-11,RJ,FEMININO,Não,,Professor Ii,13913.54,Não,Mensalista,49.0,1048,1
QUINTINO BOCAIUVA,F,RIO DE JANEIRO,Brasileira,Solteira,1976-12-11,RJ,FEMININO,Não,,Professor Ii,13718.05,Não,Mensalista,49.0,1048,1
SENADOR CAMARA,F,RIO DE JANEIRO,Brasileira,Casado,1968-02-22,RJ,FEMININO,Não,,Merendeira,1112.2,Não,Mensalista,57.0,812,0
PIEDADE,F,RIO DE JANEIRO,Brasileira,Casado,1965-02-15,RJ,MASCULINO,Não,,Art. De Inst. Hidraulicas,8283.55,Não,Mensalista,60.0,356,3
TAMOIOS,F,CABO FRIO,BRASILEIRA,Casado,1956-05-21,RJ,MASCULINO,Não,,Motorista,3106.25,Não,Mensalista,69.0,827,2
PACIENCIA,F,RIO DE JANEIRO,Brasileira,Casado,1954-11-23,RJ,MASCULINO,Não,,Trabalhador,3128.23,Não,Mensalista,71.0,1202,2
BRAZ DE PINA,F,RIO DE JANEIRO,BRASILEIRA,Solteiro,1970-03-16,RJ,MASCULINO,Não,,Aux. Controle De Endemias,2579.32,Não,Mensalista,55.0,516,0
PRAÇA SECA,F,RIO DE JANEIRO,Brasileira,Solteiro,1970-06-08,RJ,MASCULINO,Não,,Enfermeiro / Chefe Ii,3812.68,Não,Mensalista,55.0,725,0
CAMPO GRANDE,F,RIO DE JANEIRO,Brasileira,Casado,1961-10-22,RJ,MASCULINO,Não,,Motorista,2854.88,Não,Mensalista,64.0,827,2
ITAIPU,F,NITEROI,BRASILEIRA,Casado,1963-03-08,RJ,MASCULINO,Não,Risco PLD/FT Baixo,Investigador Policial,12741.62,Não,Mensalista,62.0,796,1
RIO COMPRIDO,F,RIO DE JANEIRO,Brasileira,Solteiro,1960-02-01,RJ,MASCULINO,Não,,Ag De Vigilancia,3425.0,Não,Mensalista,65.0,62,3
CENTRO,F,RIO DE JANEIRO,BRASILEIRA,Divorciado,1970-08-12,RJ,MASCULINO,Não,Risco PLD/FT Baixo,Agente De Administração,13462.42,Não,Mensalista,55.0,216,1
PECHINCHA,F,RIO DE JANEIRO,Brasileira,Não informado,1966-10-28,RJ,MASCULINO,Não,,Ag. De Portaria,3104.94,Não,Mensalista,59.0,133,3
ROCHA MIRANDA,F,RIO DE JANEIRO,Brasileira,Casado,1960-12-22,RJ,MASCULINO,Não,,Ajudante De Eletricista,3901.59,Não,Mensalista,65.0,284,3
TIJUCA,F,RIO DE JANEIRO,Brasileira,Solteiro,1961-07-19,RJ,MASCULINO,Não,,Trabalhador,2242.94,Não,Mensalista,64.0,1202,2
BANGU,F,RIO DE JANEIRO,BRASILEIRA,Casado,1956-08-16,RJ,MASCULINO,Não,,Professor Ii,6302.5,Não,Mensalista,69.0,1048,2
BANGU,F,RIO DE JANEIRO,BRASILEIRA,Casado,1956-08-16,RJ,MASCULINO,Não,,Professor Ii,8750.31,Não,Mensalista,69.0,1048,1
CAMPO GRANDE,F,RIO DE JANEIRO,Brasileira,Casado,1959-05-01,RJ,MASCULINO,Não,,Servente,4100.52,Não,Mensalista,66.0,1116,2
CACHAMBI,F,RIO DE JANEIRO,BRASILEIRA,Solteiro,1968-11-18,RJ,MASCULINO,Não,,Enfermeiro,3282.16,Não,Mensalista,57.0,724,0
ILHA DE GUARATIBA,F,RIO DE JANEIRO,BRASILEIRA,Casado,1969-02-07,RJ,MASCULINO,Não,Risco PLD/FT Baixo,Subtenente Pm,15006.48,Não,Mensalista,56.0,1136,1
JARDIM BANGU,F,RIO DE JANEIRO,BRASILEIRA,União Estável,1966-08-22,RJ,MASCULINO,Não,Risco PLD/FT Baixo,Professor De Ensino Fundamenta,6399.68,Não,Mensalista,59.0,1001,1
COPACABANA,F,RIO DE JANEIRO,BRASILEIRA,União Estável,1969-05-13,RJ,MASCULINO,Não,Risco PLD/FT Baixo,Inspetor De Policia,13520.81,Não,Mensalista,56.0,793,1
REALENGO,F,RIO DE JANEIRO,Brasileira,Casado,1965-01-24,RJ,MASCULINO,Não,,Trabalhador ( Rio Luz),4703.92,Não,Mensalista,60.0,1203,2
SEPETIBA,F,RIO DE JANEIRO,BRASILEIRA,Solteiro,1968-06-12,RJ,MASCULINO,Não,Risco PLD/FT Baixo,Guarda Municipal,8124.44,Não,Mensalista,57.0,776,1
INHAUMA,F,RIO DE JANEIRO,Brasileira,Divorciado,1953-11-15,RJ,MASCULINO,Não,,Agente De Administração,3066.06,Não,Mensalista,72.0,216,3
MADUREIRA,F,RIO DE JANEIRO,BRASILEIRA,Casado,1941-07-04,RJ,MASCULINO,Não,,Art.Estr.De Obras Metalurgia,1631.04,Não,Mensalista,84.0,383,3
BARRA DE GUARATIBA,F,RIO DE JANEIRO,BRASILEIRA,Solteiro,1969-04-12,RJ,MASCULINO,Não,Risco PLD/FT Baixo,Investigador Policial,12812.63,Não,Mensalista,56.0,796,1
PORTO DO ROSA,F,SÃO GONÇALO,BRASILEIRA,Casado,1974-09-20,RJ,MASCULINO,Não,,Ag De Administração,11048.07,Não,Mensalista,51.0,40,1
ENGENHO NOVO,F,RIO DE JANEIRO,Brasileira,Casado,1980-02-28,RJ,MASCULINO,Não,,Agente De Adm.,1994.58,Não,Mensalista,45.0,211,0
CENTRO,F,NITEROI,BRASILEIRA,SOLTEIRO,1964-04-17,RJ,MASCULINO,Não,,Ag. Educador Ii,1028.34,Não,Mensalista,61.0,144,3
MAGALHÃES BASTOS,F,RIO DE JANEIRO,Brasileira,Viúva,1956-07-05,RJ,FEMININO,Não,,Tecnico De Higiene Dental,5225.26,Não,Mensalista,69.0,1175,2
ARARUAMA,F,RIO DE JANEIRO,Brasileira,Divorciado,1965-05-11,RJ,FEMININO,Não,,Auxiliar De Enferagem,4537.14,Não,Mensalista,60.0,607,0
PILARES,F,RIO DE JANEIRO,BRASILEIRA,Solteira,1953-02-13,RJ,FEMININO,Não,,Merendeira,1177.43,Não,Mensalista,72.0,812,2
ROCHA MIRANDA,F,RIO DE JANEIRO,BRASILEIRA,Viúva,1963-11-24,RJ,FEMININO,Não,,Merendeira,1907.97,Não,Mensalista,62.0,812,2
MADUREIRA,F,RIO DE JANEIRO,Brasileira,Casada,1959-03-24,RJ,FEMININO,Não,,Servente/ Assistente I,7799.81,Não,Mensalista,66.0,1122,1
TURIAÇU,F,RIO DE JANEIRO,Brasileira,Solteira,1968-04-03,RJ,FEMININO,Não,,Merendeira,2432.64,Não,Mensalista,57.0,812,0
BENTO RIBEIRO,F,RIO DE JANEIRO,BRASILEIRA,Casada,1960-04-18,RJ,FEMININO,Não,,Professor Ii,6966.07,Não,Mensalista,65.0,1048,2
SANTISSIMO,F,RIO DE JANEIRO,BRASILEIRA,SOLTEIRO,1946-04-27,RJ,FEMININO,Não,,Agente Administrativa,3004.59,Não,Mensalista,79.0,177,3
REALENGO,F,RIO DE JANEIRO,Brasileira,Casado,1949-10-08,RJ,FEMININO,Não,,Servente,982.39,Não,Mensalista,76.0,1116,2
PADRE MIGUEL,F,RIO DE JANEIRO,BRASILEIRA,Casada,1962-11-16,RJ,FEMININO,Não,,Servente,2005.52,Não,Mensalista,63.0,1116,2
SANTA CRUZ,F,RIO DE JANEIRO,Brasileira,Casada,1957-12-29,RJ,FEMININO,Não,,Aposentada,1771.47,Não,Mensalista,68.0,294,3
CAMPO GRANDE,F,RIO DE JANEIRO,Brasileira,Divorciada,1958-06-21,RJ,FEMININO,Não,,Aposentada,1846.95,Não,Mensalista,67.0,294,3
SENADOR VASCONCELOS,F,RIO DE JANEIRO,Brasileira,Divorciada,1956-06-07,RJ,FEMININO,Não,,Merendeira,1599.87,Não,Mensalista,69.0,812,2
ROCHA MIRANDA,F,RIO DE JANEIRO,BRASILEIRA,Separada judicialmente,1957-05-14,RJ,FEMININO,Não,,Professor Ii,3146.08,Não,Mensalista,68.0,1048,2
ROCHA MIRANDA,F,RIO DE JANEIRO,BRASILEIRA,Separada judicialmente,1957-05-14,RJ,FEMININO,Não,,Professor Ii,2073.51,Não,Mensalista,68.0,1048,2
IRAJA,F,RIO DE JANEIRO,Brasileira,Solteira,1972-10-28,RJ,FEMININO,Não,,Professor Ii,5165.59,Não,Mensalista,53.0,1048,0
IRAJA,F,RIO DE JANEIRO,BRASILEIRA,Solteira,1972-10-28,RJ,FEMININO,Não,,Professor Ii,5165.59,Não,Mensalista,53.0,1048,0
ABOLIÇÃO,F,RIO DE JANEIRO,Brasileira,Solteira,1961-06-01,RJ,FEMININO,Não,,Aux De Enfermagem 2º Grau,3587.63,Não,Mensalista,64.0,474,3
BANGU,F,RIO DE JANEIRO,Brasileira,Viúvo,1949-04-21,RJ,MASCULINO,Não,,Servente,1142.08,Não,Mensalista,76.0,1116,2
BANGU,F,RIO DE JANEIRO,BRASILEIRA,Divorciado,1955-03-28,RJ,FEMININO,Não,,Professor Ii,2555.85,Não,Mensalista,70.0,1048,2
BANGU,F,RIO DE JANEIRO,BRASILEIRA,Casada,1955-03-28,RJ,FEMININO,Não,Risco PLD/FT Baixo,Professor Ii,5571.54,Não,Mensalista,70.0,1048,2
TANQUE,F,RIO DE JANEIRO,BRASILEIRA,Divorciada,1969-04-22,RJ,FEMININO,Não,,Merendeira,2422.25,Não,Mensalista,56.0,812,0
CAMORIM,F,RIO DE JANEIRO,BRASILEIRA,OUTROS,1957-01-30,RJ,FEMININO,Não,,Servente,985.8,Não,Mensalista,68.0,1116,2
INHOAIBA,F,RIO DE JANEIRO,BRASILEIRA,Casada,1959-02-14,RJ,FEMININO,Não,,Aux. De Enfermagem,3791.98,Não,Mensalista,66.0,525,3
BENTO RIBEIRO,F,RIO DE JANEIRO,BRASILEIRA,Divorciada,1954-08-29,RJ,FEMININO,Não,,Inspetor De Alunos,1681.3,Não,Mensalista,71.0,789,2
CHACRINHA,F,DUQUE DE CAXIAS,BRASILEIRA,Casada,1976-10-10,RJ,FEMININO,Não,,Merendeira,993.75,Não,Mensalista,49.0,812,0
GARDENIA AZUL,F,RIO DE JANEIRO,BRASILEIRA,Divorciado,1968-01-01,RJ,MASCULINO,Não,,Aux De Imobilização Em Ortoped,2444.98,Não,Mensalista,57.0,487,0
PADRE MIGUEL,F,RIO DE JANEIRO,BRASILEIRA,Divorciada,1958-02-19,RJ,FEMININO,Não,,Professor Ii,9592.42,Não,Mensalista,67.0,1048,1
PADRE MIGUEL,F,RIO DE JANEIRO,Brasileira,Casada,1966-06-12,RJ,FEMININO,Não,,Professor,7280.34,Não,Mensalista,59.0,984,1
RIO COMPRIDO,F,RIO DE JANEIRO,BRASILEIRA,Casada,1968-12-09,RJ,FEMININO,Não,,Professor Ii,10339.3,Não,Mensalista,57.0,1048,1
RIO COMPRIDO,F,RIO DE JANEIRO,BRASILEIRA,Casada,1968-12-09,RJ,FEMININO,Não,,Aposentada,5456.42,Não,Mensalista,57.0,294,3
CAMPO GRANDE,F,RIO DE JANEIRO,BRASILEIRA,Solteira,1954-07-31,RJ,FEMININO,Não,,Professor Ii,9672.28,Não,Mensalista,71.0,1048,1
IRAJA,F,RIO DE JANEIRO,Brasileira,Solteiro,1985-12-08,RJ,FEMININO,Não,,Aposentada,3329.62,Não,Mensalista,40.0,294,0
SEPETIBA,F,RIO DE JANEIRO,Brasileira,Casado,1951-02-15,RJ,FEMININO,Não,,Ag. Aux. Administração,3106.18,Não,Mensalista,74.0,82,3
BANGU,F,RIO DE JANEIRO,BRASILEIRA,Casada,1970-02-12,RJ,FEMININO,Não,,Merendeira,1755.98,Não,Mensalista,55.0,812,0
BRASILANDIA,F,SAO GONCALO,Brasileira,Solteiro,1958-12-08,RJ,FEMININO,Não,,Merendeira/ Assistente Ii,3482.68,Não,Mensalista,67.0,817,2
LEOPOLDINA,F,RIO DE JANEIRO,Brasileira,Solteiro,1948-12-08,RJ,FEMININO,Não,,Prof I,4130.02,Não,Mensalista,77.0,895,2
MARECHAL HERMES,F,RIO DE JANEIRO,Brasileira,Solteira,1958-11-07,RJ,FEMININO,Não,,Professor Ii,4228.05,Não,Mensalista,67.0,1048,2
IRAJA,F,RIO DE JANEIRO,Brasileira,Casada,1958-10-26,RJ,FEMININO,Não,,Merendeira,1954.76,Não,Mensalista,67.0,812,2
AGOSTINHO PORTO,F,SÃO JOÃO DE MERITI,Brasileira,Casada,1952-01-26,RJ,FEMININO,Não,,Tec Enfermagem,3820.29,Não,Mensalista,73.0,1146,2
VENDA VELHA,F,SAO JOAO DE MERITI,BRASILEIRA,União Estável,1964-09-26,RJ,MASCULINO,Não,,Trabalhador,861.8,Não,Mensalista,61.0,1202,2
VICENTE DE CARVALHO,F,RIO DE JANEIRO,Brasileira,Divorciado,1964-09-27,RJ,MASCULINO,Não,,Servente,1259.04,Não,Mensalista,61.0,1116,2
JACAREPAGUA,F,RIO DE JANEIRO,Brasileira,Não informado,1945-09-27,RJ,MASCULINO,Não,,Auxiliar Operacional,2660.36,Não,Mensalista,80.0,645,2
CAMPO GRANDE,F,RIO DE JANEIRO,BRASILEIRA,Casado,1946-01-20,RJ,MASCULINO,Não,,Professor Ii,6626.19,Não,Mensalista,79.0,1048,2
CAMPO GRANDE,F,RIO DE JANEIRO,BRASILEIRA,Casado,1946-01-20,RJ,MASCULINO,Não,,Professor Ii,6626.19,Não,Mensalista,79.0,1048,2
SEPETIBA,F,RIO DE JANEIRO,Brasileira,Divorciado,1950-01-17,RJ,MASCULINO,Não,,Aposentado,1394.89,Não,Mensalista,75.0,295,3
TANQUE,F,RIO DE JANEIRO,BRASILEIRA,Casada,1971-02-15,RJ,FEMININO,Não,,Merendeira,2868.99,Não,Mensalista,54.0,812,0
SANTA CRUZ,F,RIO DE JANEIRO,BRASILEIRA,Casada,1957-05-16,RJ,FEMININO,Não,,Merendeira,3150.97,Não,Mensalista,68.0,812,2
GRAMACHO,F,DUQUE DE CAXIAS,BRASILEIRA,Viúva,1952-04-20,RJ,FEMININO,Não,,Aux De Enfermagem,3143.69,Não,Mensalista,73.0,459,3
GALEÃO,F,RIO DE JANEIRO,BRASILEIRA,Casada,1958-04-29,RJ,FEMININO,Não,,Agente De Educaçao Infantil,3081.5,Não,Mensalista,67.0,235,3
BANGU,F,RIO DE JANEIRO,Brasileira,Viúva,1954-03-10,RJ,FEMININO,Não,,Servente,1114.8,Não,Mensalista,71.0,1116,2
SENADOR CAMARA,F,RIO DE JANEIRO,BRASILEIRA,Solteira,1960-08-10,RJ,FEMININO,Não,,Agente De Ed. Infantil,4306.06,Não,Mensalista,65.0,230,3
BANGU,F,RIO DE JANEIRO,Brasileira,Solteira,1963-12-10,RJ,FEMININO,Não,,Aux De Enfermagem,1611.5,Não,Mensalista,62.0,459,3
INHAUMA,F,RIO DE JANEIRO,Brasileira,Casada,1946-06-28,RJ,FEMININO,Não,,Prof Ii,6058.72,Não,Mensalista,79.0,930,2
JACAREPAGUA,F,RIO DE JANEIRO,Brasileira,Não informado,1956-12-14,RJ,FEMININO,Não,,Agente Administrativo,2602.5,Não,Mensalista,69.0,178,3
REALENGO,F,RIO DE JANEIRO,Brasileira,Casado,1955-01-10,RJ,FEMININO,Não,,Aux. Operacional,2505.02,Não,Mensalista,70.0,575,3
IRAJA,F,RIO DE JANEIRO,Brasileira,Não informado,1948-12-18,RJ,FEMININO,Não,,Ag. Planejamento 2,0.0,Não,Mensalista,77.0,150,3
SANTA CRUZ,F,RIO DE JANEIRO,BRASILEIRA,Divorciada,1980-02-25,RJ,FEMININO,Não,,Prof. De Educaçao Infantil,5379.2,Não,Mensalista,45.0,951,0
CENTRO,F,RIO DE JANEIRO,BRASILEIRA,Solteira,1973-01-25,RJ,FEMININO,Não,,Prof. Educ. Infantil,13693.62,Não,Mensalista,52.0,955,1
CENTRO,F,RIO DE JANEIRO,BRASILEIRA,Solteira,1973-01-25,RJ,FEMININO,Não,,Professor Ii,13693.62,Não,Mensalista,52.0,1048,1
RIACHUELO,F,RIO DE JANEIRO,BRASILEIRA,Solteira,1967-02-08,RJ,FEMININO,Não,,Professor Ii,11236.69,Não,Mensalista,58.0,1048,1
RIACHUELO,F,RIO DE JANEIRO,BRASILEIRA,Solteira,1967-02-08,RJ,FEMININO,Não,,Prof I,11236.69,Não,Mensalista,58.0,895,1
BELFORD ROXO,F,RIO DE JANEIRO,Brasileira,Solteiro,1974-07-16,RJ,FEMININO,Não,,Ag. De Administração,2522.22,Não,Mensalista,51.0,109,3
ANCHIETA,F,RIO DE JANEIRO,BRASILEIRA,Casada,1973-08-31,RJ,FEMININO,Não,,Professor Ii,16350.05,Não,Mensalista,52.0,1048,1
ANCHIETA,F,RIO DE JANEIRO,Brasileira,Casada,1973-08-31,RJ,FEMININO,Não,,Professor Ii,15317.85,Não,Mensalista,52.0,1048,1
NOSSA SENHORA DE FATIMA,F,NILOPOLIS,BRASILEIRA,Solteiro,1980-01-06,RJ,FEMININO,Não,Risco PLD/FT Baixo,Professor Adjunto De Edicação,5295.37,Não,Mensalista,45.0,992,0
PRAÇA SECA,F,RIO DE JANEIRO,BRASILEIRA,Casada,1971-01-15,RJ,FEMININO,Não,,Professor Ii,2035.18,Não,Mensalista,54.0,1048,0
PRAÇA SECA,F,RIO DE JANEIRO,BRASILEIRA,Casada,1971-01-15,RJ,FEMININO,Não,,Professor Ii,2035.18,Não,Mensalista,54.0,1048,0
CENTRO,F,NITEROI,BRASILEIRA,Solteira,1975-12-03,RJ,FEMININO,Não,,Assistente Social,9911.56,Não,Mensalista,50.0,430,1
CENTRO,F,MESQUITA,BRASILEIRA,Divorciada,1976-05-21,RJ,FEMININO,Não,,Professor Ii,7751.75,Não,Mensalista,49.0,1048,1
BANGU,F,RIO DE JANEIRO,BRASILEIRA,Divorciada,1970-09-20,RJ,FEMININO,Não,,Professor Ii,12551.33,Não,Mensalista,55.0,1048,1
BANGU,F,RIO DE JANEIRO,BRASILEIRA,Divorciada,1970-09-20,RJ,FEMININO,Não,,Professor Ii,12551.33,Não,Mensalista,55.0,1048,1
SEPETIBA,F,RIO DE JANEIRO,Brasileira,Solteira,1974-04-05,RJ,FEMININO,Não,,Merendeira,1555.11,Não,Mensalista,51.0,812,0
CAMPO GRANDE,F,RIO DE JANEIRO,BRASILEIRA,Casada,1972-09-15,RJ,FEMININO,Não,,Prof. De Ensino Fundamental,9048.67,Não,Mensalista,53.0,953,1
OLARIA,F,RIO DE JANEIRO,BRASILEIRA,Casada,1980-02-16,RJ,FEMININO,Não,,Prof,3234.0,Não,Mensalista,45.0,874,0
BONSUCESSO,F,RIO DE JANEIRO,Brasileira,Separada judicialmente,1957-02-08,RJ,FEMININO,Não,,Professor-Artes Plasticas,11487.82,Não,Mensalista,68.0,1067,1
SANTA CRUZ,F,RIO DE JANEIRO,BRASILEIRA,Solteira,1972-05-01,RJ,FEMININO,Não,,Professor Ii,17177.53,Não,Mensalista,53.0,1048,1
SANTA CRUZ,F,RIO DE JANEIRO,Brasileira,Solteira,1972-05-01,RJ,FEMININO,Não,,Professora Ii,17177.53,Não,Mensalista,53.0,1074,1
BARRO VERMELHO,F,SÃO GONÇALO,BRASILEIRA,Solteira,1973-12-25,RJ,FEMININO,Não,,Aux. De Enfermagem - 2ª Grau,2084.61,Não,Mensalista,52.0,531,0
SÃO CRISTOVÃO,F,RIO DE JANEIRO,BRASILEIRA,Divorciada,1977-10-20,RJ,FEMININO,Não,,Ag De Educação Infantil,3375.59,Não,Mensalista,48.0,55,0
BRASILANDIA,F,SÃO GONÇALO,BRASILEIRA,Divorciada,1978-08-05,RJ,FEMININO,Não,,Professor Ii,8732.34,Não,Mensalista,47.0,1048,1
PRAÇA JUSCELINO,F,MESQUITA,BRASILEIRA,Solteira,1971-07-27,RJ,FEMININO,Não,,Professor Ii,2526.46,Não,Mensalista,54.0,1048,0
REALENGO,F,RIO DE JANEIRO,Brasileira,Divorciada,1973-06-23,RJ,FEMININO,Não,,Professor Ii,11700.94,Não,Mensalista,52.0,1048,1
REALENGO,F,RIO DE JANEIRO,BRASILEIRA,Divorciada,1973-06-23,RJ,FEMININO,Não,,Professor Ii,11700.94,Não,Mensalista,52.0,1048,1
PARQUE ANCHIETA,F,RIO DE JANEIRO,Brasileira,Divorciada,1970-11-03,RJ,FEMININO,Não,,Aposentada,2535.69,Não,Mensalista,55.0,294,3
JACAREPAGUA,F,RIO DE JANEIRO,Brasileira,Casada,1970-10-17,RJ,FEMININO,Não,,Auxiliar De Enfermagem-2ºgrau,4923.41,Não,Mensalista,55.0,627,0
ANA CLARA,F,RIO DE JANEIRO,Brasileira,Casado,1971-03-22,RJ,FEMININO,Não,,Aux De Enfermagem,3064.7,Não,Mensalista,54.0,459,0
PILARES,F,RIO DE JANEIRO,BRASILEIRA,Divorciada,1976-08-12,RJ,FEMININO,Não,,Ag De Administração / Chefe Ii,5956.69,Não,Mensalista,49.0,41,0
BOA ESPERANÇA,F,SEROPEDICA,BRASILEIRA,Solteiro,1984-06-15,RJ,MASCULINO,Não,Risco PLD/FT Baixo,Professor Docente I - 30 Horas,4243.63,Não,Mensalista,41.0,1015,0
CAMPO GRANDE,F,RIO DE JANEIRO,BRASILEIRA,Solteiro,1975-03-03,RJ,MASCULINO,Não,,Professor,3179.69,Não,Mensalista,50.0,984,0
VILA MARINA,F,QUEIMADOS,BRASILEIRA,Solteira,1971-03-01,RJ,FEMININO,Não,,Auxiliar De Enfermagem 2º Grau,3796.86,Não,Mensalista,54.0,620,0
BANGU,F,RIO DE JANEIRO,Brasileira,Casada,1966-02-14,RJ,FEMININO,Não,,Merendeira,1950.48,Não,Mensalista,59.0,812,2
ANDARAI,F,RIO DE JANEIRO,BRASILEIRA,Solteira,1971-09-27,RJ,FEMININO,Não,,Agente De Administração,1970.73,Não,Mensalista,54.0,216,3
PIEDADE,F,MAGE,Brasileira,Solteira,1978-06-05,RJ,FEMININO,Não,,Merendeira,890.93,Não,Mensalista,47.0,812,0
VISTA ALEGRE,F,RIO DE JANEIRO,Brasileira,Casado,1964-03-25,RJ,FEMININO,Não,,Professor Ii,4029.42,Não,Mensalista,61.0,1048,2
IRAJA,F,RIO DE JANEIRO,BRASILEIRA,Solteira,1959-02-19,RJ,FEMININO,Não,,Merendeira,1847.84,Não,Mensalista,66.0,812,2
VILA DAGMAR,F,BELFORD ROXO,BRASILEIRA,Casada,1981-02-03,RJ,FEMININO,Não,,Prof Ii,10696.1,Não,Mensalista,44.0,930,1
VILA DAGMAR,F,BELFORD ROXO,BRASILEIRA,Casada,1981-02-03,RJ,FEMININO,Não,,Prof. De Educação Infantil,10696.1,Não,Mensalista,44.0,952,1
CABUÇU,F,NOVA IGUAÇU,BRASILEIRA,Divorciado,1980-02-11,RJ,FEMININO,Não,,Merendeira,870.02,Não,Mensalista,45.0,812,0
ENGENHO NOVO,F,RIO DE JANEIRO,BRASILEIRA,Casada,1968-02-25,RJ,FEMININO,Não,,Ag. De Educação Infantil,3683.8,Não,Mensalista,57.0,129,3
PADRE MIGUEL,F,RIO DE JANEIRO,BRASILEIRA,Divorciada,1972-08-20,RJ,FEMININO,Não,,Agente Educador Ii,2075.22,Não,Mensalista,53.0,268,0
BANGU,F,RIO DE JANEIRO,Brasileira,Divorciada,1962-07-07,RJ,FEMININO,Não,,Auxiliar De Enfermagem,1866.14,Não,Mensalista,63.0,608,3
ENGENHO NOVO,F,RIO DE JANEIRO,BRASILEIRA,Divorciada,1974-01-21,RJ,FEMININO,Não,,Professor Ii,5886.54,Não,Mensalista,51.0,1048,0
CAMPO GRANDE,F,RIO DE JANEIRO,Brasileira,Casada,1974-01-21,RJ,FEMININO,Não,,Professor Ii,4885.36,Não,Mensalista,51.0,1048,0
TAQUARA,F,RIO DE JANEIRO,Brasileira,Solteira,1961-02-07,RJ,FEMININO,Não,,Agente De Portaria,3901.75,Não,Mensalista,64.0,243,3
CAMPO GRANDE,F,RIO DE JANEIRO,Brasileira,Divorciada,1964-12-25,RJ,FEMININO,Não,,Aux De Enfermagem 2º Grau,4207.42,Não,Mensalista,61.0,474,3
VILA ISABEL,F,RIO DE JANEIRO,Brasileira,Casado,1958-01-15,RJ,FEMININO,Não,,Prof Ii,5788.12,Não,Mensalista,67.0,930,2
SANTA CRUZ,F,RIO DE JANEIRO,Brasileira,Solteira,1973-09-14,RJ,FEMININO,Não,,Aux De Enfermagem,4954.64,Não,Mensalista,52.0,459,0
INHOAIBA,F,RIO DE JANEIRO,BRASILEIRA,Solteira,1974-09-12,RJ,FEMININO,Não,,Aux De Enfermagem,3964.64,Não,Mensalista,51.0,459,0
VILA ISABEL,F,RIO DE JANEIRO,BRASILEIRA,Solteiro,1979-01-18,RJ,FEMININO,Não,Risco PLD/FT Baixo,Professor Docente - 18 Horas,2905.98,Não,Mensalista,46.0,1010,0
ENGENHO DA RAINHA,F,RIO DE JANEIRO,BRASILEIRA,Solteira,1969-12-06,RJ,FEMININO,Não,,Professor Ii,11780.25,Não,Mensalista,56.0,1048,1
ENGENHO DA RAINHA,F,RIO DE JANEIRO,BRASILEIRA,Solteira,1969-12-06,RJ,FEMININO,Não,,Professor Ii,11780.25,Não,Mensalista,56.0,1048,1
CACUIA,F,ILHA DO GOVERNADOR,BRASILEIRA,Casado,1961-09-18,RJ,FEMININO,Não,,Copeira,974.01,Não,Mensalista,64.0,677,2
PADRE MIGUEL,F,RIO DE JANEIRO,BRASILEIRA,Divorciada,1977-01-10,RJ,FEMININO,Não,,Professor Ii,6349.33,Não,Mensalista,48.0,1048,0
ENGENHO NOVO,F,RIO DE JANEIRO,BRASILEIRA,Casada,1967-02-01,RJ,FEMININO,Não,,Tecnico De Laboratorio Hemoter,3929.08,Não,Mensalista,58.0,1177,2
PILARES,F,RIO DE JANEIRO,BRASILEIRA,Solteira,1969-02-16,RJ,FEMININO,Não,,Professor De Educação Infantil,8912.74,Não,Mensalista,56.0,998,1
PILARES,F,RIO DE JANEIRO,Brasileira,Solteira,1969-02-16,RJ,FEMININO,Não,,Professor Ii,8912.74,Não,Mensalista,56.0,1048,1
BOTAFOGO,F,RIO DE JANEIRO,Brasileira,Casado,1945-09-03,RJ,MASCULINO,Não,,Prof I Historia - Lic .Plena,3164.32,Não,Mensalista,80.0,923,2
PARQUE TIETE,F,DUQUE DE CAXIAS,BRASILEIRA,Solteira,1965-04-20,RJ,FEMININO,Não,,Atendente De Consultorio Denta,1671.09,Não,Mensalista,60.0,445,3
SANTA CRUZ,F,RIO DE JANEIRO,BRASILEIRA,Casada,1972-01-25,RJ,FEMININO,Não,,Professor Ii,8258.71,Não,Mensalista,53.0,1048,1
COPACABANA,F,RIO DE JANEIRO,BRASILEIRA,Casada,1956-12-14,RJ,FEMININO,Não,,Professor Ii,6383.73,Não,Mensalista,69.0,1048,2
COPACABANA,F,RIO DE JANEIRO,BRASILEIRA,Casada,1956-12-14,RJ,FEMININO,Não,,Aposentada,5024.33,Não,Mensalista,69.0,294,3
CAVALCANTI,F,RIO DE JANEIRO,BRASILEIRA,Casada,1984-11-20,RJ,FEMININO,Não,,Ag De Educacao Infantil,3168.03,Não,Mensalista,41.0,53,0
TIJUCA,F,RIO DE JANEIRO,BRASILEIRA,Solteira,1983-05-05,RJ,FEMININO,Não,,Ag. De Educação Infantil,4430.88,Não,Mensalista,42.0,129,0
CAMPO GRANDE,F,RIO DE JANEIRO,BRASILEIRA,Solteira,1987-04-01,RJ,FEMININO,Não,,Ag Educação Infantil,3043.24,Não,Mensalista,38.0,70,0
REALENGO,F,RIO DE JANEIRO,BRASILEIRA,Divorciada,1984-03-27,RJ,FEMININO,Não,,Professor De Ensino Fundamenta,7016.08,Não,Mensalista,41.0,1001,0
BENFICA,F,RIO DE JANEIRO,BRASILEIRA,Casado,1986-06-12,RJ,FEMININO,Não,Risco PLD/FT Baixo,Professor Ii,9000.6,Não,Mensalista,39.0,1048,1
OLARIA,F,RIO DE JANEIRO,BRASILEIRA,Solteiro,1991-08-29,RJ,FEMININO,Não,Risco PLD/FT Baixo,Assistente Tecnico Administrat,8983.67,Não,Mensalista,34.0,436,0
BANGU,F,RIO DE JANEIRO,Brasileira,Solteiro,1956-01-30,RJ,FEMININO,Não,,Auxiliar De Enfermagem - 2º Gr,2553.72,Não,Mensalista,69.0,614,3
JARDIM ESPLANADA,F,NOVA IGUAÇU,BRASILEIRA,Casada,1953-01-29,RJ,FEMININO,Não,,Professor Ii,8667.64,Não,Mensalista,72.0,1048,1
AGUA SANTA,F,RIO DE JANEIRO,Brasileira,Casado,1960-10-15,RJ,FEMININO,Não,,Professora,6179.68,Não,Mensalista,65.0,1070,2
PILARES,F,RIO DE JANEIRO,Brasileira,Solteira,1975-11-18,RJ,FEMININO,Não,,Aux De Enfermagem 2º Grau,4294.28,Não,Mensalista,50.0,474,0
COELHO NETO,F,RIO DE JANEIRO,Brasileira,Solteira,1968-10-26,RJ,FEMININO,Não,,Servente,1045.0,Não,Mensalista,57.0,1116,2
CORDOVIL,F,RIO DE JANEIRO,Brasileira,Casada,1961-11-25,RJ,FEMININO,Não,,Aposentada,1250.39,Não,Mensalista,64.0,294,3
SÃO CRISTOVÃO,F,RIO DE JANEIRO,BRASILEIRA,Solteira,1963-07-01,RJ,FEMININO,Não,,Professor Ii/Assistente Ii,3564.77,Não,Mensalista,62.0,1062,2
BANGU,F,RIO DE JANEIRO,BRASILEIRA,Divorciada,1956-02-24,RJ,FEMININO,Não,,Professor Ii,4862.25,Não,Mensalista,69.0,1048,2
TIJUCA,F,RIO DE JANEIRO,Brasileira,Casado,1933-06-30,RJ,FEMININO,Não,,Tec. De Contabilidade,8204.1,Não,Mensalista,92.0,1151,2
CENTRO,F,RIO DE JANEIRO,BRASILEIRA,Solteiro,1970-04-26,RJ,MASCULINO,Não,,Aux De Enfermagem 2º Grau,2523.04,Não,Mensalista,55.0,474,0
LEOPOLDINA,F,RIO DE JANEIRO,Brasileira,Casado,1950-03-06,RJ,FEMININO,Não,,Professor,2867.34,Não,Mensalista,75.0,984,2
BANGU,F,RIO DE JANEIRO,Brasileira,Casado,1955-12-04,RJ,FEMININO,Não,,Aux De Servicos De Saude,3192.78,Não,Mensalista,70.0,496,3
SENADOR VASCONCELOS,F,RIO DE JANEIRO,Brasileira,Casada,1945-03-05,RJ,FEMININO,Não,,Aux De Enfermagem 2º Grau,2921.06,Não,Mensalista,80.0,474,3
CENTRO,F,NILOPOLIS,Brasileira,Solteira,1954-01-09,RJ,FEMININO,Não,,Aposentada,3085.66,Não,Mensalista,71.0,294,3
ILHA DO GOVERNADOR,F,RIO DE JANEIRO,BRASILEIRA,Divorciada,1950-03-20,RJ,FEMININO,Não,,Aposentada,1661.51,Não,Mensalista,75.0,294,3
PACIENCIA,F,RIO DE JANEIRO,Brasileira,Divorciado,1947-12-29,RJ,FEMININO,Não,,Merendeira,1173.34,Não,Mensalista,78.0,812,2
REALENGO,F,RIO DE JANEIRO,Brasileira,Solteiro,1960-02-15,RJ,FEMININO,Não,,Auxiliar De Enfermagem,2762.72,Não,Mensalista,65.0,608,3
CAMPINHO,F,RIO DE JANEIRO,BRASILEIRA,SOLTEIRO,1970-09-27,RJ,FEMININO,Não,,Auxiliar De Creche,831.75,Não,Mensalista,55.0,605,0
SANTA CRUZ,F,RIO DE JANEIRO,Brasileira,Viúva,1951-03-17,RJ,FEMININO,Não,,Art. De Cozinha (Sms),2395.2,Não,Mensalista,74.0,351,3
PACIENCIA,F,RIO DE JANEIRO,Brasileira,Casado,1942-08-10,RJ,MASCULINO,Não,,Trabalhador,2788.6,Não,Mensalista,83.0,1202,2
ANDARAI,F,RIO DE JANEIRO,Brasileira,Solteiro,1950-05-11,RJ,MASCULINO,Não,,Agente De Vigilancia,2427.66,Não,Mensalista,75.0,259,3
SÃO MATEUS,F,SAO JOAO DE MERITI,Brasileira,Solteiro,1949-01-16,RJ,MASCULINO,Não,,Trabalhador,1493.51,Não,Mensalista,76.0,1202,2
SANTISSIMO,F,RIO DE JANEIRO,Brasileira,Solteiro,1963-01-24,RJ,MASCULINO,Não,,Servente,2182.97,Não,Mensalista,62.0,1116,2
CASCADURA,F,RIO DE JANEIRO,Brasileira,Solteira,1981-09-03,RJ,FEMININO,Não,,Aux. De Enfermagem,1490.52,Não,Mensalista,44.0,525,0
JARDIM AMERICA,F,RIO DE JANEIRO,Brasileira,Casado,1960-09-09,RJ,MASCULINO,Não,,Ag Aux De Administração,3927.59,Não,Mensalista,65.0,26,3
ENCANTADO,F,RIO DE JANEIRO,Brasileira,Viúvo,1939-05-14,RJ,MASCULINO,Não,,Aposentado,2219.48,Não,Mensalista,86.0,295,3
RECREIO DOS BANDEIRANTES,F,RIO DE JANEIRO,BRASILEIRA,Solteiro,1986-06-19,RJ,MASCULINO,Não,Risco PLD/FT Baixo,Professor De Ensino Fundamenta,6235.71,Não,Mensalista,39.0,1001,0
VILA LEOPOLDINA,F,RIO DE JANEIRO,Brasileira,Solteiro,1978-12-25,RJ,MASCULINO,Não,,Merendeira,1454.1,Não,Mensalista,47.0,812,0
CENTRO,F,QUEIMADOS,BRASILEIRA,Solteiro,1978-03-28,RJ,MASCULINO,Não,Risco PLD/FT Baixo,Sargento Pm,14728.77,Não,Mensalista,47.0,1105,1
OURO VERDE,F,NOVA IGUAÇU,Brasileira,Solteiro,1966-02-15,RJ,MASCULINO,Não,,Ascensorista,3507.97,Não,Mensalista,59.0,390,3
ANA CLARA,F,RIO DE JANEIRO,Brasileira,Casado,1943-11-15,RJ,MASCULINO,Não,,Agente De Vigilancia,1109.8,Não,Mensalista,82.0,259,3
TAQUARA,F,RIO DE JANEIRO,BRASILEIRA,SOLTEIRO,1960-11-27,RJ,MASCULINO,Não,,Aux. De Enfermagem,4033.48,Não,Mensalista,65.0,525,3
PARQUE NOSSA SENHORA DO ROSARIO,F,CAMPOS DE GOYTACAZES,BRASILEIRA,Casado,1980-10-22,RJ,MASCULINO,Não,,Agente Administrativo,2414.25,Não,Mensalista,45.0,178,0
PACIENCIA,F,RIO DE JANEIRO,Brasileira,Casado,1948-03-22,RJ,MASCULINO,Não,,Motorista,2680.88,Não,Mensalista,77.0,827,2
SANTA CRUZ,F,RIO DE JANEIRO,BRASILEIRA,Casada,1981-08-02,RJ,FEMININO,Não,,Professor Ii,7221.93,Não,Mensalista,44.0,1048,1
PARQUE PAULISTA,F,DUQUE DE CAXIAS,BRASILEIRA,Solteira,1979-05-09,RJ,FEMININO,Não,,Professor Ii,3601.73,Não,Mensalista,46.0,1048,0
IRAJA,F,RIO DE JANEIRO,BRASILEIRA,Casada,1979-12-27,RJ,FEMININO,Não,,Secretario Escolar,3154.66,Não,Mensalista,46.0,1113,0
RECREIO DOS BANDEIRANTES,F,RIO DE JANEIRO,BRASILEIRA,Solteiro,1977-12-10,RJ,MASCULINO,Não,Risco PLD/FT Baixo,Professor De Ensino Fundamenta,11574.87,Não,,48.0,1001,1
CAMPO GRANDE,F,RIO DE JANEIRO,Brasileira,Solteira,1977-04-08,RJ,FEMININO,Não,,Merendeira,2036.27,Não,Mensalista,48.0,812,0
SANTA CRUZ,F,RIO DE JANEIRO,Brasileira,Solteira,1975-11-14,RJ,FEMININO,Não,,Merendeira,1954.76,Não,Mensalista,50.0,812,0
CORDOVIL,F,RIO DE JANEIRO,BRASILEIRA,Casada,1983-04-28,RJ,FEMININO,Não,,Secretaria Escolar,3154.66,Não,Mensalista,42.0,1109,0
VILA DA PENHA,F,RIO DE JANEIRO,BRASILEIRA,Casado,1975-03-11,RJ,FEMININO,Não,Risco PLD/FT Baixo,Professor Docente I,2866.93,Não,Mensalista,50.0,1012,0
SEPETIBA,F,RIO DE JANEIRO,BRASILEIRA,Casada,1979-03-04,RJ,FEMININO,Não,,Professor De Educação Infantil,6253.21,Não,Mensalista,46.0,998,0
IRAJA,F,RIO DE JANEIRO,BRASILEIRA,Solteira,1981-03-31,RJ,FEMININO,Não,,Professor Ii,3577.94,Não,Mensalista,44.0,1048,0
VILA ISABEL,F,RIO DE JANEIRO,BRASILEIRA,Solteira,1977-01-29,RJ,FEMININO,Não,,Medico Dermatologia,2585.95,Não,Mensalista,48.0,806,0
CACHAMBI,F,RIO DE JANEIRO,BRASILEIRA,Solteira,1976-06-23,RJ,FEMININO,Não,,Professor De Ensino Fundamenta,11924.39,Não,Mensalista,49.0,1001,1
CACHAMBI,F,RIO DE JANEIRO,BRASILEIRA,Solteira,1976-06-23,RJ,FEMININO,Não,,Professor Ii,11924.39,Não,Mensalista,49.0,1048,1
PORTO NOVO,F,SAO GONCALO,BRASILEIRA,Casada,1977-08-26,RJ,FEMININO,Não,Risco PLD/FT Baixo,1º Tenente Bm,15057.45,Não,Mensalista,48.0,4,1
VILA VALQUEIRE,F,RIO DE JANEIRO,Brasileira,Solteiro,1977-05-08,RJ,FEMININO,Não,,Aux. De Enfermagem,3209.52,Não,Mensalista,48.0,525,0
PRATA,F,NOVA IGUAÇU,BRASILEIRA,Casada,1985-09-25,RJ,FEMININO,Não,,Secretaria Escolar,2159.12,Não,Mensalista,40.0,1109,0
VILA VALQUEIRE,F,RIO DE JANEIRO,BRASILEIRA,Solteira,1973-07-07,RJ,FEMININO,Não,,Merendeira,2057.88,Não,Mensalista,52.0,812,0
PAVUNA,F,RIO DE JANEIRO,BRASILEIRA,Casada,1980-04-22,RJ,FEMININO,Não,,Aposentada,1844.28,Não,Mensalista,45.0,294,0
QUINTINO BOCAIUVA,F,RIO DE JANEIRO,BRASILEIRA,Divorciada,1975-03-04,RJ,FEMININO,Não,,Professora,6131.55,Não,Mensalista,50.0,1070,0
PRAÇA SECA,F,RIO DE JANEIRO,Brasileira,Casada,1973-03-23,RJ,FEMININO,Não,,Professor Ii,11445.36,Não,Mensalista,52.0,1048,1
PRAÇA SECA,F,RIO DE JANEIRO,BRASILEIRA,Casada,1973-03-23,RJ,FEMININO,Não,,Professor Ii,11445.36,Não,Mensalista,52.0,1048,1
MARAMBAIA,F,ITABORAI,BRASILEIRA,Divorciada,1980-02-10,RJ,FEMININO,Não,,Agente Educador Ii,1938.16,Não,Mensalista,45.0,268,0
SAMPAIO,F,RIO DE JANEIRO,BRASILEIRA,Solteira,1981-06-21,RJ,FEMININO,Não,,Agente De Educação Infantil,2960.37,Não,Mensalista,44.0,237,0
BRAZ DE PINA,F,RIO DE JANEIRO,BRASILEIRA,Divorciada,1979-02-06,RJ,FEMININO,Não,,Aux. De Enfermagem 2º Grau,5668.0,Não,Mensalista,46.0,539,0
JACAREPAGUA,F,RIO DE JANEIRO,BRASILEIRA,Solteira,1984-02-26,RJ,FEMININO,Não,,Professor De Educação Infantil,8698.71,Não,Mensalista,41.0,998,1
CENTRO,F,SAO JOAO DE MERITI,BRASILEIRA,Solteira,1977-10-17,RJ,FEMININO,Não,,Merendeira,1661.4,Não,Mensalista,48.0,812,0
PRAÇA SECA,F,RIO DE JANEIRO,BRASILEIRA,Solteira,1974-07-02,RJ,FEMININO,Não,,Assistente Social / Diretor Ii,9780.51,Não,Mensalista,51.0,431,1
VILA VALQUEIRE,F,RIO DE JANEIRO,Brasileira,Divorciada,1978-05-12,RJ,FEMININO,Não,,Enfermeiro,6821.24,Não,Mensalista,47.0,724,0
JARDIM AMERICA,F,RIO DE JANEIRO,BRASILEIRA,Divorciada,1980-06-04,RJ,FEMININO,Não,,Merendeira,1951.88,Não,Mensalista,45.0,812,0
PARQUE SÃO PEDRO DE ALCANTARA,F,DUQUE DE CAXIAS,BRASILEIRA,Solteira,1978-11-18,RJ,FEMININO,Não,,Atendente De Consult Dentario,2811.08,Não,Mensalista,47.0,444,0
CHACARA RIO PETROPOLIS,F,DUQUE DE CAXIAS,BRASILEIRA,Casada,1983-02-04,RJ,FEMININO,Não,,Guarda Municipal,4344.12,Não,Mensalista,42.0,776,0
GUARATIBA,F,RIO DE JANEIRO,Brasileira,Casada,1977-06-11,RJ,FEMININO,Não,,Ag. Administração,5673.65,Não,Mensalista,48.0,78,0
VILA OPERARIA,F,MAGE,Brasileira,Solteiro,1951-09-17,RJ,MASCULINO,Não,,Agente De Vigilancia,1250.12,Não,Mensalista,74.0,259,3
CAMPO GRANDE,F,RIO DE JANEIRO,Brasileira,Solteiro,1956-07-06,RJ,MASCULINO,Não,,Art. De Obras,1958.24,Não,Mensalista,69.0,362,3
LARANJEIRAS,F,RIO DE JANEIRO,Brasileira,Solteiro,1948-09-14,RJ,MASCULINO,Não,,Inspetor De Alunos,1064.48,Não,Mensalista,77.0,789,2
PIEDADE,F,RIO DE JANEIRO,Brasileira,Casado,1944-01-09,RJ,FEMININO,Não,,Cpoeiro,1476.1,Não,Mensalista,81.0,685,2
ENGENHO DE DENTRO,F,RIO DE JANEIRO,Brasileira,Solteiro,1951-02-06,RJ,FEMININO,Não,,Enfermeiro,4171.0,Não,Mensalista,74.0,724,2
ROCHA MIRANDA,F,RIO DE JANEIRO,Brasileira,Divorciada,1949-10-03,RJ,FEMININO,Não,,Aposentada,1169.63,Não,Mensalista,76.0,294,3
CAMPO GRANDE,F,RIO DE JANEIRO,Brasileira,Solteiro,1951-11-29,RJ,MASCULINO,Não,,Art De Pav E Pedeira,4515.1,Não,Mensalista,74.0,324,3
QUINTINO BOCAIUVA,F,RIO DE JANEIRO,Brasileira,Casado,1960-11-30,RJ,MASCULINO,Não,,Merendeira,1856.76,Não,Mensalista,65.0,812,2
CENTRO,F,RIO DE JANEIRO,BRASILEIRA,Casada,1970-10-09,RJ,FEMININO,Não,,Professor Ii,2680.39,Não,Mensalista,55.0,1048,0
BANGU,F,RIO DE JANEIRO,Brasileira,Não informado,1962-12-08,RJ,MASCULINO,Não,,Motorista Oficial,3461.18,Não,Mensalista,63.0,830,2
QUEIMADOS,F,RIO DE JANEIRO,BRASILEIRA,Casado,1993-02-27,RJ,MASCULINO,Não,Risco PLD/FT Baixo,Gari,3319.91,Não,Mensalista,32.0,769,0
TIJUCA,F,RIO DE JANEIRO,BRASILEIRA,Solteiro,1992-05-12,RJ,MASCULINO,Não,Risco PLD/FT Baixo,Professor De Ensino Fundamenta,6743.95,Não,Mensalista,33.0,1001,0
COLEGIO,F,RIO DE JANEIRO,Brasileira,Viúvo,1944-03-12,RJ,MASCULINO,Não,,Motorista,3818.9,Não,Mensalista,81.0,827,2
PICADA,F,ARARUAMA,BRASILEIRA,Solteiro,1966-03-15,RJ,MASCULINO,Não,Risco PLD/FT Baixo,Subtenente Bm,13459.87,Não,Mensalista,59.0,1135,1
CENTRO,F,NITEROI,BRASILEIRA,União Estável,1990-06-08,RJ,MASCULINO,Não,Risco PLD/FT Baixo,Tecnico Universitário,4283.91,Não,Mensalista,35.0,1194,0
VILAR DOS TELES,F,SÃO JOÃO DE MERITI,BRASILEIRA,Solteiro,1977-03-15,RJ,MASCULINO,Não,Risco PLD/FT Baixo,Cabo Pm,6168.72,Não,Mensalista,48.0,658,0
ESTÁCIO,F,RIO DE JANEIRO,BRASILEIRA,Casada,1983-01-18,RJ,FEMININO,Não,,Agente De Educação Infantil,3292.84,Não,Mensalista,42.0,237,0
BENTO RIBEIRO,F,RIO DE JANEIRO,BRASILEIRA,Casada,1978-12-05,RJ,FEMININO,Não,,Agente De Educação Infantil,3902.1,Não,Mensalista,47.0,237,0
CENTRO,F,NOVA FRIBURGO,Brasileira,Casado,1952-05-27,RJ,FEMININO,Não,,Assis.Legislativo Aposen.,8404.9,Não,Mensalista,73.0,413,3
DEL CASTILHO,F,RIO DE JANEIRO,BRASILEIRA,Divorciada,1961-11-20,RJ,FEMININO,Não,,Ag Administração,7228.62,Não,Mensalista,64.0,21,3
RAMOS,F,RIO DE JANEIRO,BRASILEIRA,Divorciada,1970-09-17,RJ,FEMININO,Não,,Merendeira,1149.97,Não,Mensalista,55.0,812,0
LEOPOLDINA,F,RIO DE JANEIRO,Brasileira,Casado,1956-01-07,RJ,FEMININO,Não,,Ag. Adm.,8466.46,Não,Mensalista,69.0,75,3
ANDARAI,F,RIO DE JANEIRO,BRASILEIRA,Solteira,1958-07-12,RJ,FEMININO,Não,,Professor,3082.56,Não,Mensalista,67.0,984,2
CIDADE NOVA,F,RIO DE JANEIRO,Brasileira,Casado,1966-08-11,RJ,FEMININO,Não,,Agente Comunitario,0.0,Não,Mensalista,59.0,198,3
REALENGO,F,RIO DE JANEIRO,BRASILEIRA,Solteira,1964-02-12,RJ,FEMININO,Não,,Professor Ii,7569.95,Não,Mensalista,61.0,1048,1
BANGU,F,RIO DE JANEIRO,BRASILEIRA,Solteira,1952-05-16,RJ,FEMININO,Não,,Copeiro(Sms),1658.69,Não,Mensalista,73.0,682,2
COPACABANA,F,RIO DE JANEIRO,BRASILEIRA,Divorciada,1959-01-01,RJ,FEMININO,Não,,Professor Ii,10213.79,Não,Mensalista,66.0,1048,1
PAQUETA,F,RIO DE JANEIRO,Brasileira,Solteiro,1960-09-24,RJ,FEMININO,Não,,Prof. Ii,6107.92,Não,Mensalista,65.0,968,2
DEL CASTILHO,F,RIO DE JANEIRO,BRASILEIRA,Separada judicialmente,1973-10-12,RJ,FEMININO,Não,,Professor Ii,15669.61,Não,Mensalista,52.0,1048,1
DEL CASTILHO,F,RIO DE JANEIRO,BRASILEIRA,Separada judicialmente,1973-10-12,RJ,FEMININO,Não,,Professor Ii,15669.61,Não,Mensalista,52.0,1048,1
BRAZ DE PINA,F,RIO DE JANEIRO,Brasileira,Solteira,1960-12-08,RJ,FEMININO,Não,,Servente,1771.47,Não,Mensalista,65.0,1116,2
BAIRRO DE FÁTIMA,F,NITEROI,Brasileira,Solteiro,1966-02-08,RJ,FEMININO,Não,,Auxiliar De Enfermagem,2153.74,Não,Mensalista,59.0,608,0
ROCHA MIRANDA,F,RIO DE JANEIRO,Brasileira,Casada,1976-05-25,RJ,FEMININO,Não,,Professor Ii,11231.94,Não,Mensalista,49.0,1048,1
COPACABANA,F,RIO DE JANEIRO,BRASILEIRA,Solteiro,1976-10-12,RJ,FEMININO,Não,,Professora Ii,3316.71,Não,Mensalista,49.0,1074,0
PRAÇA SECA,F,RIO DE JANEIRO,BRASILEIRA,Casada,1981-01-10,RJ,FEMININO,Não,,Ag. De Educação Infantil,3945.91,Não,Mensalista,44.0,129,0
CABUIS,F,NILOPOLIS,Brasileira,União Estável,1971-03-03,RJ,FEMININO,Não,,Auxiliar De Enfermagem,1734.25,Não,Mensalista,54.0,608,0
CAMPO GRANDE,F,RIO DE JANEIRO,BRASILEIRA,Solteira,1976-07-12,RJ,FEMININO,Não,,Professor Ii,8001.84,Não,Mensalista,49.0,1048,1
SÃO CRISTOVÃO,F,RIO DE JANEIRO,BRASILEIRA,Solteira,1991-03-02,RJ,FEMININO,Não,Risco PLD/FT Baixo,Professor De Ensino Fundamenta,6210.48,Não,Mensalista,34.0,1001,0
CAMPO GRANDE,F,RIO DE JANEIRO,Brasileira,Casado,1983-01-18,RJ,FEMININO,Não,,Auxiliar Financeira,1334.69,Não,Mensalista,42.0,644,0
BANGU,F,RIO DE JANEIRO,Brasileira,Casado,1966-06-14,RJ,FEMININO,Não,,Aux. De Enf.,4363.46,Não,Mensalista,59.0,522,3
MIGUEL COUTO,F,NOVA IGUACU,BRASILEIRA,Casada,1981-07-25,RJ,FEMININO,Não,,Professor Ii,6516.24,Não,Mensalista,44.0,1048,0
REALENGO,F,RIO DE JANEIRO,BRASILEIRA,Divorciada,1965-10-17,RJ,FEMININO,Não,,Professor Ii,8758.03,Não,Mensalista,60.0,1048,1
ENCANTADO,F,RIO DE JANEIRO,Brasileira,Casado,1972-01-12,RJ,FEMININO,Não,,Prof. Ii,5439.48,Não,Mensalista,53.0,968,0
CASCADURA,F,RIO DE JANEIRO,BRASILEIRA,Casada,1981-05-12,RJ,FEMININO,Não,,Professor De Ensino Fundamenta,8990.64,Não,Mensalista,44.0,1001,1
GRADIM,F,SÃO GONÇALO,BRASILEIRA,Solteiro,1975-07-14,RJ,FEMININO,Não,Risco PLD/FT Baixo,Assistente Ii,7550.0,Não,Mensalista,50.0,427,0
PARADA DE LUCAS,F,RIO DE JANEIRO,BRASILEIRA,Casada,1972-09-26,RJ,FEMININO,Não,,Assistente Social,7789.73,Não,Mensalista,53.0,430,0
CENTRO,F,NOVA IGUACU,Brasileira,Viúvo,1943-09-27,RJ,FEMININO,Não,,Prof. Ii,2229.38,Não,Mensalista,82.0,968,2
PECHINCHA,F,RIO DE JANEIRO,BRASILEIRA,Casada,1978-11-22,RJ,FEMININO,Não,,Prof De Ensino Fundamental,9011.1,Não,Mensalista,47.0,887,1
SENADOR VASCONCELOS,F,RIO DE JANEIRO,Brasileira,Casado,1962-02-13,RJ,FEMININO,Não,,Merendeira,1576.88,Não,Mensalista,63.0,812,2
TOMAS COELHO,F,RIO DE JANEIRO,Brasileira,Solteiro,1982-06-01,RJ,FEMININO,Não,,Professora Ii,5364.16,Não,Mensalista,43.0,1074,0
PEDRA DE GUARATIBA,F,RIO DE JANEIRO,BRASILEIRA,Casada,1966-12-21,RJ,FEMININO,Não,,Professor Ii,4906.79,Não,Mensalista,59.0,1048,2
PEDRA DE GUARATIBA,F,RIO DE JANEIRO,BRASILEIRA,Casado,1966-12-21,RJ,FEMININO,Não,,Professor,4716.92,Não,Mensalista,59.0,984,2
RIO COMPRIDO,F,RIO DE JANEIRO,BRASILEIRA,Solteira,1982-03-29,RJ,FEMININO,Não,,Ag. De Educação Infantil,3731.24,Não,Mensalista,43.0,129,0
PENHA CIRCULAR,F,RIO DE JANEIRO,Brasileira,Solteira,1976-10-27,RJ,FEMININO,Não,,Ag De Administração,1632.66,Não,Mensalista,49.0,40,0
JARDIM MARILEA,F,RIO DAS OSTRAS,BRASILEIRA,Solteiro,1988-07-11,RJ,FEMININO,Não,Risco PLD/FT Baixo,Inspetor De Alunos 2 G,2958.61,Não,Mensalista,37.0,790,0
QUINTINO BOCAIUVA,F,RIO DE JANEIRO,BRASILEIRA,Casada,1968-05-21,RJ,FEMININO,Não,,Professor Ii,7457.8,Não,Mensalista,57.0,1048,1
QUINTINO BOCAIUVA,F,RIO DE JANEIRO,Brasileira,Casada,1968-05-21,RJ,FEMININO,Não,,Professor Ii,7457.8,Não,Mensalista,57.0,1048,1
TAQUARA,F,RIO DE JANEIRO,BRASILEIRA,Solteira,1990-10-09,RJ,FEMININO,Não,,Tecnico De Enfermagem,2407.76,Não,Mensalista,35.0,1172,0
GRAJAU,F,RIO DE JANEIRO,BRASILEIRA,Solteira,1959-03-18,RJ,FEMININO,Não,,Agente De Educação Infantil,2671.69,Não,Mensalista,66.0,237,3
INGÁ,F,NITEROI,Brasileira,Divorciado,1959-09-26,RJ,FEMININO,Não,,Tec Judiciario,7023.7,Não,Mensalista,66.0,1147,2
BRAZ DE PINA,F,RIO DE JANEIRO,Brasileira,Solteira,1961-10-23,RJ,FEMININO,Não,,Aux De Enfermagem 2º Grau,2370.49,Não,Mensalista,64.0,474,3
ENGENHO DE DENTRO,F,RIO DE JANEIRO,BRASILEIRA,Solteira,1959-09-09,RJ,FEMININO,Não,,Agente Educador Ii,2157.96,Não,Mensalista,66.0,268,3
PACIENCIA,F,RIO DE JANEIRO,BRASILEIRA,Divorciada,1961-04-13,RJ,FEMININO,Não,,Aposentada,3615.32,Não,Mensalista,64.0,294,3
CAMPO GRANDE,F,RIO DE JANEIRO,Brasileira,Solteira,1958-08-03,RJ,FEMININO,Não,,Professor Ii,4700.18,Não,Mensalista,67.0,1048,2
TODOS OS SANTOS,F,RIO DE JANEIRO,BRASILEIRA,Viúva,1959-03-09,RJ,FEMININO,Não,,Professor Ii,10048.66,Não,Mensalista,66.0,1048,1
TODOS OS SANTOS,F,RIO DE JANEIRO,Brasileira,Viúva,1959-03-09,RJ,FEMININO,Não,,Professora Ii,10048.66,Não,Mensalista,66.0,1074,1
REALENGO,F,RIO DE JANEIRO,BRASILEIRA,Separada judicialmente,1968-05-04,RJ,FEMININO,Não,,Merendeira,1005.06,Não,Mensalista,57.0,812,0
FREGUESIA JACAREPAGUA,F,RIO DE JANEIRO,BRASILEIRA,Solteira,1941-11-04,RJ,FEMININO,Não,,Aposentada,1481.52,Não,Mensalista,84.0,294,3
SANTA ROSA,F,NITEROI,BRASILEIRA,Separada judicialmente,1965-11-13,RJ,FEMININO,Não,,Farmaceutico,5134.08,Não,Mensalista,60.0,757,0
OSWALDO CRUZ,F,RIO DE JANEIRO,Brasileira,Divorciado,1961-02-20,RJ,FEMININO,Não,,Agente De Administração/Assist,5647.16,Não,Mensalista,64.0,218,3
NOVA CIDADE,F,NILOPOLIS,BRASILEIRA,SOLTEIRO,1971-03-30,RJ,FEMININO,Não,,Merendeira,1006.65,Não,Mensalista,54.0,812,0
ANCHIETA,F,RIO DE JANEIRO,BRASILEIRA,Casado,1968-05-08,RJ,FEMININO,Não,,Professor Ii,2557.5,Não,Mensalista,57.0,1048,2
CAMPO GRANDE,F,RIO DE JANEIRO,BRASILEIRA,SOLTEIRO,1969-03-01,RJ,FEMININO,Não,,Enfemeiro,2472.2,Não,Mensalista,56.0,719,0
CENTRO,F,SAO JOAO DE MERITI,BRASILEIRA,Casada,1966-07-02,RJ,FEMININO,Não,,Aux De Enfermagem,2746.0,Não,Mensalista,59.0,459,3
SÃO CRISTOVÃO,F,RIO DE JANEIRO,BRASILEIRA,Solteira,1973-11-24,RJ,FEMININO,Não,,Agen. De Administração/ Subg,5531.71,Não,Mensalista,52.0,170,0
REALENGO,F,RIO DE JANEIRO,Brasileira,Solteiro,1957-07-17,RJ,FEMININO,Não,,Aux De Enfermagem,2448.18,Não,Mensalista,68.0,459,3
DEL CASTILHO,F,RIO DE JANEIRO,BRASILEIRA,Casada,1974-02-13,RJ,FEMININO,Não,,Merendeira,1561.25,Não,Mensalista,51.0,812,0
BANGU,F,RIO DE JANEIRO,Brasileira,Solteira,1958-11-21,RJ,FEMININO,Não,,Aux De Enfermagem 2º Grau,4058.55,Não,Mensalista,67.0,474,3
RAMOS,F,RIO DE JANEIRO,BRASILEIRA,Casado,1948-08-12,RJ,FEMININO,Não,,Diretor Iv,1145.16,Não,Mensalista,77.0,706,2
RAMOS,F,RIO DE JANEIRO,BRASILEIRA,Casado,1948-08-12,RJ,FEMININO,Não,,Aposentada,3378.54,Não,Mensalista,77.0,294,3
PENHA,F,RIO DE JANEIRO,Brasileira,Casado,1950-06-25,RJ,FEMININO,Não,,Professor,7307.82,Não,Mensalista,75.0,984,2
IRAJA,F,RIO DE JANEIRO,BRASILEIRA,Solteira,1967-02-16,RJ,FEMININO,Não,,Tecnico De Laboratorio,10508.4,Não,Mensalista,58.0,1176,1
IRAJA,F,RIO DE JANEIRO,BRASILEIRA,Solteira,1967-02-16,RJ,FEMININO,Não,,Tec. Laboratorio Anal. Clinica,10508.4,Não,Mensalista,58.0,1162,1
IRAJA,F,RIO DE JANEIRO,Brasileira,Viúva,1956-01-18,RJ,FEMININO,Não,,Datilografo,5155.14,Não,Mensalista,69.0,690,2
VAZ LOBO,F,RIO DE JANEIRO,Brasileira,Casado,1950-04-08,RJ,MASCULINO,Não,,Servente,2373.32,Não,Mensalista,75.0,1116,2
BONSUCESSO,F,RIO DE JANEIRO,BRASILEIRA,Solteira,1959-09-02,RJ,FEMININO,Não,,Aux De Enfermagem 2º Grau,4996.23,Não,Mensalista,66.0,474,3
MUTUA,F,SÃO GONÇALO,BRASILEIRA,Casado,1963-05-17,RJ,MASCULINO,Não,,Aux De Laboratório,2645.88,Não,Mensalista,62.0,489,3
JARDIM GLÓRIA,F,CURITIBA,Brasileira,Solteira,1950-05-04,PR,FEMININO,Não,,Merdendeira,1262.78,Não,Mensalista,75.0,810,2
CAMPO GRANDE,F,RIO DE JANEIRO,BRASILEIRA,Solteira,1953-02-28,RJ,FEMININO,Não,,Professor Ii,5886.82,Não,Mensalista,72.0,1048,2
CAMPO GRANDE,F,RIO DE JANEIRO,BRASILEIRA,Solteira,1953-02-28,RJ,FEMININO,Não,,Professor Ii,6201.76,Não,Mensalista,72.0,1048,2
BANGU,F,RIO DE JANEIRO,BRASILEIRA,Solteiro,1991-07-18,RJ,MASCULINO,Não,Risco PLD/FT Baixo,Soldado Bm,7108.59,Não,,34.0,1128,0
SEPETIBA,F,RIO DE JANEIRO,BRASILEIRA,Casado,1955-11-22,RJ,FEMININO,Não,,Professor Ii,3119.64,Não,Mensalista,70.0,1048,2
BANGU,F,RIO DE JANEIRO,Brasileira,Divorciado,1946-04-12,RJ,FEMININO,Não,,Professora,5013.72,Não,Mensalista,79.0,1070,2
SANTA CRUZ,F,RIO DE JANEIRO,BRASILEIRA,Solteira,1959-06-09,RJ,FEMININO,Não,,Aposentada,1739.27,Não,Mensalista,66.0,294,3
SANTA CRUZ,F,RIO DE JANEIRO,BRASILEIRA,Solteira,1963-07-05,RJ,FEMININO,Não,,Servente,1177.47,Não,Mensalista,62.0,1116,2
CORDOVIL,F,RIO DE JANEIRO,BRASILEIRA,Casada,1964-05-15,RJ,FEMININO,Não,,Professor,0.0,Não,Mensalista,61.0,984,2
PARQUE ANCHIETA,F,RIO DE JANEIRO,Brasileira,Casado,1960-10-16,RJ,MASCULINO,Não,,Ag. De Vigilancia,1367.16,Não,Mensalista,65.0,140,3
BANGU,F,RIO DE JANEIRO,BRASILEIRA,SOLTEIRO,1958-04-16,RJ,MASCULINO,Não,,Inspetor De Alunos,784.43,Não,Mensalista,67.0,789,2
CENTRO,F,MESQUITA,BRASILEIRA,Casada,1965-07-11,RJ,FEMININO,Não,,Prof. I - Geografia,3122.03,Não,Mensalista,60.0,960,2
J. IDEAL,F,CURITIBA,Brasileira,Solteiro,1959-04-25,PR,MASCULINO,Não,,Trabalhador,1319.12,Não,Mensalista,66.0,1202,2
SANTA CRUZ,F,RIO DE JANEIRO,BRASILEIRA,Solteiro,1966-02-24,RJ,MASCULINO,Não,,Guarda Municipal,6015.19,Não,Mensalista,59.0,776,0
REALENGO,F,RIO DE JANEIRO,BRASILEIRA,Solteiro,1976-11-20,RJ,MASCULINO,Não,,Prof De Ensino Fundamental,7193.02,Não,Mensalista,49.0,887,1
CAMPO GRANDE,F,RIO DE JANEIRO,Brasileira,Solteiro,1967-02-25,RJ,MASCULINO,Não,,Ag De Administração,2295.95,Não,Mensalista,58.0,40,3
TAQUARA,F,RIO DE JANEIRO,BRASILEIRA,Casado,1978-02-17,RJ,FEMININO,Não,,Professor,1529.2,Não,Mensalista,47.0,984,0
JARDIM VINTE E CINCO DE AGOSTO,F,DUQUE DE CAXIAS,BRASILEIRA,Solteira,1970-03-30,RJ,FEMININO,Não,,Professor Ii,7555.42,Não,Mensalista,55.0,1048,1
JACAREPAGUA,F,RIO DE JANEIRO,Brasileira,Casado,1972-03-04,RJ,FEMININO,Não,,Aux. De Enfermagem,2179.14,Não,Mensalista,53.0,525,0
GAVEA,F,RIO DE JANEIRO,Brasileira,Casada,1966-10-20,RJ,FEMININO,Não,,Ag Comunitario Nivel Ii,3708.93,Não,Mensalista,59.0,35,3
CASCADURA,F,RIO DE JANEIRO,BRASILEIRA,Solteiro,1965-06-24,RJ,FEMININO,Não,Risco PLD/FT Baixo,Professor De Ensino Fundamenta,8686.7,Não,Mensalista,60.0,1001,1
OSWALDO CRUZ,F,RIO DE JANEIRO,BRASILEIRA,Viúva,1960-04-05,RJ,FEMININO,Não,,Professor Ii,4867.89,Não,Mensalista,65.0,1048,2
OSWALDO CRUZ,F,RIO DE JANEIRO,BRASILEIRA,Viúva,1960-04-05,RJ,FEMININO,Não,,Professor,4867.52,Não,Mensalista,65.0,984,2
BENTO RIBEIRO,F,RIO DE JANEIRO,BRASILEIRA,SOLTEIRO,1968-10-24,RJ,FEMININO,Não,,Merendeira,723.27,Não,Mensalista,57.0,812,0
INHAUMA,F,DUQUE DE CAXIAS,Brasileira,Solteiro,1962-05-05,RJ,MASCULINO,Não,,Ag.Aux.Adm.,3484.44,Não,Mensalista,63.0,156,3
PARAISO,F,NOVA IGUAÇU,BRASILEIRA,Solteira,1964-11-17,RJ,FEMININO,Não,,Auxiliar De Laboratorio,3800.68,Não,Mensalista,61.0,632,3
TOMAS COELHO,F,RIO DE JANEIRO,Brasileira,Casado,1964-01-03,RJ,FEMININO,Não,,Professora,6156.88,Não,Mensalista,61.0,1070,2
ANCHIETA,F,RIO DE JANEIRO,Brasileira,Casado,1967-03-12,RJ,FEMININO,Não,,Ag. De Administração,1821.2,Não,Mensalista,58.0,109,3
OLARIA,F,RIO DE JANEIRO,BRASILEIRA,Casada,1959-03-09,RJ,FEMININO,Não,,Professor Ii,4194.44,Não,Mensalista,66.0,1048,2
OLARIA,F,RIO DE JANEIRO,BRASILEIRA,Casada,1959-03-09,RJ,FEMININO,Não,,Professor Ii,3481.72,Não,Mensalista,66.0,1048,2
SANTA CRUZ,F,RIO DE JANEIRO,Brasileira,Casado,1974-04-24,RJ,FEMININO,Não,,Professor,5320.14,Não,Mensalista,51.0,984,0
PENHA CIRCULAR,F,RIO DE JANEIRO,Brasileira,Divorciada,1964-10-31,RJ,FEMININO,Não,,Aux De Enfermagem 2ºgrau,6271.7,Não,Mensalista,61.0,476,3
ANDARAI,F,RIO DE JANEIRO,Brasileira,Solteiro,1959-01-14,RJ,FEMININO,Não,,Ag. Admin,2611.16,Não,Mensalista,66.0,76,3
VILA DA PENHA,F,RIO DE JANEIRO,Brasileira,Solteiro,1978-05-14,RJ,FEMININO,Não,,Enfermeira,4401.42,Não,Mensalista,47.0,720,0
SARACURUNA,F,DUQUE DE CAXIAS,BRASILEIRA,Casada,1987-06-11,RJ,FEMININO,Não,,Ag. Educação Infantil,3563.86,Não,Mensalista,38.0,145,0
IRAJA,F,RIO DE JANEIRO,BRASILEIRA,Casada,1965-02-10,RJ,FEMININO,Não,,Merendeira,1580.58,Não,Mensalista,60.0,812,2
FONSECA,F,NITEROI,Brasileira,Casada,1956-11-05,RJ,FEMININO,Não,,Aposentada,3086.93,Não,Mensalista,69.0,294,3
CENTRO,F,DUQUE DE CAXIAS,BRASILEIRA,Solteira,1962-03-27,RJ,FEMININO,Não,,Agente Educador Ii,2164.8,Não,Mensalista,63.0,268,3
GRAJAU,F,RIO DE JANEIRO,BRASILEIRA,Solteira,1963-02-13,RJ,FEMININO,Não,,Aux De Enfermagem 2º Grau,5236.94,Não,Mensalista,62.0,474,3
IMBARIE,F,RIO DE JANEIRO,Brasileira,Solteiro,1972-04-27,RJ,FEMININO,Não,,Aux. De Enfermagem,1630.94,Não,Mensalista,53.0,525,0
BENFICA,F,RIO DE JANEIRO,BRASILEIRA,Casada,1966-12-07,RJ,FEMININO,Não,,Agente De Educação Infantil,3501.36,Não,Mensalista,59.0,237,3
CAMPO GRANDE,F,RIO DE JANEIRO,Brasileira,Solteira,1967-04-04,RJ,FEMININO,Não,,Aposentada,4518.49,Não,Mensalista,58.0,294,3
VILA ISABEL,F,RIO DE JANEIRO,BRASILEIRA,Divorciada,1960-10-06,RJ,FEMININO,Não,,Professor Ii,7752.74,Não,Mensalista,65.0,1048,1
HIGIENOPOLIS,F,RIO DE JANEIRO,Brasileira,Casado,1966-05-15,RJ,FEMININO,Não,,Datilografo,2085.06,Não,Mensalista,59.0,690,0
ANCHIETA,F,RIO DE JANEIRO,BRASILEIRA,Casada,1965-04-20,RJ,FEMININO,Não,,Aposentada,937.0,Não,Mensalista,60.0,294,3
SEPETIBA,F,RIO DE JANEIRO,Brasileira,Divorciada,1964-12-02,RJ,FEMININO,Não,,Merendeira,1010.26,Não,Mensalista,61.0,812,2
PENHA,F,RIO DE JANEIRO,Brasileira,Casado,1960-10-06,RJ,FEMININO,Não,,Prof Ii,4395.62,Não,Mensalista,65.0,930,2
VILA ISABEL,F,RIO DE JANEIRO,Brasileira,Solteiro,1971-07-07,RJ,FEMININO,Não,,Ass. Social,4581.86,Não,Mensalista,54.0,401,0
OLINDA,F,NILOPOLIS,BRASILEIRA,Casada,1969-11-04,RJ,FEMININO,Não,,Profissional De Nivel Médio,6617.07,Não,Mensalista,56.0,1085,1
MAGALHÃES BASTOS,F,RIO DE JANEIRO,Brasileira,Desquitado,1960-10-31,RJ,FEMININO,Não,,Aux. De Enfermagem,2359.34,Não,Mensalista,65.0,525,3
CACHAMBI,F,RIO DE JANEIRO,BRASILEIRA,Solteira,1961-03-25,RJ,FEMININO,Não,,Servente,1492.2,Não,Mensalista,64.0,1116,2
ABOLIÇÃO,F,RIO DE JANEIRO,Brasileira,Divorciado,1964-09-11,RJ,FEMININO,Não,,Prof. I,2318.52,Não,Mensalista,61.0,958,2
VILA ISABEL,F,RIO DE JANEIRO,Brasileira,Casada,1966-04-01,RJ,FEMININO,Não,,Merendeira,1776.56,Não,Mensalista,59.0,812,2
HONORIO GURGEL,F,RIO DE JANEIRO,BRASILEIRA,Casada,1967-01-16,RJ,FEMININO,Não,,Merendeira,2014.24,Não,Mensalista,58.0,812,0
MAURIMARCIA,F,MAGE,BRASILEIRA,Divorciada,1955-09-20,RJ,FEMININO,Não,,Aposentada,5333.28,Não,Mensalista,70.0,294,3
LEOPOLDINA,F,RIO DE JANEIRO,Brasileira,Casado,1962-09-18,RJ,FEMININO,Não,,Aux De Enfermagem 2° Grau,3540.72,Não,Mensalista,63.0,473,3
HUMAITÁ,F,RIO DE JANEIRO,BRASILEIRA,OUTROS,1961-02-14,RJ,FEMININO,Não,,Aux.Creche,478.15,Não,Mensalista,64.0,580,3
SANTA CRUZ,F,RIO DE JANEIRO,BRASILEIRA,Casada,1969-04-15,RJ,FEMININO,Não,,Agente Comunitario Nivel Ii (Q,3470.65,Não,Mensalista,56.0,203,3
MONERÓ,F,RIO DE JANEIRO,Brasileira,Solteira,1965-11-15,RJ,FEMININO,Não,,Professor Ii,5966.39,Não,Mensalista,60.0,1048,2
MONERÓ,F,RIO DE JANEIRO,BRASILEIRA,Solteira,1965-11-15,RJ,FEMININO,Não,,Professor Ii,8961.25,Não,Mensalista,60.0,1048,1
OLARIA,F,RIO DE JANEIRO,Brasileira,Casada,1957-11-06,RJ,FEMININO,Não,,Professor Ii,6316.12,Não,Mensalista,68.0,1048,2
PRAÇA DA BANDEIRA,F,RIO DE JANEIRO,Brasileira,Casada,1964-01-03,RJ,FEMININO,Não,,Professor Ii,7841.84,Não,Mensalista,61.0,1048,1
VAZ LOBO,F,RIO DE JANEIRO,BRASILEIRA,Viúva,1966-02-25,RJ,FEMININO,Não,,Professor Ii,11160.98,Não,Mensalista,59.0,1048,1
ANIL,F,RIO DE JANEIRO,BRASILEIRA,Solteiro,1961-01-30,RJ,FEMININO,Não,Risco PLD/FT Baixo,Professora Lingua Portuguesa,2713.71,Não,Mensalista,64.0,1076,2
BENTO RIBEIRO,F,RIO DE JANEIRO,BRASILEIRA,Casado,1983-08-08,RJ,MASCULINO,Não,,Guarda Municipal,4364.54,Não,Mensalista,42.0,776,0
JACAREPAGUA,F,RIO DE JANEIRO,Brasileira,Solteiro,1958-01-12,RJ,FEMININO,Não,,Aux. Op. Serv. Diversos,4928.26,Não,Mensalista,67.0,569,3
PECHINCHA,F,RIO DE JANEIRO,Brasileira,Solteira,1952-10-12,RJ,FEMININO,Não,,Aposentada,6272.56,Não,Mensalista,73.0,294,3
PENHA CIRCULAR,F,RIO DE JANEIRO,BRASILEIRA,Divorciada,1958-03-19,RJ,FEMININO,Não,,Professor Ii,4862.25,Não,Mensalista,67.0,1048,2
ENGENHO DE DENTRO,F,RIO DE JANEIRO,Brasileira,Solteira,1969-08-11,RJ,FEMININO,Não,,Prof,3566.94,Não,Mensalista,56.0,874,0
HIGIENOPOLIS,F,RIO DE JANEIRO,BRASILEIRA,Solteira,1964-03-15,RJ,FEMININO,Não,,Professor Ii,7319.63,Não,Mensalista,61.0,1048,1
HIGIENOPOLIS,F,RIO DE JANEIRO,Brasileira,Solteira,1964-03-15,RJ,FEMININO,Não,,Aposentada,7779.99,Não,Mensalista,61.0,294,3
REALENGO,F,RIO DE JANEIRO,BRASILEIRA,Divorciada,1959-03-08,RJ,FEMININO,Não,,Auxiliar De Enfermagem,4300.99,Não,Mensalista,66.0,608,3
VILA DA PENHA,F,RIO DE JANEIRO,Brasileira,Casada,1961-10-05,RJ,FEMININO,Não,,Ag. De Administração,2026.16,Não,Mensalista,64.0,109,3
PIEDADE,F,RIO DE JANEIRO,Brasileira,Não informado,1944-08-30,RJ,FEMININO,Não,,Prof. Frances,7374.1,Não,Mensalista,81.0,957,2
INHOAIBA,F,RIO DE JANEIRO,Brasileira,Casado,1967-04-29,RJ,MASCULINO,Não,,Trabalhador,2974.58,Não,Mensalista,58.0,1202,2
CAMPO GRANDE,F,RIO DE JANEIRO,Brasileira,Viúvo,1946-09-07,RJ,FEMININO,Não,,Merendeira,2119.26,Não,Mensalista,79.0,812,2
SANTA CRUZ,F,RIO DE JANEIRO,Brasileira,Viúvo,1956-04-15,RJ,MASCULINO,Não,,Servente,2768.42,Não,Mensalista,69.0,1116,2
GUADALUPE,F,RIO DE JANEIRO,Brasileira,Viúvo,1955-10-08,RJ,FEMININO,Não,,Aux De Enfermagem,3151.62,Não,Mensalista,70.0,459,3
BANGU,F,RIO DE JANEIRO,Brasileira,Separado judicialmente,1960-08-18,RJ,MASCULINO,Não,,Agente De Vigilancia,0.0,Não,Mensalista,65.0,259,3
SENADOR CAMARA,F,RIO DE JANEIRO,Brasileira,Solteira,1973-02-20,RJ,FEMININO,Não,,Merendeira,2338.2,Não,Mensalista,52.0,812,0
ROCHA,F,RIO DE JANEIRO,BRASILEIRA,Solteira,1973-11-10,RJ,FEMININO,Não,,Agente De Educação Infantil,3582.52,Não,Mensalista,52.0,237,0
FLAMENGO,F,RIO DE JANEIRO,BRASILEIRA,Divorciada,1961-03-13,RJ,FEMININO,Não,,Professor Ii,18192.24,Não,Mensalista,64.0,1048,1
FLAMENGO,F,RIO DE JANEIRO,BRASILEIRA,Divorciada,1961-03-13,RJ,FEMININO,Não,,Professor Ii,18192.24,Não,Mensalista,64.0,1048,1
ICARAI - NITERÓI,F,NITERÓI,Brasileira,Viúva,1938-07-22,RJ,FEMININO,Não,,Assistente Social,4379.17,Não,Mensalista,87.0,430,3
SOSSEGO,F,ITABORAI,BRASILEIRA,Solteiro,1988-08-20,RJ,MASCULINO,Não,Risco PLD/FT Baixo,3º Sargento Pm,9428.02,Não,Mensalista,37.0,11,0
SENADOR CAMARA,F,RIO DE JANEIRO,BRASILEIRA,Solteiro,1986-07-01,RJ,MASCULINO,Não,Risco PLD/FT Baixo,Secretario Escolar,3851.75,Não,Mensalista,39.0,1113,0
TIJUCA,F,RIO DE JANEIRO,Brasileira,Casada,1966-01-12,RJ,FEMININO,Não,,Aux De Enfermagem,2525.82,Não,Mensalista,59.0,459,3
SANTA CRUZ,F,RIO DE JANEIRO,Brasileira,Divorciado,1963-08-19,RJ,FEMININO,Não,,Aux. De Imobilização Em Ortope,2806.82,Não,Mensalista,62.0,550,3
BOA ESPERANÇA,F,CURITIBA,Brasileira,Solteira,1953-09-08,PR,FEMININO,Não,,Agente Comunitario Nivel I,2093.09,Não,Mensalista,72.0,199,3
BANGU,F,RIO DE JANEIRO,Brasileira,Divorciado,1940-01-26,RJ,FEMININO,Não,,Aux De Enfermagem Inativa,3765.22,Não,Mensalista,85.0,478,3
BANGU,F,RIO DE JANEIRO,BRASILEIRA,Solteira,1967-09-04,RJ,FEMININO,Não,,Servente,1152.01,Não,Mensalista,58.0,1116,2
CAMPO GRANDE,F,RIO DE JANEIRO,BRASILEIRA,Solteira,1964-08-03,RJ,FEMININO,Não,,Professor Ii,3989.91,Não,Mensalista,61.0,1048,2
ROCHA MIRANDA,F,RIO DE JANEIRO,Brasileira,Casada,1966-07-29,RJ,FEMININO,Não,,Merendeira,1337.53,Não,Mensalista,59.0,812,2
PENHA,F,RIO DE JANEIRO,Brasileira,Casado,1958-01-21,RJ,FEMININO,Não,,Ag. Adm.,7354.54,Não,Mensalista,67.0,75,3
PAVUNA,F,RIO DE JANEIRO,Brasileiro,Solteiro,1959-03-16,RJ,MASCULINO,Não,,Art. De Alvenaria E Pintura,2727.28,Não,Mensalista,66.0,340,3
SEPETIBA,F,RIO DE JANEIRO,Brasileira,Divorciada,1952-09-29,RJ,FEMININO,Não,,Ag Aux De Administracao,5729.08,Não,Mensalista,73.0,24,3
INHAUMA,F,RIO DE JANEIRO,Brasileira,Casado,1950-10-28,RJ,FEMININO,Não,,Prof. 2,0.0,Não,Mensalista,75.0,947,2
MIGUEL COUTO,F,NOVA IGUAÇU,Brasileira,Casado,1947-12-03,RJ,MASCULINO,Não,,Art De Artes Graficas,4534.43,Não,Mensalista,78.0,306,3
BANGU,F,RIO DE JANEIRO,Brasileira,Casada,1952-11-16,RJ,FEMININO,Não,,Copeiro,1896.94,Não,Mensalista,73.0,678,2
COSMOS,F,RIO DE JANEIRO,BRASILEIRA,Viúva,1965-02-28,RJ,FEMININO,Não,,Merendeira,1494.22,Não,Mensalista,60.0,812,2
MADUREIRA,F,RIO DE JANEIRO,Brasileira,Divorciada,1966-06-30,RJ,FEMININO,Não,,Aux. De Enfermagem,2755.78,Não,Mensalista,59.0,525,3
VARGEM PEQUENA,F,RIO DE JANEIRO,BRASILEIRA,Casado,1951-05-14,RJ,FEMININO,Não,,Servente,1047.8,Não,Mensalista,74.0,1116,2
QUINTINO BOCAIUVA,F,RIO DE JANEIRO,Brasileira,Casado,1954-07-08,RJ,FEMININO,Não,,Merendeira,1365.98,Não,Mensalista,71.0,812,2
BANGU,F,RIO DE JANEIRO,BRASILEIRA,Solteiro,1989-03-08,RJ,MASCULINO,Não,Risco PLD/FT Baixo,Técnico Universitário Ii,9328.24,Não,Mensalista,36.0,1235,1
QUINTINO BOCAIUVA,F,RIO DE JANEIRO,BRASILEIRA,Casado,1988-06-10,RJ,MASCULINO,Não,Risco PLD/FT Baixo,Agente Educador Ii,1678.09,Não,Mensalista,37.0,268,0
PARQUE DUQUE,F,DUQUE DE CAXIAS,BRASILEIRA,Casado,1985-05-17,RJ,MASCULINO,Não,,Guarda Municipal,3466.48,Não,Mensalista,40.0,776,0
CAMPO GRANDE,F,RIO DE JANEIRO,Brasileira,Solteira,1961-05-05,RJ,FEMININO,Não,,Servente,2258.42,Não,Mensalista,64.0,1116,2
CAMPO GRANDE,F,RIO DE JANEIRO,BRASILEIRA,Casada,1981-03-22,RJ,FEMININO,Não,,Professor De Ensino Fundamenta,7193.02,Não,Mensalista,44.0,1001,1
CAMPO GRANDE,F,RIO DE JANEIRO,Brasileira,Divorciado,1963-02-11,RJ,FEMININO,Não,,Professora,3140.42,Não,Mensalista,62.0,1070,2
SANTA CRUZ,F,RIO DE JANEIRO,Brasileira,Solteira,1948-02-13,RJ,FEMININO,Não,,Servente,1450.68,Não,Mensalista,77.0,1116,2
TIJUCA,F,RIO DE JANEIRO,BRASILEIRA,Viúva,1954-02-27,RJ,FEMININO,Não,,Aposentada,1681.29,Não,Mensalista,71.0,294,3
CENTRO,F,RIO DE JANEIRO,Brasileira,Desquitado,1958-03-12,RJ,FEMININO,Não,,Professora,3885.6,Não,Mensalista,67.0,1070,2
TANQUE,F,RIO DE JANEIRO,Brasileira,Divorciado,1945-03-01,RJ,FEMININO,Não,,Aux. De Serviços De Saude,1088.38,Não,Mensalista,80.0,560,3
ILHA DA MADEIRA,F,RIO DE JANEIRO,Brasileira,Solteiro,1958-08-18,RJ,MASCULINO,Não,,Aux. Op. Serv. Div.,2492.48,Não,Mensalista,67.0,568,3
CARAMUJO,F,RIO DE JANEIRO,Brasileira,Casado,1967-08-05,RJ,MASCULINO,Não,,Assessor Tec Parlamentar,8793.02,Não,Mensalista,58.0,412,1
SEPETIBA,F,RIO DE JANEIRO,Brasileira,Casado,1959-09-07,RJ,MASCULINO,Não,,Motorista,4764.97,Não,Mensalista,66.0,827,2
LEBLON,F,RIO DE JANEIRO,Brasileira,Solteiro,1977-12-13,RJ,MASCULINO,Não,,Agente De Administração,2647.56,Não,Mensalista,48.0,216,0
GUARATIBA,F,RIO DE JANEIRO,BRASILEIRA,SOLTEIRO,1952-01-21,RJ,FEMININO,Não,,Agente Auxiliar Administrativo,1378.07,Não,Mensalista,73.0,191,3
SANTA CRUZ,F,RIO DE JANEIRO,Brasileira,Solteira,1949-12-20,RJ,FEMININO,Não,,Servente,1497.2,Não,Mensalista,76.0,1116,2
VIGARIO GERAL,F,RIO DE JANEIRO,Brasileira,Solteiro,1946-09-20,RJ,MASCULINO,Não,,Trabalhador,2694.44,Não,Mensalista,79.0,1202,2
SENADOR CAMARA,F,RIO DE JANEIRO,Brasileira,Casado,1962-06-01,RJ,MASCULINO,Não,,Trabalhador (Sms),1866.92,Não,Mensalista,63.0,1205,2
PACIENCIA,F,RIO DE JANEIRO,Brasileira,Solteiro,1949-09-03,RJ,FEMININO,Não,,Trabalhador,2417.26,Não,Mensalista,76.0,1202,2
COELHO NETO,F,RIO DE JANEIRO,BRASILEIRA,Viúva,1945-01-24,RJ,FEMININO,Não,,Merendeira,1238.26,Não,Mensalista,80.0,812,2
CAVALCANTE,F,RIO DE JANEIRO,Brasileira,Casada,1965-05-23,RJ,FEMININO,Não,,Prof Ii,3459.26,Não,Mensalista,60.0,930,2
METROPOLE,F,NOVA IGUACU,BRASILEIRA,Solteiro,1987-10-17,RJ,MASCULINO,Não,Risco PLD/FT Baixo,Professor Docente I - 30 Horas,6122.19,Não,Mensalista,38.0,1015,0
IRAJA,F,RIO DE JANEIRO,Brasileira,Casada,1953-11-03,RJ,FEMININO,Não,,Professor Ii,4628.99,Não,Mensalista,72.0,1048,2
REALENGO,F,RIO DE JANEIRO,Brasileira,Casada,1962-12-05,RJ,FEMININO,Não,,Merendeira,1761.05,Não,Mensalista,63.0,812,2
COSTA VERDE,F,MARICA,BRASILEIRA,Solteira,1967-10-25,RJ,FEMININO,Não,,Enfermeiro,4179.83,Não,Mensalista,58.0,724,0
COSMOS,F,RIO DE JANEIRO,Brasileira,Casada,1961-06-27,RJ,FEMININO,Não,,Aposentada,1444.45,Não,Mensalista,64.0,294,3
HONORIO GURGEL,F,RIO DE JANEIRO,Brasileira,Divorciada,1960-04-22,RJ,FEMININO,Não,,Servente,2906.63,Não,Mensalista,65.0,1116,2
PIEDADE,F,RIO DE JANEIRO,Brasileira,Viúva,1950-12-03,RJ,FEMININO,Não,,Aposentada,2984.06,Não,Mensalista,75.0,294,3
PENHA,F,RIO DE JANEIRO,BRASILEIRA,Divorciada,1976-08-29,RJ,FEMININO,Não,,Agente De Educação Infantil,3676.41,Não,Mensalista,49.0,237,0
PACIENCIA,F,RIO DE JANEIRO,BRASILEIRA,Casada,1964-12-02,RJ,FEMININO,Não,,Merendeira,1960.7,Não,Mensalista,61.0,812,2
COSMOS,F,RIO DE JANEIRO,BRASILEIRA,Casado,1961-02-14,RJ,FEMININO,Não,,Aux. Creche,851.25,Não,Mensalista,64.0,517,3
PACIENCIA,F,RIO DE JANEIRO,Brasileira,Casada,1961-04-17,RJ,FEMININO,Não,,Servente,1780.99,Não,Mensalista,64.0,1116,2
CAMPO GRANDE,F,RIO DE JANEIRO,Brasileira,Solteira,1965-10-04,RJ,FEMININO,Não,,Prof. Ii,5519.74,Não,Mensalista,60.0,968,2
CAMPO GRANDE,F,RIO DE JANEIRO,BRASILEIRA,Solteira,1965-10-04,RJ,FEMININO,Não,,Professor Ii,5519.74,Não,Mensalista,60.0,1048,2
FLAMENGO,F,RIO DE JANEIRO,Brasileira,Viúvo,1934-08-31,RJ,FEMININO,Não,,Aposentada,3028.22,Não,Mensalista,91.0,294,3
RIO COMPRIDO,F,RIO DE JANEIRO,Brasileira,Solteiro,1949-03-21,RJ,FEMININO,Não,,Fonoaudiologo,4161.63,Não,Mensalista,76.0,766,2
LEOPOLDINA,F,RIO DE JANEIRO,Brasileira,Solteiro,1949-10-15,RJ,FEMININO,Não,,Assistente Social,4094.72,Não,Mensalista,76.0,430,3
PARQUE ANALANDIA,F,SAO JOAO DE MERITI,Brasileira,Solteiro,1973-04-29,RJ,MASCULINO,Não,,Agente De Administração,3442.65,Não,Mensalista,52.0,216,0
MUTUA,F,SAO GONCALO,Brasileira,Casado,1938-07-25,RJ,FEMININO,Não,,Tecnico Judiciario Iii,14929.08,Não,Mensalista,87.0,1189,1
VILA ISABEL,F,RIO DE JANEIRO,BRASILEIRA,Solteira,1977-02-11,RJ,FEMININO,Não,,Agente De Educação Infantil,3218.46,Não,Mensalista,48.0,237,0
NOSSA SENHORA DE FATIMA,F,NILOPOLIS,BRASILEIRA,Casada,1965-08-15,RJ,FEMININO,Não,,Professor Ii,4558.32,Não,Mensalista,60.0,1048,2
CABRAL,F,NILOPOLIS,Brasileira,Solteira,1959-07-25,RJ,FEMININO,Não,,Aux De Enfermagem 2º Grau,5730.27,Não,Mensalista,66.0,474,3
LEOPOLDINA,F,RIO DE JANEIRO,Brasileira,Casado,1964-03-13,RJ,MASCULINO,Não,,Aux. De Enfermagem Serv. De Ap,1022.2,Não,Mensalista,61.0,541,3
CENTRO,F,DUQUE DE CAXIAS,Brasileira,Casado,1955-02-12,RJ,MASCULINO,Não,,Trabalhador,4360.45,Não,Mensalista,70.0,1202,2
MADUREIRA,F,RIO DE JANEIRO,Brasileira,Solteiro,1946-11-15,RJ,MASCULINO,Não,,Servente(Sms),2665.91,Não,Mensalista,79.0,1121,2
IMBARIE,F,DUQUE DE CAXIAS,BRASILEIRA,SOLTEIRO,1969-01-17,RJ,MASCULINO,Não,,Aux. Controle De Endemias,1552.69,Não,Mensalista,56.0,516,0
PATRONATO,F,SAO GONCALO,Brasileira,Casado,1950-09-19,RJ,MASCULINO,Não,,Aux De Serv Gerais,3012.02,Não,Mensalista,75.0,494,3
HONORIO GURGEL,F,RIO DE JANEIRO,Brasileira,Solteiro,1948-03-19,RJ,MASCULINO,Não,,Servente,2022.23,Não,Mensalista,77.0,1116,2
AUSTIN,F,QUEIMADOS,Brasileira,Divorciada,1969-03-16,RJ,FEMININO,Não,,Aux De Enfermagem 2º Grau,5164.28,Não,Mensalista,56.0,474,0
CAMPO GRANDE,F,RIO DE JANEIRO,BRASILEIRA,Casada,1972-04-19,RJ,FEMININO,Não,,Enfermeiro,7101.95,Não,Mensalista,53.0,724,1
TAQUARA,F,RIO DE JANEIRO,BRASILEIRA,Casada,1967-06-29,RJ,FEMININO,Não,,Servente,2161.0,Não,Mensalista,58.0,1116,2
MANGARATIBA,F,ITAGUAI,Brasileira,Casado,1961-04-14,RJ,FEMININO,Não,,Lavandeiro,2355.76,Não,Mensalista,64.0,799,2
PACIENCIA,F,RIO DE JANEIRO,BRASILEIRA,Casada,1965-04-06,RJ,FEMININO,Não,,Professor Ii,3670.86,Não,Mensalista,60.0,1048,2
GAVEA,F,RIO DE JANEIRO,BRASILEIRA,Solteira,1982-09-10,RJ,FEMININO,Não,,Professor Ii,12417.91,Não,Mensalista,43.0,1048,1
GAVEA,F,RIO DE JANEIRO,BRASILEIRA,Solteira,1982-09-10,RJ,FEMININO,Não,,Professor De Educação Infantil,12417.91,Não,Mensalista,43.0,998,1
CAMPINHO,F,RIO DE JANEIRO,BRASILEIRA,Solteira,1967-08-08,RJ,FEMININO,Não,,Aux De Enfermagem,4042.22,Não,Mensalista,58.0,459,3
CAMPO GRANDE,F,RIO DE JANEIRO,BRASILEIRA,Divorciada,1952-09-07,RJ,FEMININO,Não,,Professor,5612.77,Não,Mensalista,73.0,984,2
BANGU,F,RIO DE JANEIRO,BRASILEIRA,Viúva,1961-10-01,RJ,FEMININO,Não,,Auxiliar De Enfermagem,1632.13,Não,Mensalista,64.0,608,3
OLARIA,F,RIO DE JANEIRO,BRASILEIRA,Casado,1965-12-31,RJ,FEMININO,Não,,Prof.Ii,2906.5,Não,Mensalista,60.0,977,2
PARADA DE LUCAS,F,RIO DE JANEIRO,Brasileira,Solteiro,1952-01-18,RJ,MASCULINO,Não,,Aposentado,2313.06,Não,Mensalista,73.0,295,3
SANTA CRUZ,F,RIO DE JANEIRO,BRASILEIRA,Solteiro,1976-11-04,RJ,MASCULINO,Não,Risco PLD/FT Baixo,Agente De Seg. Socioeducativa,6872.81,Não,Mensalista,49.0,254,0
CENTRO,F,QUEIMADOS,BRASILEIRA,Casado,1984-04-30,RJ,MASCULINO,Não,Risco PLD/FT Baixo,Gari,3119.64,Não,Mensalista,41.0,769,0
SANTA CRUZ DA SERRA,F,DUQUE DE CAXIAS,Brasileira,Separada judicialmente,1964-05-09,RJ,FEMININO,Não,,Ag De Administração,4917.29,Não,Mensalista,61.0,40,3
CAMPO GRANDE,F,RIO DE JANEIRO,BRASILEIRA,Casada,1968-12-05,RJ,FEMININO,Não,,Aux De Controle De Endemias/Ch,2152.45,Não,Mensalista,57.0,453,0
VILA AMERICANA,F,VOLTA REDONDA,BRASILEIRA,Solteiro,1985-11-28,RJ,MASCULINO,Não,Risco PLD/FT Baixo,Professor Docente I 18 Horas,3216.96,Não,Mensalista,40.0,1016,0
CENTRO,F,ITABORAI,Brasileira,Casada,1970-02-17,RJ,FEMININO,Não,,Aux De Enfermagem 2º Grau,4414.35,Não,Mensalista,55.0,474,0
SANTA CRUZ,F,RIO DE JANEIRO,Brasileira,Casada,1963-02-28,RJ,FEMININO,Não,,Aposentada,2012.89,Não,Mensalista,62.0,294,3
RIO COMPRIDO,F,RIO DE JANEIRO,BRASILEIRA,Solteira,1977-03-23,RJ,FEMININO,Não,,Professor Ii,4878.84,Não,Mensalista,48.0,1048,0
IRAJA,F,RIO DE JANEIRO,Brasileira,Solteiro,1960-08-25,RJ,MASCULINO,Não,,Trabalhador,1968.26,Não,Mensalista,65.0,1202,2
CORDOVIL,F,RIO DE JANEIRO,BRASILEIRA,Viúvo,1969-01-19,RJ,MASCULINO,Não,,Merendeira,1828.65,Não,Mensalista,56.0,812,0
ANDARAI,F,RIO DE JANEIRO,Brasileira,Solteira,1959-02-07,RJ,FEMININO,Não,,Copeiro (Sms),3193.6,Não,Mensalista,66.0,681,2
RIO COMPRIDO,F,RIO DE JANEIRO,BRASILEIRA,Solteira,1960-10-11,RJ,FEMININO,Não,,Aposentada,1619.7,Não,Mensalista,65.0,294,3
REALENGO,F,RIO DE JANEIRO,Brasileira,Casado,1970-02-03,RJ,FEMININO,Não,,Tec. De Higiene Dental,3562.94,Não,Mensalista,55.0,1153,2
CAMPO GRANDE,F,RIO DE JANEIRO,Brasileira,Viúva,1944-06-11,RJ,FEMININO,Não,,Servente,1345.85,Não,Mensalista,81.0,1116,2
SEPETIBA,F,RIO DE JANEIRO,BRASILEIRA,Viúva,1954-04-26,RJ,FEMININO,Não,,Auxiliar De Enfermagem- 2.Grau,3417.68,Não,Mensalista,71.0,623,3
PRAIA SECA,F,ARARUAMA,BRASILEIRA,Casada,1952-10-02,RJ,FEMININO,Não,,Professor Ii,4519.4,Não,Mensalista,73.0,1048,2
CACUIA,F,RIO DE JANEIRO,BRASILEIRA,Casado,1958-11-16,RJ,FEMININO,Não,,Professor Ii,4076.4,Não,Mensalista,67.0,1048,2
CACUIA,F,RIO DE JANEIRO,BRASILEIRA,Casado,1958-11-16,RJ,FEMININO,Não,,Professor Ii,6160.25,Não,Mensalista,67.0,1048,2
BOTAFOGO,F,RIO DE JANEIRO,Brasileira,Solteiro,1947-11-19,RJ,FEMININO,Não,,Telefomista,1933.84,Não,Mensalista,78.0,1196,2
ALTO DA BOA VISTA,F,RIO DE JANEIRO,Brasileira,Casada,1939-05-14,RJ,FEMININO,Não,,Aux. De Serv. Hospitalares,1411.51,Não,Mensalista,86.0,558,3
SANTA CRUZ,F,RIO DE JANEIRO,Brasileira,Solteiro,1960-04-27,RJ,MASCULINO,Não,,Trabalhador,1693.54,Não,Mensalista,65.0,1202,2
REALENGO,F,RIO DE JANEIRO,Brasileira,Casado,1950-02-05,RJ,FEMININO,Não,,Auxiliar Operacional,3138.0,Não,Mensalista,75.0,645,3
JARDIM SULACAP,F,RIO DE JANEIRO,BRASILEIRA,Solteira,1980-01-20,RJ,FEMININO,Não,,Professor Ii,4598.61,Não,Mensalista,45.0,1048,0
VICENTE DE CARVALHO,F,RIO DE JANEIRO,Brasileira,Divorciado,1959-05-27,RJ,MASCULINO,Não,,Trabalhador,2929.7,Não,Mensalista,66.0,1202,2
CAMPO LINDO,F,SEROPEDICA,Brasileira,Casada,1955-11-20,RJ,FEMININO,Não,,Professor Ii,3768.1,Não,Mensalista,70.0,1048,2
LEOPOLDINA,F,RIO DE JANEIRO,Brasileira,Casado,1960-11-13,RJ,MASCULINO,Não,,Motorista,2248.0,Não,Mensalista,65.0,827,2
REALENGO,F,RIO DE JANEIRO,Brasileira,Casado,1957-10-16,RJ,MASCULINO,Não,,Eletricista De Rede,3964.77,Não,Mensalista,68.0,713,2
PARQUE ANCHIETA,F,RIO DE JANEIRO,BRASILEIRA,Solteiro,1970-03-12,RJ,MASCULINO,Não,,"Prof,I Educação Fisica",5105.46,Não,Mensalista,55.0,941,0
PARQUE ANCHIETA,F,RIO DE JANEIRO,BRASILEIRA,Solteiro,1970-03-12,RJ,MASCULINO,Não,,Professor,5105.46,Não,Mensalista,55.0,984,0
GUADALUPE,F,RIO DE JANEIRO,BRASILEIRA,Divorciado,1957-08-02,RJ,MASCULINO,Não,,Agente De Vigilancia,3793.06,Não,Mensalista,68.0,259,3
CAMPO GRANDE,F,RIO DE JANEIRO,Brasileira,Solteiro,1953-10-24,RJ,MASCULINO,Não,,Motorista Operador,4552.22,Não,Mensalista,72.0,831,2
COELHO DA ROCHA,F,SÃO JOÃO DE MERITI,BRASILEIRA,Solteiro,1964-04-20,RJ,FEMININO,Não,,Auxiliar De Enfermagem - 2º Gr,2097.24,Não,Mensalista,61.0,614,3
PIEDADE,F,RIO DE JANEIRO,Brasileira,Viúva,1954-11-16,RJ,FEMININO,Não,,Aux.De Imob.Em Ortopedia,2178.87,Não,Mensalista,71.0,585,3
GUADALUPE,F,RIO DE JANEIRO,Brasileira,Solteiro,1944-07-23,RJ,FEMININO,Não,,Merendeira,1622.2,Não,Mensalista,81.0,812,2
CAMPO GRANDE,F,RIO DE JANEIRO,BRASILEIRA,Casada,1965-08-26,RJ,FEMININO,Não,,Servente,2203.86,Não,Mensalista,60.0,1116,2
SANTA CRUZ,F,RIO DE JANEIRO,Brasileira,Solteiro,1963-08-05,RJ,MASCULINO,Não,,Prof Ii,11895.12,Não,Mensalista,62.0,930,1
ENGENHO DE DENTRO,F,RIO DE JANEIRO,BRASILEIRA,Solteira,1954-03-10,RJ,FEMININO,Não,,Professor De Nivel Superior (Q,12738.38,Não,Mensalista,71.0,1008,1
SANTA CRUZ,F,RIO DE JANEIRO,Brasileira,Casada,1960-05-04,RJ,FEMININO,Não,,Ag Comunitario Nivel I (Qs),2379.9,Não,Mensalista,65.0,34,3
MANGUEIRA,F,RIO DE JANEIRO,BRASILEIRA,Solteira,1975-10-04,RJ,FEMININO,Não,,Agente De Educação Infantil,3814.13,Não,Mensalista,50.0,237,0
MARACANA,F,RIO DE JANEIRO,Brasileira,Casada,1947-03-15,RJ,FEMININO,Não,,Prof. Ii,2272.52,Não,Mensalista,78.0,968,2
PADRE MIGUEL,F,RIO DE JANEIRO,Brasileira,Casada,1957-12-07,RJ,FEMININO,Não,,Servente,2160.94,Não,Mensalista,68.0,1116,2
PIEDADE,F,RIO DE JANEIRO,Brasileira,Divorciada,1955-02-28,RJ,FEMININO,Não,,Professor Ii,13857.86,Não,Mensalista,70.0,1048,1
QUINTINO BOCAIUVA,F,RIO DE JANEIRO,BRASILEIRA,Solteira,1963-03-22,RJ,FEMININO,Não,,Auxiliar De Enfermagem -1ª Gra,4313.66,Não,Mensalista,62.0,615,3
VILA SAO JOAO,F,SAO JOAO DE MERITI,BRASILEIRA,Solteira,1960-10-02,RJ,FEMININO,Não,,Ag. De Educação Infantil,3446.57,Não,Mensalista,65.0,129,3
PACIENCIA,F,RIO DE JANEIRO,Brasileira,Solteiro,1959-07-19,RJ,FEMININO,Não,,Prof Ii,5824.54,Não,Mensalista,66.0,930,2
REALENGO,F,RIO DE JANEIRO,BRASILEIRA,Casada,1964-06-15,RJ,FEMININO,Não,,Merendeira,921.5,Não,Mensalista,61.0,812,2
BANGU,F,RIO DE JANEIRO,Brasileira,Solteiro,1952-09-30,RJ,FEMININO,Não,,Servente,1609.32,Não,Mensalista,73.0,1116,2
SANTA MARGARIDA,F,RIO DE JANEIRO,Brasileira,Casado,1947-07-25,RJ,FEMININO,Não,,Merendeira,1243.78,Não,Mensalista,78.0,812,2
PIEDADE,F,RIO DE JANEIRO,BRASILEIRA,Solteira,1954-07-12,RJ,FEMININO,Não,,Aux. De Enfermagem 2º Grau,4622.06,Não,Mensalista,71.0,539,3
OSWALDO CRUZ,F,RIO DE JANEIRO,Brasileira,Solteira,1956-07-17,RJ,FEMININO,Não,,Auxiliar De Enfermagem,2772.77,Não,Mensalista,69.0,608,3
MANGUINHOS,F,RIO DE JANEIRO,Brasileira,Desquitado,1964-08-15,RJ,FEMININO,Não,,Merendeira,959.79,Não,Mensalista,61.0,812,2
CARAMUJO,F,RIO DE JANEIRO,Brasileira,Solteiro,1963-08-15,RJ,FEMININO,Não,,Auxiliar De Enfermagem 2° Grau,3093.7,Não,Mensalista,62.0,619,3
REALENGO,F,RIO DE JANEIRO,Brasileira,Solteira,1962-11-04,RJ,FEMININO,Não,,Aux De Enfermagem 1º Grau,2046.54,Não,Mensalista,63.0,468,3
REALENGO,F,RIO DE JANEIRO,Brasileira,Casada,1960-02-03,RJ,FEMININO,Não,,Merendeira,1067.39,Não,Mensalista,65.0,812,2
GUARATIBA,F,RIO DE JANEIRO,BRASILEIRA,SOLTEIRO,1964-03-04,RJ,FEMININO,Não,,Agente De Administração,1659.38,Não,Mensalista,61.0,216,3
VIADUTO,F,ARARUAMA,Brasileira,Solteira,1958-12-08,RJ,FEMININO,Não,,Aposentada,3484.37,Não,Mensalista,67.0,294,3
CENTRO,F,NITEROI,Brasileira,Divorciado,1943-11-21,RJ,FEMININO,Não,,Tec. Preidenciario Niv.3,0.0,Não,Mensalista,82.0,1163,2
CAMPO GRANDE,F,RIO DE JANEIRO,Brasileira,Divorciada,1959-12-20,RJ,FEMININO,Não,,Professor Ii,3704.02,Não,Mensalista,66.0,1048,2
ACARI,F,RIO DE JANEIRO,BRASILEIRA,Viúvo,1967-04-29,RJ,FEMININO,Não,Risco PLD/FT Baixo,Agente De Administração,5566.79,Não,Mensalista,58.0,216,3
PARQUE JOÃO MARIA,F,CAMPOS DE GOYTACAZES,BRASILEIRA,Solteiro,1954-08-06,RJ,FEMININO,Não,Risco PLD/FT Baixo,Professor Docente Ii,3653.0,Não,Mensalista,71.0,1018,2
LEOPOLDINA,F,ITAGUAI,Brasileira,Casado,1945-06-22,RJ,FEMININO,Não,,Tecnica E Educacao,3529.52,Não,Mensalista,80.0,1168,2
COLUMBANDÊ,F,SAO GONCALO,Brasileira,Solteiro,1952-07-23,RJ,FEMININO,Não,,Merendeira,1036.2,Não,Mensalista,73.0,812,2
SANTA CRUZ,F,RIO DE JANEIRO,Brasileira,Viúva,1951-08-10,RJ,FEMININO,Não,,Servente,1739.27,Não,Mensalista,74.0,1116,2
BANGU,F,RIO DE JANEIRO,Brasileira,Solteira,1957-08-10,RJ,FEMININO,Não,,Aposentada,1607.9,Não,Mensalista,68.0,294,3
LEOPOLDINA,F,RIO DE JANEIRO,Brasileira,Casado,1952-11-04,RJ,FEMININO,Não,,Aux Enfermagem,2034.42,Não,Mensalista,73.0,506,3
MARIA DA GRAÇA,F,RIO DE JANEIRO,BRASILEIRA,Casado,1966-05-17,RJ,MASCULINO,Não,Risco PLD/FT Baixo,Inspetor De Policia Penal,12283.06,Não,Mensalista,59.0,794,1
ROCINHA,F,RIO DE JANEIRO,Brasileira,Casado,1969-11-05,RJ,MASCULINO,Não,,Trabalhador,1972.8,Não,Mensalista,56.0,1202,2
PARADA DE LUCAS,F,RIO DE JANEIRO,BRASILEIRA,Casado,1975-12-29,RJ,MASCULINO,Não,,Guarda Municipal,2533.33,Não,Mensalista,50.0,776,0
CAMPO ALEGRE,F,NOVA IGUAÇU,BRASILEIRA,Divorciado,1982-11-10,RJ,MASCULINO,Não,,Professor De Ensino Fundamenta,7994.0,Não,Mensalista,43.0,1001,1
CAMPO GRANDE,F,RIO DE JANEIRO,Brasileira,Viúvo,1961-07-05,RJ,MASCULINO,Não,,Op. De Maquinas Pesadas,2581.86,Não,Mensalista,64.0,847,2
VASCO GAMA,F,RIO DE JANEIRO,Brasileira,Casado,1963-11-13,RJ,MASCULINO,Não,,Servente,3056.85,Não,Mensalista,62.0,1116,2
COTIA,F,GUAPIMIRIM,BRASILEIRA,Casado,1974-09-01,RJ,MASCULINO,Não,Risco PLD/FT Baixo,Subtenente Bm,16378.73,Não,Mensalista,51.0,1135,1
ANCHIETA,F,RIO DE JANEIRO,Brasileira,Casado,1956-02-06,RJ,MASCULINO,Não,,Servente,9903.62,Não,Mensalista,69.0,1116,1
INHOAIBA,F,RIO DE JANEIRO,BRASILEIRA,Solteiro,1968-05-07,RJ,MASCULINO,Não,,Ag Comunitário Nivel I,2244.17,Não,Mensalista,57.0,37,3
TAQUARA,F,RIO DE JANEIRO,Brasileira,Divorciado,1947-10-11,RJ,MASCULINO,Não,,Ajudante Geral,6318.78,Não,Mensalista,78.0,285,3
LEBLON,F,RIO DE JANEIRO,Brasileira,Casado,1965-06-14,RJ,MASCULINO,Não,,Auxi.De Imob. Em Ortopedia,2798.68,Não,Mensalista,60.0,597,3
ENGENHO NOVO,F,RIO DE JANEIRO,Brasileira,Solteiro,1958-04-30,RJ,MASCULINO,Não,,Ag. Comunitario Nivel Ii,2558.66,Não,Mensalista,67.0,98,3
COSMOS,F,RIO DE JANEIRO,Brasileira,Solteiro,1961-12-31,RJ,MASCULINO,Não,,Ajudante De Eletricista,3143.07,Não,Mensalista,64.0,284,3
CAMPO GRANDE,F,RIO DE JANEIRO,Brasileira,Casado,1957-04-07,RJ,MASCULINO,Não,,Art. De Est De Obras De Metal,2271.34,Não,Mensalista,68.0,353,3
SÃO CRISTIVÃO,F,RIO DE JANEIRO,Brasileira,Solteiro,1961-08-30,RJ,MASCULINO,Não,,Trabalhador,2713.06,Não,Mensalista,64.0,1202,2
INHOAIBA,F,RIO DE JANEIRO,Brasileira,Divorciado,1949-07-03,RJ,MASCULINO,Não,,Art. De Eletricidade,2824.58,Não,Mensalista,76.0,352,3
CAMPO GRANDE,F,RIO DE JANEIRO,BRASILEIRA,Separado judicialmente,1957-05-11,RJ,MASCULINO,Não,,Professor Ii,12092.57,Não,Mensalista,68.0,1048,1
PRAIA DA BANDEIRA,F,RIO DE JANEIRO,Brasileira,Casado,1949-02-06,RJ,MASCULINO,Não,,Art De Inst Hidraulicas,2495.6,Não,Mensalista,76.0,316,3
PAVUNA,F,RIO DE JANEIRO,BRASILEIRA,Casado,1982-10-25,RJ,MASCULINO,Não,,Prof I,5388.88,Não,Mensalista,43.0,895,0
BANGU,F,RIO DE JANEIRO,Brasileira,Casado,1957-12-28,RJ,MASCULINO,Não,,Eletricista De Rede,6590.78,Não,Mensalista,68.0,713,2
PACIENCIA,F,RIO DE JANEIRO,BRASILEIRA,Casado,1952-02-23,RJ,MASCULINO,Não,,Trabalhador,2971.09,Não,Mensalista,73.0,1202,2
TIJUCA,F,RIO DE JANEIRO,Brasileira,Casado,1958-05-16,RJ,MASCULINO,Não,,Trabalhador,2961.97,Não,Mensalista,67.0,1202,2
MADUREIRA,F,RIO DE JANEIRO,Brasileira,Solteiro,1962-03-06,RJ,MASCULINO,Não,,Aux. De Enfermagem 2º Grau,3491.44,Não,Mensalista,63.0,539,3
COSMOS,F,RIO DE JANEIRO,Brasileira,Casado,1956-09-21,RJ,MASCULINO,Não,,Art De Tratamento De Aguas,3535.11,Não,Mensalista,69.0,333,3
ENGENHO DA RAINHA,F,RIO DE JANEIRO,Brasileira,Divorciado,1955-01-08,RJ,MASCULINO,Não,,Trabalhador,2249.8,Não,Mensalista,70.0,1202,2
IRAJA,F,RIO DE JANEIRO,BRASILEIRA,Casado,1975-08-06,RJ,MASCULINO,Não,Risco PLD/FT Baixo,Inspetor Policial,13156.81,Não,Mensalista,50.0,795,1
VILA ISABEL,F,RIO DE JANEIRO,BRASILEIRA,SOLTEIRO,1974-04-11,RJ,MASCULINO,Não,,Ag. De Doc. Medica,3310.47,Não,Mensalista,51.0,120,0
BANGU,F,RIO DE JANEIRO,BRASILEIRA,Casado,1969-10-20,RJ,MASCULINO,Não,,Servente,5064.71,Não,Mensalista,56.0,1116,2
BOTAFOGO,F,RIO DE JANEIRO,Brasileira,Casado,1964-12-16,RJ,MASCULINO,Não,,Professor I - Educação Física,4988.2,Não,Mensalista,61.0,1033,2
CENTRO,F,NITEROI,Brasileira,Casado,1962-01-04,RJ,MASCULINO,Não,,Tecnico,8855.46,Não,Mensalista,63.0,1169,1
GRAMACHO,F,DUQUE DE CAXIAS,BRASILEIRA,Casado,1972-12-28,RJ,MASCULINO,Não,,Professor Ii,7153.82,Não,Mensalista,53.0,1048,1
TAQUARA,F,RIO DE JANEIRO,Brasileira,Casado,1959-10-23,RJ,MASCULINO,Não,,Ag.Adm.,1023.46,Não,Mensalista,66.0,153,3
CAMPO GRANDE,F,RIO DE JANEIRO,BRASILEIRA,Casado,1974-04-21,RJ,MASCULINO,Não,,Aux De Controle De Endemias,2029.49,Não,Mensalista,51.0,452,0
PRAÇA SECA,F,RIO DE JANEIRO,Brasileira,Casado,1962-09-26,RJ,MASCULINO,Não,,Agente De Administração,1658.54,Não,Mensalista,63.0,216,3
MANGUEIRA,F,RIO DE JANEIRO,BRASILEIRA,Solteiro,1967-05-01,RJ,MASCULINO,Não,,Trabalhador / Secretario I,3322.7,Não,Mensalista,58.0,1206,2
CABUÇU,F,NOVA IGUACU,BRASILEIRA,Casado,1983-11-01,RJ,MASCULINO,Não,,Agente Educador Ii,2038.95,Não,Mensalista,42.0,268,0
REALENGO,F,RIO DE JANEIRO,BRASILEIRA,Solteiro,1960-11-06,RJ,MASCULINO,Não,,Aux De Enfermagem,822.29,Não,Mensalista,65.0,459,3
CAMPO GRANDE,F,RIO DE JANEIRO,Brasileira,Divorciado,1973-07-01,RJ,MASCULINO,Não,,Ag. De Administração,1122.28,Não,Mensalista,52.0,109,3
VARGEM PEQUENA,F,RIO DE JANEIRO,BRASILEIRA,Solteiro,1989-03-10,RJ,MASCULINO,Não,Risco PLD/FT Baixo,Professor De Ensino Fundamenta,7377.46,Não,Mensalista,36.0,1001,0
PRAÇA SECA,F,RIO DE JANEIRO,BRASILEIRA,Divorciado,1972-05-22,RJ,MASCULINO,Não,,Aposentado,1511.96,Não,Mensalista,53.0,295,0
GUARATIBA,F,RIO DE JANEIRO,BRASILEIRA,Casado,1965-08-15,RJ,MASCULINO,Não,,Art.De Pav.E Pedreira/Subgeren,3209.5,Não,Mensalista,60.0,381,3
BELFORD ROXO,F,RIO DE JANEIRO,BRASILEIRA,Casado,1963-10-29,RJ,MASCULINO,Não,,Agente De Administração,3409.18,Não,Mensalista,62.0,216,3
MADUREIRA,F,RIO DE JANEIRO,Brasileira,Casado,1952-08-11,RJ,MASCULINO,Não,,Aposentado,4558.8,Não,Mensalista,73.0,295,3
VILA KOSMOS,F,RIO DE JANEIRO,Brasileira,Casado,1963-07-24,RJ,MASCULINO,Não,,Trabalhador,2705.36,Não,Mensalista,62.0,1202,2
COLUMBANDÊ,F,SAO GONCALO,Brasileira,Casado,1959-05-01,RJ,FEMININO,Não,,Encarregado De Setor,17736.38,Não,Mensalista,66.0,718,1
BANGU,F,RIO DE JANEIRO,BRASILEIRA,Divorciada,1943-07-19,RJ,FEMININO,Não,,Merendeira,1481.54,Não,Mensalista,82.0,812,2
CAVALCANTE,F,RIO DE JANEIRO,BRASILEIRA,Viúva,1946-02-04,RJ,FEMININO,Não,,Servente,2261.65,Não,Mensalista,79.0,1116,2
REALENGO,F,RIO DE JANEIRO,Brasileira,Solteira,1952-06-09,RJ,FEMININO,Não,,Merendeira,3084.25,Não,Mensalista,73.0,812,2
CAMPO GRANDE,F,RIO DE JANEIRO,Brasileira,Casada,1975-03-01,RJ,FEMININO,Não,,Ag. De Educação Infantil,3683.81,Não,Mensalista,50.0,129,0
FREGUESIA,F,RIO DE JANEIRO,BRASILEIRA,Casada,1970-03-23,RJ,FEMININO,Não,,Prof- Historia,5347.65,Não,Mensalista,55.0,942,0
VILA ISABEL,F,RIO DE JANEIRO,BRASILEIRA,Solteira,1980-09-26,RJ,FEMININO,Não,,Merendeira,2152.92,Não,Mensalista,45.0,812,0
GUARATIBA,F,RIO DE JANEIRO,BRASILEIRA,Solteira,1980-05-20,RJ,FEMININO,Não,,Professor De Ensino Fundamenta,9079.23,Não,Mensalista,45.0,1001,1
CAMPO GRANDE,F,RIO DE JANEIRO,BRASILEIRA,Solteira,1972-06-30,RJ,FEMININO,Não,,Professor Educação Infantil,7799.07,Não,Mensalista,53.0,1022,1
PADRE MIGUEL,F,RIO DE JANEIRO,BRASILEIRA,Solteira,1983-08-17,RJ,FEMININO,Não,,Aux De Enfermagem-2ª Grau,2383.93,Não,Mensalista,42.0,480,0
VILA DA PENHA,F,RIO DE JANEIRO,BRASILEIRA,Solteiro,1974-11-09,RJ,FEMININO,Não,Risco PLD/FT Baixo,Agente Educador Ii,1911.59,Não,Mensalista,51.0,268,0
PARQUE PAULISTA,F,DUQUE DE CAXIAS,BRASILEIRA,Casada,1975-08-15,RJ,FEMININO,Não,Risco PLD/FT Baixo,Professor De Educação Infantil,5898.77,Não,Mensalista,50.0,998,0
SANTA CRUZ,F,RIO DE JANEIRO,BRASILEIRA,Solteira,1977-05-15,RJ,FEMININO,Não,,Assistente Social / Diretor Iv,9114.98,Não,Mensalista,48.0,432,1
TAQUARA,F,RIO DE JANEIRO,BRASILEIRA,SOLTEIRO,1977-07-13,RJ,FEMININO,Não,,Merendeira,845.14,Não,Mensalista,48.0,812,0
SÃO CRISTOVÃO,F,RIO DE JANEIRO,BRASILEIRA,Casada,1975-05-01,RJ,FEMININO,Não,,Agente De Educação Infantil,3423.17,Não,Mensalista,50.0,237,0
REALENGO,F,RIO DE JANEIRO,BRASILEIRA,SOLTEIRO,1975-02-19,RJ,FEMININO,Não,,Prof Ii - Ocupação Pedagogica,3506.72,Não,Mensalista,50.0,933,0
REALENGO,F,RIO DE JANEIRO,BRASILEIRA,SOLTEIRO,1975-02-19,RJ,FEMININO,Não,,P Ii-Coordenador Pedagógico,3493.72,Não,Mensalista,50.0,860,0
TANQUE,F,RIO DE JANEIRO,BRASILEIRA,Separada judicialmente,1969-05-06,RJ,FEMININO,Não,,Professor Ii,9358.53,Não,Mensalista,56.0,1048,1
SANTA CRUZ,F,RIO DE JANEIRO,BRASILEIRA,Solteira,1973-02-10,RJ,FEMININO,Não,,Agente De Educ. Infantil,3945.91,Não,Mensalista,52.0,231,0
PADRE MIGUEL,F,RIO DE JANEIRO,Brasileira,Divorciada,1963-04-07,RJ,FEMININO,Não,,Professor Ii,10679.27,Não,Mensalista,62.0,1048,1
PADRE MIGUEL,F,RIO DE JANEIRO,Brasileira,Divorciada,1963-04-07,RJ,FEMININO,Não,,Aposentada,7983.3,Não,Mensalista,62.0,294,3
PORTO VELHO,F,SAO GONCALO,Brasileira,Solteiro,1977-09-01,RJ,FEMININO,Não,,Professora,2093.06,Não,Mensalista,48.0,1070,0
OSWALDO CRUZ,F,RIO DE JANEIRO,BRASILEIRA,Separada judicialmente,1974-12-22,RJ,FEMININO,Não,,Merendeira,1869.77,Não,Mensalista,51.0,812,0
MIRIAMBI,F,SAO GONCALO,Brasileira,Divorciado,1960-08-04,RJ,FEMININO,Não,,Aux. De Enfermagem,2809.06,Não,Mensalista,65.0,525,3
JARDIM SULACAPE,F,RIO DE JANEIRO,BRASILEIRA,Casada,1964-06-08,RJ,FEMININO,Não,,Professor,7053.83,Não,Mensalista,61.0,984,1
CENTRO,F,NILOPOLIS,BRASILEIRA,Casada,1974-07-15,RJ,FEMININO,Não,,Aposentada,2645.94,Não,Mensalista,51.0,294,0
GUADALUPE,F,RIO DE JANEIRO,BRASILEIRA,Solteira,1979-11-04,RJ,FEMININO,Não,,Enfermeiro,6401.6,Não,Mensalista,46.0,724,0
SÃO CRISTOVÃO,F,RIO DE JANEIRO,BRASILEIRA,Casada,1961-02-16,RJ,FEMININO,Não,,Aux De Enfermagem 2º Grau,4321.78,Não,Mensalista,64.0,474,3
JARDIM GRAMACHO,F,DUQUE DE CAXIAS,BRASILEIRA,Casada,1970-04-23,RJ,FEMININO,Não,,Professor Ii,1856.42,Não,Mensalista,55.0,1048,0
PIEDADE,F,RIO DE JANEIRO,Brasileira,Solteira,1957-02-15,RJ,FEMININO,Não,,Copeiro,2011.41,Não,Mensalista,68.0,678,2
REALENGO,F,RIO DE JANEIRO,BRASILEIRA,Casada,1980-06-09,RJ,FEMININO,Não,,Professor Ii,6216.08,Não,Mensalista,45.0,1048,0
OLARIA,F,RIO DE JANEIRO,Brasileira,Casado,1975-03-28,RJ,FEMININO,Não,,Agente De Administração,2248.7,Não,Mensalista,50.0,216,0
HONORIO GURGEL,F,RIO DE JANEIRO,Brasileira,Solteira,1975-08-04,RJ,FEMININO,Não,,Professor Ii,3708.9,Não,Mensalista,50.0,1048,0
TAQUARA,F,RIO DE JANEIRO,BRASILEIRA,Solteira,1966-03-16,RJ,FEMININO,Não,,Professor Ii,8863.17,Não,Mensalista,59.0,1048,1
PILARES,F,RIO DE JANEIRO,Brasileira,Casada,1966-11-12,RJ,FEMININO,Não,,Professor Ii,5750.25,Não,Mensalista,59.0,1048,2
PILARES,F,RIO DE JANEIRO,BRASILEIRA,Casada,1966-11-12,RJ,FEMININO,Não,,Professor Ii,5266.89,Não,Mensalista,59.0,1048,2
CERAMICA,F,NOVA IGUAÇU,BRASILEIRA,Divorciada,1976-09-16,RJ,FEMININO,Não,,Professor Ii,10866.51,Não,Mensalista,49.0,1048,1
GUARATIBA,F,RIO DE JANEIRO,Brasileira,Casado,1949-02-16,RJ,MASCULINO,Não,,Agente. De Vig.,1280.34,Não,Mensalista,76.0,278,3
SANTA CRUZ,F,RIO DE JANEIRO,BRASILEIRA,Casado,1959-03-10,RJ,MASCULINO,Não,,Agente De Vigilancia,1824.73,Não,Mensalista,66.0,259,3
OSWALDO CRUZ,F,RIO DE JANEIRO,Brasileira,Casado,1961-09-13,RJ,MASCULINO,Não,,Agente De Vigilância (Sms),1876.15,Não,Mensalista,64.0,265,3
CAMPO GRANDE,F,RIO DE JANEIRO,Brasileira,Casado,1947-09-19,RJ,MASCULINO,Não,,Art De Est De Obras De Metal,2330.52,Não,Mensalista,78.0,314,3
BOTAFOGO,F,RIO DE JANEIRO,Brasileira,Solteiro,1938-08-30,RJ,FEMININO,Não,,Adv. Da Uniao,17483.64,Não,Mensalista,87.0,16,1
BRAZ DE PINA,F,RIO DE JANEIRO,Brasileira,Viúvo,1943-07-12,RJ,FEMININO,Não,,Servente (Sms),1458.1,Não,Mensalista,82.0,1118,2
CASCADURA,F,RIO DE JANEIRO,BRASILEIRA,Casada,1963-07-10,RJ,FEMININO,Não,,Aposentada,2841.16,Não,Mensalista,62.0,294,3
MAGALHÃES BASTOS,F,RIO DE JANEIRO,BRASILEIRA,Solteira,1953-12-28,RJ,FEMININO,Não,,Enfermeiro,5314.08,Não,Mensalista,72.0,724,2
SANTA CRUZ,F,RIO DE JANEIRO,BRASILEIRA,Solteira,1958-06-20,RJ,FEMININO,Não,,Servente,1797.24,Não,Mensalista,67.0,1116,2
MARECHAL HERMES,F,RIO DE JANEIRO,Brasileira,Solteiro,1957-02-21,RJ,FEMININO,Não,,Prof. Ii,3863.41,Não,Mensalista,68.0,968,2
BANGU,F,RIO DE JANEIRO,BRASILEIRA,Viúva,1963-04-13,RJ,FEMININO,Não,,Aux De Enfermagem 2º Grau,4059.01,Não,Mensalista,62.0,474,3
CENTRO,F,NILOPOLIS,Brasileira,Casada,1949-06-07,RJ,FEMININO,Não,,Professor Ii,2740.82,Não,Mensalista,76.0,1048,2
IRAJA,F,RIO DE JANEIRO,Brasileira,Divorciada,1950-12-01,RJ,FEMININO,Não,,Aux. De Enfermagem,2804.9,Não,Mensalista,75.0,525,3
ANDARAI,F,RIO DE JANEIRO,Brasileira,Solteiro,1950-12-15,RJ,FEMININO,Não,,Ag. Comunitario Nivel I,2247.3,Não,Mensalista,75.0,97,3
VILAR DOS TELLES,F,SÃO JOÃO DE MERITI,Brasileira,Casado,1967-02-16,RJ,MASCULINO,Não,,Trabalhador,1083.86,Não,Mensalista,58.0,1202,2
CABRAL,F,NILOPOLIS,Brasileira,Solteiro,1968-05-03,RJ,MASCULINO,Não,,Rad. Radiologista Enf,4576.28,Não,Mensalista,57.0,1093,2
PACIENCIA,F,RIO DE JANEIRO,BRASILEIRA,Solteira,1961-06-20,RJ,FEMININO,Não,,Merendeira,1884.61,Não,Mensalista,64.0,812,2
CENTRO,F,RIO DE JANEIRO,Brasileira,Solteiro,1959-06-16,RJ,FEMININO,Não,,Agente Comunitario Nivel Ii,3832.96,Não,Mensalista,66.0,202,3
JARDIM AMERICA,F,RIO DE JANEIRO,Brasileira,Casada,1967-11-06,RJ,FEMININO,Não,,Aux De Enfermagem 2º Grau,2451.35,Não,Mensalista,58.0,474,3
CENTRO,F,BELFORD ROXO,Brasileira,Divorciada,1949-05-09,RJ,FEMININO,Não,,Servente,1240.4,Não,Mensalista,76.0,1116,2
CURICICA,F,RIO DE JANEIRO,Brasileira,Casado,1959-03-12,RJ,FEMININO,Não,,Auxiliar De Enfermagem,4078.6,Não,Mensalista,66.0,608,3
TOMAS COELHO,F,RIO DE JANEIRO,BRASILEIRA,Casada,1981-12-20,RJ,FEMININO,Não,,Agente De Educação Infantil,2843.5,Não,Mensalista,44.0,237,0
INHAUMA,F,RIO DE JANEIRO,Brasileira,Casado,1955-10-05,RJ,FEMININO,Não,,Aux. De Enfermagem,3975.38,Não,Mensalista,70.0,525,3
BANGU,F,RIO DE JANEIRO,Brasileira,Divorciada,1954-11-02,RJ,FEMININO,Não,,Roupeiro (Sms),2423.16,Não,Mensalista,71.0,1101,2
PADRE MIGUEL,F,RIO DE JANEIRO,Brasileira,Solteira,1959-11-20,RJ,FEMININO,Não,,Trabalhador,4831.8,Não,Mensalista,66.0,1202,2
CENTRO,F,RIO DE JANEIRO,BRASILEIRA,Casada,1962-12-12,RJ,FEMININO,Não,,Aux. De Enfermagem - 2º Grau,2328.18,Não,Mensalista,63.0,532,3
MARECHAL HERMES,F,RIO DE JANEIRO,BRASILEIRA,Divorciada,1957-04-05,RJ,FEMININO,Não,,Professor Ii,2883.17,Não,Mensalista,68.0,1048,2
INHOAIBA,F,RIO DE JANEIRO,Brasileira,Solteira,1969-02-11,RJ,FEMININO,Não,,Aux De Imob Em Ortopedista,2989.05,Não,Mensalista,56.0,485,0
CAMPO GRANDE,F,RIO DE JANEIRO,BRASILEIRA,Solteira,1960-03-04,RJ,FEMININO,Não,,Professor Ii,5336.25,Não,Mensalista,65.0,1048,2
CAMPO GRANDE,F,RIO DE JANEIRO,Brasileira,Solteira,1960-03-04,RJ,FEMININO,Não,,Professor Ii,5336.25,Não,Mensalista,65.0,1048,2
RAMOS,F,RIO DE JANEIRO,BRASILEIRA,Divorciada,1963-03-02,RJ,FEMININO,Não,,Aposentada,6637.32,Não,Mensalista,62.0,294,3
RAMOS,F,RIO DE JANEIRO,Brasileira,Divorciada,1963-03-02,RJ,FEMININO,Não,,Professor Ii,4562.49,Não,Mensalista,62.0,1048,2
CENTRO,F,BELFORD ROXO,BRASILEIRA,Casado,1971-01-27,RJ,MASCULINO,Não,,Prof De Ensino Fundamental,8072.81,Não,Mensalista,54.0,887,1
CAJÚ,F,RIO DE JANEIRO,BRASILEIRA,Solteira,1961-02-02,RJ,FEMININO,Não,,Agente Aux. De Creche,1054.86,Não,Mensalista,64.0,188,3
COELHO NETO,F,RIO DE JANEIRO,Brasileira,Solteira,1972-01-02,RJ,FEMININO,Não,,Agente Administrativo,4510.01,Não,Mensalista,53.0,178,3
INHOAIBA,F,RIO DE JANEIRO,Brasileira,Casada,1959-12-06,RJ,FEMININO,Não,,Aposentada,3417.68,Não,Mensalista,66.0,294,3
CALIFORNIA,F,SÃO GONÇALO,BRASILEIRA,Casada,1969-07-31,RJ,FEMININO,Não,,Aux De Enfermagem 1º Grau,1621.25,Não,Mensalista,56.0,468,0
CENTRO,F,DUQUE DE CAXIAS,Brasileira,Viúvo,1958-11-29,RJ,FEMININO,Não,,Pensionista,3926.78,Não,Mensalista,67.0,863,2
INHAUMA,F,RIO DE JANEIRO,BRASILEIRA,Casada,1983-08-15,RJ,FEMININO,Não,,Professor Ii,7075.14,Não,Mensalista,42.0,1048,0
QUINTINO BOCAIUVA,F,RIO DE JANEIRO,BRASILEIRA,Separado judicialmente,1955-10-20,RJ,FEMININO,Não,,Merendeira,1453.16,Não,Mensalista,70.0,812,2
CAMPO GRANDE,F,RIO DE JANEIRO,Brasileira,Divorciada,1970-12-29,RJ,FEMININO,Não,,Merendeira,1234.3,Não,Mensalista,55.0,812,0
ENGENHO NOVO,F,RIO DE JANEIRO,BRASILEIRA,Divorciada,1953-09-29,RJ,FEMININO,Não,,Aux De Enfermagem 2º Grau,2766.84,Não,Mensalista,72.0,474,3
BRAZ DE PINA,F,RIO DE JANEIRO,Brasileira,Casado,1961-07-09,RJ,FEMININO,Não,,Aux. De Enfermagem 2 Grau,2331.5,Não,Mensalista,64.0,535,3
MAGALHÃES BASTOS,F,RIO DE JANEIRO,BRASILEIRA,Casada,1959-02-06,RJ,FEMININO,Não,,Professor Ii,7480.65,Não,Mensalista,66.0,1048,1
MAGALHAES BASTOS,F,RIO DE JANEIRO,BRASILEIRA,Casada,1959-02-06,RJ,FEMININO,Não,,Professor Ii,7480.65,Não,Mensalista,66.0,1048,1
SENADOR CAMARA,F,RIO DE JANEIRO,Brasileira,Solteira,1963-08-15,RJ,FEMININO,Não,,Agente Comunitario Nivel Ii,2676.63,Não,Mensalista,62.0,202,3
CAMPO GRANDE,F,RIO DE JANEIRO,BRASILEIRA,SOLTEIRO,1972-07-25,RJ,FEMININO,Não,,Aux. Enfermagem,1846.61,Não,Mensalista,53.0,564,0
SEPETIBA,F,RIO DE JANEIRO,Brasileira,Solteiro,1967-01-19,RJ,FEMININO,Não,,Prof Ii,4986.38,Não,Mensalista,58.0,930,2
CORDOVIL,F,RIO DE JANEIRO,BRASILEIRA,Divorciada,1962-09-14,RJ,FEMININO,Não,,Aux De Enfermagem 2ª Grau,3281.39,Não,Mensalista,63.0,471,3
MEIER,F,RIO DE JANEIRO,Brasileira,Separado judicialmente,1955-04-28,RJ,FEMININO,Não,,Merendeira,1434.58,Não,Mensalista,70.0,812,2
SÃO CRISTOVÃO,F,RIO DE JANEIRO,BRASILEIRA,Divorciada,1958-09-16,RJ,FEMININO,Não,,Agente De Documentaçao Medica,2154.58,Não,Mensalista,67.0,226,3
CARAMUJO,F,CURITIBA,BRASILEIRA,Casada,1968-03-31,PR,FEMININO,Não,,Lavandeiro,3379.02,Não,Mensalista,57.0,799,0
BANGU,F,RIO DE JANEIRO,Brasileira,Divorciada,1952-05-19,RJ,FEMININO,Não,,Ag De Administração,4767.96,Não,Mensalista,73.0,40,3
PRAÇA SECA,F,RIO DE JANEIRO,BRASILEIRA,Solteira,1966-05-08,RJ,FEMININO,Não,,Merendeira,1755.98,Não,Mensalista,59.0,812,2
CAMPO GRANDE,F,RIO DE JANEIRO,BRASILEIRA,Casada,1960-04-28,RJ,FEMININO,Não,,Agente Educadora Ii,922.1,Não,Mensalista,65.0,269,3
REALENGO,F,RIO DE JANEIRO,Brasileira,Viúvo,1962-07-10,RJ,FEMININO,Não,,Copeiro,2656.28,Não,Mensalista,63.0,678,2
PRAÇA SECA,F,RIO DE JANEIRO,BRASILEIRA,Divorciada,1973-02-12,RJ,FEMININO,Não,,Ag De Documentação/Chefe Iii,2127.33,Não,Mensalista,52.0,52,3
PORTO NOVO,F,SÃO GONÇALO,Brasileira,Divorciada,1961-01-26,RJ,FEMININO,Não,,Professor Ii,5958.08,Não,Mensalista,64.0,1048,2
PORTO NOVO,F,SÃO GONÇALO,BRASILEIRA,Divorciada,1961-01-26,RJ,FEMININO,Não,,Professor Ii,5958.08,Não,Mensalista,64.0,1048,2
ANCHIETA,F,RIO DE JANEIRO,Brasileira,Casado,1959-10-29,RJ,FEMININO,Não,,Datilografo,4316.93,Não,Mensalista,66.0,690,2
REALENGO,F,RIO DE JANEIRO,BRASILEIRA,Separada judicialmente,1959-12-21,RJ,FEMININO,Não,,Aposentada,3698.7,Não,Mensalista,66.0,294,3
SEPETIBA,F,RIO DE JANEIRO,Brasileira,Casada,1962-05-15,RJ,FEMININO,Não,,Professor Ii,11173.66,Não,Mensalista,63.0,1048,1
MADUREIRA,F,RIO DE JANEIRO,Brasileira,Casada,1972-04-08,RJ,FEMININO,Não,,Ag De Administração,2605.19,Não,Mensalista,53.0,40,3
CAMPO GRANDE,F,RIO DE JANEIRO,BRASILEIRA,Solteiro,1967-01-20,RJ,FEMININO,Não,,Auxiliar De Imobilizaçao Em Or,2916.66,Não,Mensalista,58.0,631,0
PECHINCHA,F,RIO DE JANEIRO,BRASILEIRA,Solteira,1960-07-14,RJ,FEMININO,Não,,Aposentada,6749.54,Não,Mensalista,65.0,294,3
PECHINCHA,F,RIO DE JANEIRO,BRASILEIRA,Solteira,1960-07-14,RJ,FEMININO,Não,,Aposentada,6749.54,Não,Mensalista,65.0,294,3
CAVALCANTE,F,RIO DE JANEIRO,BRASILEIRA,Solteira,1966-02-05,RJ,FEMININO,Não,,Professor Ii,6714.58,Não,Mensalista,59.0,1048,1
CAVALCANTE,F,RIO DE JANEIRO,BRASILEIRA,Solteira,1966-02-05,RJ,FEMININO,Não,,Aposentada,5515.75,Não,Mensalista,59.0,294,3
ROCHA MIRANDA,F,RIO DE JANEIRO,BRASILEIRA,Solteira,1966-02-14,RJ,FEMININO,Não,,Merendeira,2571.41,Não,Mensalista,59.0,812,2
JACARÉ,F,RIO DE JANEIRO,Brasileira,Solteiro,1953-10-21,RJ,FEMININO,Não,,Prof Ii - Lic. Plena,3184.08,Não,Mensalista,72.0,931,2
BANGU,F,RIO DE JANEIRO,Brasileira,Solteira,1967-12-05,RJ,FEMININO,Não,,Merendeira,1842.81,Não,Mensalista,58.0,812,0
TIJUCA,F,RIO DE JANEIRO,Brasileira,Divorciado,1956-03-08,RJ,FEMININO,Não,,Datilografo/Secretario Ii,2720.34,Não,Mensalista,69.0,697,2
MONERÓ,F,RIO DE JANEIRO,BRASILEIRA,Divorciada,1964-10-23,RJ,FEMININO,Não,,Professor Ii,5041.58,Não,Mensalista,61.0,1048,2
ENGENHEIRO LEAL,F,RIO DE JANEIRO,Brasileira,Solteira,1962-10-09,RJ,FEMININO,Não,,Roupeiro,2537.03,Não,Mensalista,63.0,1099,2
PACIENCIA,F,RIO DE JANEIRO,Brasileira,Desquitado,1962-02-21,RJ,FEMININO,Não,,Servente,1764.2,Não,Mensalista,63.0,1116,2
PRAÇA SECA,F,RIO DE JANEIRO,BRASILEIRA,Divorciada,1963-11-28,RJ,FEMININO,Não,,Aux De Enfermagem 2º Grau,1904.12,Não,Mensalista,62.0,474,3
PRAÇA SECA,F,RIO DE JANEIRO,Brasileira,Divorciada,1963-11-28,RJ,FEMININO,Não,,Aux De Enfermagem 2º Grau,1904.12,Não,Mensalista,62.0,474,3
BANGU,F,RIO DE JANEIRO,Brasileira,Solteira,1953-09-20,RJ,FEMININO,Não,,Professor,5384.12,Não,Mensalista,72.0,984,2
BANGU,F,RIO DE JANEIRO,Brasileira,Divorciado,1958-10-13,RJ,FEMININO,Não,,Professor I,12022.66,Não,Mensalista,67.0,1028,1
REALENGO,F,RIO DE JANEIRO,Brasileira,Casado,1964-08-07,RJ,FEMININO,Não,,Professora Ii,5076.2,Não,Mensalista,61.0,1074,2
SENADOR CAMARA,F,RIO DE JANEIRO,BRASILEIRA,Casada,1980-08-20,RJ,FEMININO,Não,Risco PLD/FT Baixo,Professor Adjunto De Educação,6225.48,Não,Mensalista,45.0,993,0
GUARATIBA,F,RIO DE JANEIRO,BRASILEIRA,Casado,1965-03-01,RJ,MASCULINO,Não,,Merendeira,850.82,Não,Mensalista,60.0,812,2
CENTRO,F,PARACAMBI,BRASILEIRA,Casado,1965-04-27,RJ,MASCULINO,Não,,Art. De Pavimentação E Pedreir,4138.0,Não,Mensalista,60.0,368,3
VILA LEOPOLDINA,F,DUQUE DE CAXIAS,BRASILEIRA,Casado,1958-05-08,RJ,MASCULINO,Não,,Guarda Municipal,6201.13,Não,Mensalista,67.0,776,2
JARDIM CATARINA,F,RIO DE JANEIRO,Brasileira,OUTROS,1952-04-01,RJ,MASCULINO,Não,,Trabalhador,1178.4,Não,Mensalista,73.0,1202,2
BARRA DA TIJUCA,F,RIO DE JANEIRO,Brasileira,Casado,1957-04-05,RJ,MASCULINO,Não,,Administracao,3827.9,Não,Mensalista,68.0,14,3
SANTA CRUZ,F,RIO DE JANEIRO,Brasileira,Casado,1963-09-18,RJ,MASCULINO,Não,,Servente,1369.1,Não,Mensalista,62.0,1116,2
BANGU,F,RIO DE JANEIRO,Brasileira,Solteira,1965-04-17,RJ,FEMININO,Não,,Trabalhador,1243.23,Não,Mensalista,60.0,1202,2
PACHECO,F,SÃO GONÇALO,BRASILEIRA,Viúva,1955-02-12,RJ,FEMININO,Não,,Agente De Educação Infantil,3010.43,Não,Mensalista,70.0,237,3
PILARES,F,RIO DE JANEIRO,Brasileira,Separada judicialmente,1961-03-17,RJ,FEMININO,Não,,Aux De Enfermagem,3537.72,Não,Mensalista,64.0,459,3
VILA VALQUEIRE,F,RIO DE JANEIRO,BRASILEIRA,Divorciado,1965-05-14,RJ,MASCULINO,Não,,Prof I - Ciencias,9670.38,Não,Mensalista,60.0,897,1
TIJUCA,F,RIO DE JANEIRO,Brasileira,Casada,1956-04-09,RJ,FEMININO,Não,,Aux De Enfermagem 2º Grau,5195.4,Não,Mensalista,69.0,474,3
CENTRO,F,MAGE,BRASILEIRA,Viúva,1973-08-07,RJ,FEMININO,Não,Risco PLD/FT Baixo,Professor Docente Ii,11966.28,Não,Mensalista,52.0,1018,1
ROCHA MIRANDA,F,RIO DE JANEIRO,Brasileira,Solteira,1958-05-07,RJ,FEMININO,Não,,Merendeira,919.27,Não,Mensalista,67.0,812,2
INHAUMA,F,RIO DE JANEIRO,BRASILEIRA,Divorciada,1958-12-05,RJ,FEMININO,Não,,Aposentada,2661.87,Não,Mensalista,67.0,294,3
JARDIM AMERICA,F,RIO DE JANEIRO,BRASILEIRA,Divorciada,1968-03-20,RJ,FEMININO,Não,,Merendeira,1865.46,Não,Mensalista,57.0,812,0
BENTO RIBEIRO,F,RIO DE JANEIRO,Brasileira,Casada,1953-01-01,RJ,FEMININO,Não,,Aposentada,3164.84,Não,Mensalista,72.0,294,3
INHOAIBA,F,RIO DE JANEIRO,BRASILEIRA,Solteira,1960-09-25,RJ,FEMININO,Não,,Aux De Enfermagem 2º Grau,3159.54,Não,Mensalista,65.0,474,3
CAMPO GRANDE,F,RIO DE JANEIRO,Brasileira,Viúvo,1943-05-14,RJ,MASCULINO,Não,,Art. De Mecanica,4397.02,Não,Mensalista,82.0,361,3
CAMPO GRANDE,F,RIO DE JANEIRO,BRASILEIRA,Casada,1982-03-03,RJ,FEMININO,Não,,Professor De Educação Infantil,2857.59,Não,Mensalista,43.0,998,0
CENTRO,F,RIO DE JANEIRO,Brasileira,Solteiro,1954-03-12,RJ,FEMININO,Não,,Aux. De Enfermagem,2081.16,Não,Mensalista,71.0,525,3
RAMOS,F,RIO DE JANEIRO,Brasileira,Solteiro,1977-07-13,RJ,FEMININO,Não,,Professor,5089.04,Não,Mensalista,48.0,984,0
REALENGO,F,RIO DE JANEIRO,Brasileira,Casado,1972-02-20,RJ,FEMININO,Não,,Prof Ii,2435.0,Não,Mensalista,53.0,930,0
MARECHAL HERMES,F,RIO DE JANEIRO,Brasileira,Solteira,1979-09-08,RJ,FEMININO,Não,,Prof,5176.08,Não,Mensalista,46.0,874,0
PENHA CIRCULAR,F,RIO DE JANEIRO,Brasileira,Casado,1963-03-27,RJ,FEMININO,Não,,Aux. De Enfermagem,1757.66,Não,Mensalista,62.0,525,3
LINS DE VASCONCELOS,F,RIO DE JANEIRO,BRASILEIRA,Solteira,1960-08-28,RJ,FEMININO,Não,,Aux. De Enfermagem 2º Grau,2278.11,Não,Mensalista,65.0,539,3
PACIENCIA,F,RIO DE JANEIRO,BRASILEIRA,Casada,1970-01-12,RJ,FEMININO,Não,,Merendeira,1653.41,Não,Mensalista,55.0,812,0
SANTA CRUZ,F,RIO DE JANEIRO,BRASILEIRA,Viúva,1962-02-13,RJ,FEMININO,Não,,Merendeira,2908.96,Não,Mensalista,63.0,812,2
CAMPO GRANDE,F,RIO DE JANEIRO,Brasileira,Casado,1955-05-16,RJ,FEMININO,Não,,Aux. De Enf.,2923.56,Não,Mensalista,70.0,522,3
SANTA CRUZ,F,RIO DE JANEIRO,Brasileira,Divorciado,1958-03-03,RJ,FEMININO,Não,,Professora Ii,6840.04,Não,Mensalista,67.0,1074,2
PACIENCIA,F,RIO DE JANEIRO,Brasileira,Casada,1966-07-03,RJ,FEMININO,Não,,Servente,1921.07,Não,Mensalista,59.0,1116,2
CAMPO GRANDE,F,RIO DE JANEIRO,Brasileira,Divorciada,1964-04-06,RJ,FEMININO,Não,,Professor Ii,3688.15,Não,Mensalista,61.0,1048,2
CARAMUJO,F,CURITIBA,Brasileira,Casada,1971-03-25,PR,FEMININO,Não,,Roupeiro,1911.18,Não,Mensalista,54.0,1099,0
LEOPOLDINA,F,SÃO JOÃO DE MERITI,Brasileira,Solteira,1959-08-16,RJ,FEMININO,Não,,Merendeira,727.23,Não,Mensalista,66.0,812,2
VILA DE CAVA,F,NOVA IGUAÇU,BRASILEIRA,Divorciada,1961-12-07,RJ,FEMININO,Não,,Aux De Enfermagem 1º Grau,3583.33,Não,Mensalista,64.0,468,3
BENTO RIBEIRO,F,RIO DE JANEIRO,Brasileira,Divorciada,1945-02-01,RJ,FEMININO,Não,,Professor Ii,2324.63,Não,Mensalista,80.0,1048,2
OLARIA,F,RIO DE JANEIRO,BRASILEIRA,Divorciada,1961-02-20,RJ,FEMININO,Não,,Professor Ii,5362.06,Não,Mensalista,64.0,1048,2
OLARIA,F,RIO DE JANEIRO,BRASILEIRA,Divorciada,1961-02-20,RJ,FEMININO,Não,,Aposentada,5362.06,Não,Mensalista,64.0,294,3
SANTISSIMO,F,RIO DE JANEIRO,BRASILEIRA,Solteira,1964-01-14,RJ,FEMININO,Não,,Aux De Enfermagem 2º Grau,2009.64,Não,Mensalista,61.0,474,3
BANCARIOS,F,RIO DE JANEIRO,BRASILEIRA,Solteiro,1978-03-12,RJ,MASCULINO,Não,,Aux De Cont. De Endemias,2358.77,Não,Mensalista,47.0,451,0
LEOPOLDINA,F,RIO DE JANEIRO,Brasileira,Divorciada,1969-12-05,RJ,FEMININO,Não,,Auxiliar De Enfermagem,1912.94,Não,Mensalista,56.0,608,0
IRAJA,F,RIO DE JANEIRO,BRASILEIRA,Divorciada,1973-07-20,RJ,FEMININO,Não,,Merendeira,1755.98,Não,Mensalista,52.0,812,0
CENTRO,F,DUQUE DE CAXIAS,BRASILEIRA,Divorciada,1974-03-09,RJ,FEMININO,Não,,Professor Ii,8886.63,Não,Mensalista,51.0,1048,1
SENADOR CAMARA,F,RIO DE JANEIRO,BRASILEIRA,Solteira,1972-07-03,RJ,FEMININO,Não,,Ag De Educação Infantil,3694.83,Não,Mensalista,53.0,55,3
ROCHA MIRANDA,F,RIO DE JANEIRO,Brasileira,Casada,1974-04-23,RJ,FEMININO,Não,,Merendeira,843.79,Não,Mensalista,51.0,812,0
VILA HELIOPOLIS,F,BELFORD ROXO,BRASILEIRA,Solteiro,1973-02-13,RJ,FEMININO,Não,Risco PLD/FT Baixo,Ajudante I,3237.0,Não,Mensalista,52.0,286,0
INHAUMA,F,RIO DE JANEIRO,BRASILEIRA,Casada,1974-02-13,RJ,FEMININO,Não,,Agente De Educaçao Infantil,3289.16,Não,Mensalista,51.0,235,0
BENFICA,F,RIO DE JANEIRO,BRASILEIRA,Solteira,1978-04-21,RJ,FEMININO,Não,,Aux De Enfermagem,6037.6,Não,Mensalista,47.0,459,0
ILHA DO GOVERNADOR,F,RIO DE JANEIRO,BRASILEIRA,Solteira,1964-06-21,RJ,FEMININO,Não,,Ag. De Administração,4097.06,Não,Mensalista,61.0,109,3
VILA SAO JORGE,F,RIO DE JANEIRO,BRASILEIRA,Divorciada,1956-05-10,RJ,FEMININO,Não,,Servente,2238.9,Não,Mensalista,69.0,1116,2
OLARIA,F,RIO DE JANEIRO,Brasileira,Solteira,1960-07-08,RJ,FEMININO,Não,,Ag De Administração,10905.32,Não,Mensalista,65.0,40,3
CAMPO GRANDE,F,RIO DE JANEIRO,Brasileira,Casada,1969-07-15,RJ,FEMININO,Não,,Roupeiro,1627.54,Não,Mensalista,56.0,1099,2
BANGU,F,RIO DE JANEIRO,BRASILEIRA,Divorciada,1969-08-07,RJ,FEMININO,Não,,Prof. De Educação Infantil,8710.09,Não,Mensalista,56.0,952,1
BANGU,F,RIO DE JANEIRO,BRASILEIRA,Divorciada,1969-08-07,RJ,FEMININO,Não,,Professor Ii,7886.28,Não,Mensalista,56.0,1048,1
VILA SANTA TEREZA,F,BELFORD ROXO,BRASILEIRA,Solteiro,1972-06-07,RJ,MASCULINO,Não,Risco PLD/FT Baixo,Professor De Ensino Fundamenta,6335.12,Não,,53.0,1001,1
TAQUARA,F,RIO DE JANEIRO,Brasileira,Solteira,1965-12-29,RJ,FEMININO,Não,,Agente De Portaria,3850.61,Não,Mensalista,60.0,243,3
SANTA CRUZ,F,RIO DE JANEIRO,Brasileira,Solteiro,1955-10-30,RJ,FEMININO,Não,,Servente,724.8,Não,Mensalista,70.0,1116,2
CASCADURA,F,RIO DE JANEIRO,BRASILEIRA,Casada,1962-05-29,RJ,FEMININO,Não,,Merendeira,829.74,Não,Mensalista,63.0,812,2
CENTRO,F,RIO DE JANEIRO,Brasileira,Casada,1954-10-03,RJ,FEMININO,Não,,Aux De Enfermagem,1225.94,Não,Mensalista,71.0,459,3
SENADOR CAMARA,F,RIO DE JANEIRO,BRASILEIRA,Solteira,1968-04-04,RJ,FEMININO,Não,,Merendeira,2116.36,Não,Mensalista,57.0,812,0
SENADOR VASCONCELOS,F,RIO DE JANEIRO,BRASILEIRA,Divorciado,1966-12-23,RJ,FEMININO,Não,Risco PLD/FT Baixo,Professor Ii,7278.03,Não,Mensalista,59.0,1048,1
PACIENCIA,F,RIO DE JANEIRO,Brasileira,Casada,1961-01-01,RJ,FEMININO,Não,,Aposentada,1538.42,Não,Mensalista,64.0,294,3
COELHO DA ROCHA,F,SÃO JOÃO DE MERITI,Brasileira,Solteira,1959-05-12,RJ,FEMININO,Não,,Aux. De Enfermagem 2º Grau,3417.68,Não,Mensalista,66.0,539,3
GRAMACHO,F,DUQUE DE CAXIAS,BRASILEIRA,Solteira,1979-12-30,RJ,FEMININO,Não,,Ag. De Educação Infantil,3121.28,Não,Mensalista,46.0,129,0
BANGU,F,RIO DE JANEIRO,BRASILEIRA,Casada,1966-02-15,RJ,FEMININO,Não,,Professor,6218.62,Não,Mensalista,59.0,984,1
FREGUESIA,F,RIO DE JANEIRO,Brasileira,Separado judicialmente,1950-10-05,RJ,FEMININO,Não,,Professor Ii,6742.26,Não,Mensalista,75.0,1048,2
MADUREIRA,F,RIO DE JANEIRO,BRASILEIRA,Solteiro,1960-08-08,RJ,FEMININO,Não,Risco PLD/FT Baixo,Prof I - Educação Fisica,12905.04,Não,Mensalista,65.0,902,1
BANGU,F,RIO DE JANEIRO,BRASILEIRA,Viúva,1954-07-12,RJ,FEMININO,Não,,Professor Ii,270.08,Não,Mensalista,71.0,1048,2
PRAÇA SECA,F,RIO DE JANEIRO,BRASILEIRA,Separada judicialmente,1952-12-24,RJ,FEMININO,Não,,Especialista De Educação - Lic,8376.94,Não,Mensalista,73.0,752,1
PRAÇA SECA,F,RIO DE JANEIRO,BRASILEIRA,Separada judicialmente,1952-12-24,RJ,FEMININO,Não,,Professor Ii,8376.94,Não,Mensalista,73.0,1048,1
BANCARIOS,F,RIO DE JANEIRO,Brasileira,Viúva,1963-09-10,RJ,FEMININO,Não,,Merendeira,1449.4,Não,Mensalista,62.0,812,2
PAVUNA,F,RIO DE JANEIRO,Brasileira,Divorciado,1960-12-27,RJ,FEMININO,Não,,Merendeira,1705.5,Não,Mensalista,65.0,812,2
FLAMENGO,F,RIO DE JANEIRO,Brasileira,Casado,1958-10-16,RJ,FEMININO,Não,,Datilagrafo,4981.48,Não,Mensalista,67.0,687,2
IRAJA,F,RIO DE JANEIRO,BRASILEIRA,SOLTEIRO,1960-01-06,RJ,FEMININO,Não,,Merendeira,1494.91,Não,Mensalista,65.0,812,2
RECREIO DOS BANDEIRANTES,F,RIO DE JANEIRO,BRASILEIRA,Viúvo,1960-12-07,RJ,FEMININO,Não,Risco PLD/FT Baixo,Professor Ii,3079.98,Não,Mensalista,65.0,1048,2
MAGALHÃES BASTOS,F,RIO DE JANEIRO,BRASILEIRA,Divorciada,1954-07-23,RJ,FEMININO,Não,,Servente,1282.74,Não,Mensalista,71.0,1116,2
TURIAÇU,F,RIO DE JANEIRO,Brasileira,Solteira,1952-02-17,RJ,FEMININO,Não,,Ag. De Administraçao,3767.63,Não,Mensalista,73.0,108,3
ENGENHO NOVO,F,RIO DE JANEIRO,BRASILEIRA,Casada,1969-12-12,RJ,FEMININO,Não,,Aux De Enfermagem,3581.38,Não,Mensalista,56.0,459,0
ANIL,F,RIO DE JANEIRO,BRASILEIRA,Divorciada,1964-06-02,RJ,FEMININO,Não,,Professor Ii,6465.22,Não,Mensalista,61.0,1048,2
ANIL,F,RIO DE JANEIRO,Brasileira,Divorciada,1964-06-02,RJ,FEMININO,Não,,Aposentada,5515.75,Não,Mensalista,61.0,294,3
BENTO RIBEIRO,F,RIO DE JANEIRO,Brasileira,Solteiro,1958-10-09,RJ,FEMININO,Não,,Ag. Material,1980.78,Não,Mensalista,67.0,147,3
SEPETIBA,F,RIO DE JANEIRO,Brasileira,Casada,1968-06-30,RJ,FEMININO,Não,,Merendeira,3184.12,Não,Mensalista,57.0,812,0
SANTA CRUZ,F,RIO DE JANEIRO,Brasileira,Divorciada,1955-02-11,RJ,FEMININO,Não,,Servente,3292.75,Não,Mensalista,70.0,1116,2
VILAR NOVO,F,BELFORD ROXO,Brasileira,Divorciada,1961-11-04,RJ,FEMININO,Não,,Agente De Administração,4346.23,Não,Mensalista,64.0,216,3
CAMPO GRANDE,F,RIO DE JANEIRO,BRASILEIRA,Divorciada,1959-09-23,RJ,FEMININO,Não,,Auxiliar De Enfermagem 2º Grau,2381.96,Não,Mensalista,66.0,620,3
CAMPO GRANDE,F,RIO DE JANEIRO,Brasileira,Divorciada,1953-01-04,RJ,FEMININO,Não,,Professor Ii,5875.75,Não,Mensalista,72.0,1048,2
CAMPO GRANDE,F,RIO DE JANEIRO,BRASILEIRA,Divorciada,1953-01-04,RJ,FEMININO,Não,,Professor Ii,5875.75,Não,Mensalista,72.0,1048,2
INHAUMA,F,RIO DE JANEIRO,Brasileira,Viúva,1957-09-10,RJ,FEMININO,Não,,Aposentada,2511.24,Não,Mensalista,68.0,294,3
SANTA CRUZ,F,RIO DE JANEIRO,BRASILEIRA,Solteira,1978-10-05,RJ,FEMININO,Não,,Agente De Educação Infantil,2499.12,Não,Mensalista,47.0,237,0
CAMPO GRANDE,F,RIO DE JANEIRO,Brasileira,Viúvo,1950-05-07,RJ,FEMININO,Não,,Agente Comunitario,2224.62,Não,Mensalista,75.0,198,3
ANCHIETA,F,RIO DE JANEIRO,Brasileira,Solteira,1962-04-06,RJ,FEMININO,Não,,Professor I Geografia,9995.13,Não,Mensalista,63.0,1042,1
CAMPO GRANDE,F,RIO DE JANEIRO,Brasileira,Divorciada,1979-09-10,RJ,FEMININO,Não,,Professor Ii,4036.05,Não,Mensalista,46.0,1048,0
CARAMUJO,F,RIO DE JANEIRO,Brasileira,Casado,1952-07-30,RJ,FEMININO,Não,,Prof. Ii Plena Licença,7259.4,Não,Mensalista,73.0,971,2
BRAGA,F,CABO FRIO,Brasileira,Solteira,1953-10-04,RJ,FEMININO,Não,,Ag De Administração,8620.2,Não,Mensalista,72.0,40,3
QUINTINO BOCAIUVA,F,RIO DE JANEIRO,BRASILEIRA,Solteira,1951-11-29,RJ,FEMININO,Não,,Aux De Serviços De Saude,1869.38,Não,Mensalista,74.0,499,3
MANGUINHOS,F,RIO DE JANEIRO,Brasileira,Divorciada,1956-02-25,RJ,FEMININO,Não,,Agente Aux. De Adm.,1634.68,Não,Mensalista,69.0,186,3
VILA DA PENHA,F,RIO DE JANEIRO,Brasileira,Viúva,1963-11-07,RJ,FEMININO,Não,,Aux De Enfermagem 2º Grau,2431.19,Não,Mensalista,62.0,474,3
CAMPO GRANDE,F,RIO DE JANEIRO,Brasileira,Solteiro,1958-01-30,RJ,FEMININO,Não,Risco PLD/FT Baixo,Aux De Enfermagem 2º Grau,3252.07,Não,Mensalista,67.0,474,3
TAQUARA,F,RIO DE JANEIRO,BRASILEIRA,Solteiro,1968-05-15,RJ,FEMININO,Não,Risco PLD/FT Baixo,Enfermeiro Lei 7946'18,8479.65,Não,Mensalista,57.0,726,1
SENADOR CAMARA,F,RIO DE JANEIRO,Brasileira,Viúvo,1951-12-11,RJ,FEMININO,Não,,Prof 2 Lic. Plena,6076.66,Não,Mensalista,74.0,880,2
ROCHA MIRANDA,F,RIO DE JANEIRO,BRASILEIRA,Casada,1961-06-01,RJ,FEMININO,Não,,Agente De Portaria,2103.34,Não,Mensalista,64.0,243,3
ENSEADA DAS GAIVOTAS,F,RIO DAS OSTRAS,Brasileira,Solteira,1963-09-11,RJ,FEMININO,Não,,Aux De Enfermagem 2º Grau,3307.43,Não,Mensalista,62.0,474,3
INHOAIBA,F,RIO DE JANEIRO,BRASILEIRA,SOLTEIRO,1964-01-20,RJ,FEMININO,Não,,Ag De Administracao/Gerente Ii,12802.96,Não,Mensalista,61.0,38,1
PAVUNA,F,RIO DE JANEIRO,Brasileira,Casado,1957-11-03,RJ,MASCULINO,Não,,Trabalhador/Supervisor De Ativ,4756.7,Não,Mensalista,68.0,1224,2
CAMPO GRANDE,F,RIO DE JANEIRO,Brasileira,Viúva,1968-12-05,RJ,FEMININO,Não,,Aposentada,2204.96,Não,Mensalista,57.0,294,3
PARQUE AMBAI,F,NOVA IGUAÇU,BRASILEIRA,Casado,1955-10-04,RJ,MASCULINO,Não,,Motorista,3912.1,Não,Mensalista,70.0,827,2
SENADOR VASCONCELOS,F,RIO DE JANEIRO,BRASILEIRA,Divorciado,1960-08-23,RJ,MASCULINO,Não,,Agente De Administrção,5023.51,Não,Mensalista,65.0,220,3
TAQUARA,F,RIO DE JANEIRO,BRASILEIRA,Casada,1959-05-24,RJ,FEMININO,Não,,Inspetor De Alunos,2745.82,Não,Mensalista,66.0,789,2
PENHA CIRCULAR,F,RIO DE JANEIRO,Brasileira,Casado,1963-04-10,RJ,MASCULINO,Não,,Aux De Enfermagem 2ª Grau,4586.22,Não,Mensalista,62.0,471,3
TAQUARA,F,RIO DE JANEIRO,BRASILEIRA,OUTROS,1955-11-11,RJ,FEMININO,Não,,Agente Administração,1869.73,Não,Mensalista,70.0,181,3
CAMPO GRANDE,F,RIO DE JANEIRO,Brasileira,Divorciada,1942-04-21,RJ,FEMININO,Não,,Prof Ii,2593.75,Não,Mensalista,83.0,930,2
RIACHUELO,F,RIO DE JANEIRO,Brasileira,Casado,1962-11-21,RJ,FEMININO,Não,,Professor,10633.44,Não,Mensalista,63.0,984,1
RIACHUELO,F,RIO DE JANEIRO,BRASILEIRA,Casado,1962-11-21,RJ,FEMININO,Não,,Professor,4921.91,Não,Mensalista,63.0,984,2
GUARATIBA,F,RIO DE JANEIRO,Brasileira,Casada,1957-03-23,RJ,FEMININO,Não,,Auxiliar De Enfermagem 2° Grau,2918.44,Não,Mensalista,68.0,619,3
CORDOVIL,F,RIO DE JANEIRO,Brasileira,Viúva,1957-05-17,RJ,FEMININO,Não,,Auxiliar De Enfermagem 2º Grau,4394.91,Não,Mensalista,68.0,620,3
MADUREIRA,F,RIO DE JANEIRO,BRASILEIRA,Solteira,1950-10-30,RJ,FEMININO,Não,,Professor Ii,5931.72,Não,Mensalista,75.0,1048,2
MADUREIRA,F,RIO DE JANEIRO,Brasileira,Solteira,1950-10-30,RJ,FEMININO,Não,,Professora Ii,5931.72,Não,Mensalista,75.0,1074,2
AMENDOEIRA,F,SAO GONCALO,Brasileira,Viúvo,1942-07-30,RJ,FEMININO,Não,,Prof Doc,2802.9,Não,Mensalista,83.0,888,2
REALENGO,F,RIO DE JANEIRO,Brasileira,Solteiro,1958-03-20,RJ,FEMININO,Não,,Trabalhador,912.12,Não,Mensalista,67.0,1202,2
CORDOVIL,F,RIO DE JANEIRO,Brasileira,Casado,1955-11-13,RJ,MASCULINO,Não,,Art De Alv E Pintura,5244.99,Não,Mensalista,70.0,301,3
REALENGO,F,RIO DE JANEIRO,BRASILEIRA,Casado,1986-07-14,RJ,FEMININO,Não,Risco PLD/FT Baixo,Professor Adjunto De Educação,6585.72,Não,Mensalista,39.0,993,0
BANGU,F,RIO DE JANEIRO,BRASILEIRA,Solteira,1978-04-05,RJ,FEMININO,Não,,Profissional De Nivel Medio,4406.95,Não,Mensalista,47.0,1083,0
CACHAMBI,F,RIO DE JANEIRO,Brasileira,Solteiro,1949-06-05,RJ,MASCULINO,Não,,Servente,2213.26,Não,Mensalista,76.0,1116,2
TAQUARA,F,RIO DE JANEIRO,BRASILEIRA,Viúva,1963-10-05,RJ,FEMININO,Não,Risco PLD/FT Baixo,Pensionista,11420.42,Não,Mensalista,62.0,863,1
ENGENHOCA,F,NITERÓI,BRASILEIRA,Divorciado,1976-08-27,RJ,FEMININO,Não,,Auxiliar De Enfermagem,3088.96,Não,Mensalista,49.0,608,0
ANA CLARA,F,RIO DE JANEIRO,Brasileira,Divorciado,1960-07-16,RJ,MASCULINO,Não,,Sub Oficial,6985.2,Não,Mensalista,65.0,1132,2
RIACHUELO,F,RIO DE JANEIRO,Brasileira,Solteira,1962-04-15,RJ,FEMININO,Não,,Professor I - Historia,5692.77,Não,Mensalista,63.0,1036,2
GUADALUPE,F,RIO DE JANEIRO,Brasileira,Solteiro,1954-12-25,RJ,FEMININO,Não,,Aux. Enfermargem,2350.14,Não,Mensalista,71.0,566,3
GUARATIBA,F,RIO DE JANEIRO,BRASILEIRA,Casada,1967-04-06,RJ,FEMININO,Não,,Merendeira,1618.78,Não,Mensalista,58.0,812,0
TURIAÇU,F,RIO DE JANEIRO,Brasileira,Solteiro,1967-11-26,RJ,MASCULINO,Não,,Art De Pavimentacao E Pedreir,2798.06,Não,Mensalista,58.0,328,3
BANGU,F,RIO DE JANEIRO,Brasileira,Divorciado,1948-05-25,RJ,MASCULINO,Não,,Animador Cultural,1109.8,Não,Mensalista,77.0,290,3
SANTA CRUZ,F,RIO DE JANEIRO,BRASILEIRA,Solteiro,1961-07-30,RJ,MASCULINO,Não,,Guarda Municipal,7812.18,Não,Mensalista,64.0,776,1
SURUI,F,MAGE,BRASILEIRA,Solteiro,1985-08-09,RJ,FEMININO,Não,Risco PLD/FT Baixo,Professor De Ensino Fundamenta,7676.62,Não,Mensalista,40.0,1001,1
RAMOS,F,RIO DE JANEIRO,BRASILEIRA,Solteira,1981-11-05,RJ,FEMININO,Não,,Ag. De Educação Infantil,3563.86,Não,Mensalista,44.0,129,0
PADRE MIGUEL,F,RIO DE JANEIRO,BRASILEIRA,Solteira,1979-12-29,RJ,FEMININO,Não,,Agente De Administração,3857.25,Não,Mensalista,46.0,216,0
BONSUCESSO,F,RIO DE JANEIRO,BRASILEIRA,Solteiro,1981-03-06,RJ,MASCULINO,Não,Risco PLD/FT Baixo,Cabo Pm,7635.55,Não,,44.0,658,0
INCONFIDENCIA NOVA,F,NOVA IGUAÇU,BRASILEIRA,Solteiro,1979-07-07,RJ,MASCULINO,Não,Risco PLD/FT Baixo,Chefe De Setor,4356.25,Não,Mensalista,46.0,668,0
CASCADURA,F,RIO DE JANEIRO,BRASILEIRA,Solteira,1979-12-10,RJ,FEMININO,Não,,Agente De Educaçao Infantil,4179.96,Não,Mensalista,46.0,235,0
PEDRA DE GUARATIBA,F,RIO DE JANEIRO,BRASILEIRA,SOLTEIRO,1976-12-09,RJ,FEMININO,Não,,Professor,1057.56,Não,Mensalista,49.0,984,0
CAMPO GRANDE,F,RIO DE JANEIRO,Brasileira,Casado,1948-06-16,RJ,MASCULINO,Não,,Operador De Maq Auxiliares,1695.77,Não,Mensalista,77.0,851,2
JARDIM PRIMAVERA,F,DUQUE DE CAXIAS,BRASILEIRA,Casado,1981-11-24,RJ,MASCULINO,Não,Risco PLD/FT Baixo,3º Sargento Pm,9726.12,Não,Mensalista,44.0,11,0
CENTRO,F,RIO DE JANEIRO,Brasileira,Não informado,1949-11-19,RJ,MASCULINO,Não,,Agente Adm.,2440.24,Não,Mensalista,76.0,174,3
SANTA CRUZ,F,RIO DE JANEIRO,Brasileira,Viúva,1946-05-05,RJ,FEMININO,Não,,Merendeira,873.75,Não,Mensalista,79.0,812,2
PECHINCHA,F,RIO DE JANEIRO,Brasileira,Não informado,1960-09-12,RJ,MASCULINO,Não,,Ag. Adm,0.0,Não,Mensalista,65.0,74,3
FONSECA,F,NITEROI,Brasileira,Não informado,1957-08-20,RJ,FEMININO,Não,,Agente Administrativo,2690.98,Não,Mensalista,68.0,178,3
CENTRO,F,RIO DE JANEIRO,Brasileira,Solteiro,1942-11-07,RJ,MASCULINO,Não,,Art. De Instalações Hidraulica,2030.48,Não,Mensalista,83.0,358,3
BARRA DE GUARATIBA,F,RIO DE JANEIRO,BRASILEIRA,Solteiro,1951-11-13,RJ,MASCULINO,Não,,Servente (Sms),2579.13,Não,Mensalista,74.0,1118,2
BANGU,F,RIO DE JANEIRO,Brasileira,Divorciado,1956-02-17,RJ,FEMININO,Não,,Aux. De Enfermagem,2145.42,Não,Mensalista,69.0,525,3
JARDIM INOHAN,F,MARICA,Brasileira,Solteiro,1964-03-20,RJ,MASCULINO,Não,,Trabalhador,2223.14,Não,Mensalista,61.0,1202,2
JARDIM MERITI,F,SÃO JOÃO DE MERITI,BRASILEIRA,Solteira,1978-08-28,RJ,FEMININO,Não,,Aposentada,1155.0,Não,Mensalista,47.0,294,0
CAMPO GRANDE,F,RIO DE JANEIRO,Brasileira,Divorciado,1946-09-30,RJ,MASCULINO,Não,,Auxiliar De Enfermagem,4013.77,Não,Mensalista,79.0,608,3
CATETE,F,RIO DE JANEIRO,BRASILEIRA,Solteira,1955-12-11,RJ,FEMININO,Não,,Tecnico De Produção E Organiza,4551.64,Não,Mensalista,70.0,1181,2
PAVUNA,F,RIO DE JANEIRO,BRASILEIRA,Casada,1972-02-27,RJ,FEMININO,Não,,Professor Ii,9247.74,Não,Mensalista,53.0,1048,1
PAVUNA,F,RIO DE JANEIRO,BRASILEIRA,Casada,1972-02-27,RJ,FEMININO,Não,,Professor Ii,9247.74,Não,Mensalista,53.0,1048,1
SENADOR CAMARA,F,RIO DE JANEIRO,BRASILEIRA,Casado,1955-01-08,RJ,MASCULINO,Não,,Art De Carp E Marcenaria,2050.44,Não,Mensalista,70.0,308,3
BANGU,F,RIO DE JANEIRO,BRASILEIRA,Solteira,1963-06-06,RJ,FEMININO,Não,,Servente,1797.24,Não,Mensalista,62.0,1116,2
SENADOR CAMARA,F,RIO DE JANEIRO,BRASILEIRA,Casada,1971-03-11,RJ,FEMININO,Não,,Merendeira,700.02,Não,Mensalista,54.0,812,0
PAVUNA,F,RIO DE JANEIRO,BRASILEIRA,Casada,1956-05-08,RJ,FEMININO,Não,,Auxiliar De Enfermagem,2546.89,Não,Mensalista,69.0,608,3
SENADOR VASCONCELOS,F,RIO DE JANEIRO,Brasileira,Casada,1964-01-18,RJ,FEMININO,Não,,Professor Ii,2189.61,Não,Mensalista,61.0,1048,2
COPACABANA,F,RIO DE JANEIRO,Brasileira,Divorciado,1947-07-01,RJ,FEMININO,Não,,Prof Ii,5147.4,Não,Mensalista,78.0,930,2
IRAJA,F,RIO DE JANEIRO,BRASILEIRA,Casada,1941-05-24,RJ,FEMININO,Não,,Prof I - Ligua Portuguesa,6631.13,Não,Mensalista,84.0,908,2
IRAJA,F,RIO DE JANEIRO,Brasileira,Casada,1941-05-24,RJ,FEMININO,Não,,Especialista De Educação,6631.13,Não,Mensalista,84.0,751,2
VILA VALQUEIRE,F,RIO DE JANEIRO,BRASILEIRA,Casada,1962-06-21,RJ,FEMININO,Não,,Professor Ii,6414.07,Não,Mensalista,63.0,1048,2
HELIOPOLIS,F,CURITIBA,Brasileira,Casado,1955-05-04,PR,MASCULINO,Não,,Servente(Sms),1836.57,Não,Mensalista,70.0,1121,2
PADRE MIGUEL,F,RIO DE JANEIRO,BRASILEIRA,Solteira,1958-08-13,RJ,FEMININO,Não,,Aposentada,1976.06,Não,Mensalista,67.0,294,3
IRAJA,F,RIO DE JANEIRO,Brasileira,Solteiro,1941-01-22,RJ,FEMININO,Não,,Merendeira,1095.2,Não,Mensalista,84.0,812,2
CARAMUJO,F,RIO DE JANEIRO,Brasileira,Viúvo,1948-09-21,RJ,FEMININO,Não,,Servente,2024.38,Não,Mensalista,77.0,1116,2
CAMPO GRANDE,F,RIO DE JANEIRO,Brasileira,Casado,1944-07-14,RJ,FEMININO,Não,,Servente,1022.2,Não,Mensalista,81.0,1116,2
CIDADE DE DEUS,F,RIO DE JANEIRO,BRASILEIRA,Divorciado,1960-11-10,RJ,MASCULINO,Não,,Trabalhador,2340.64,Não,Mensalista,65.0,1202,2
CAMPO GRANDE,F,RIO DE JANEIRO,Brasileira,Casado,1954-05-12,RJ,MASCULINO,Não,,Agente De Saude,4311.84,Não,Mensalista,71.0,252,3
FREGUESIA,F,RIO DE JANEIRO,Brasileira,Casado,1957-01-06,RJ,FEMININO,Não,,Ass. Admin.,6109.48,Não,Mensalista,68.0,398,3
IPIRANGA,F,NOVA IGUAÇU,BRASILEIRA,Solteira,1952-05-18,RJ,FEMININO,Não,,Professor Ii,8622.39,Não,Mensalista,73.0,1048,1
IPIRANGA,F,NOVA IGUAÇU,Brasileira,Solteira,1952-05-18,RJ,FEMININO,Não,,Professor Ii,8622.39,Não,Mensalista,73.0,1048,1
PEDRA DE GUARATIBA,F,RIO DE JANEIRO,BRASILEIRA,Casada,1967-01-14,RJ,FEMININO,Não,,Ag De Educação Infantil,1231.04,Não,Mensalista,58.0,55,3
ROCINHA,F,RIO DE JANEIRO,Brasileira,Solteiro,1966-08-25,RJ,FEMININO,Não,,Ag. De Comun.,2481.62,Não,Mensalista,59.0,117,3
LEOPOLDINA,F,RIO DE JANEIRO,Brasileira,Casado,1936-01-29,RJ,FEMININO,Não,,Aux. De Enfermagem,1357.4,Não,Mensalista,89.0,525,3
AMENDOEIRA,F,SÃO GONÇALO,Brasileira,Casada,1962-11-22,RJ,FEMININO,Não,,Aux De Enfermagem 2º Grau,3529.38,Não,Mensalista,63.0,474,3
BANGU,F,RIO DE JANEIRO,BRASILEIRA,Separado judicialmente,1963-04-23,RJ,FEMININO,Não,,Agente Comunitário Nivel I,3695.94,Não,Mensalista,62.0,207,3
INHOAIBA,F,RIO DE JANEIRO,Brasileira,Solteira,1963-01-08,RJ,FEMININO,Não,,Merendeira,1610.58,Não,Mensalista,62.0,812,2
SANTA CRUZ,F,RIO DE JANEIRO,BRASILEIRA,Casada,1960-10-03,RJ,FEMININO,Não,,Merendeira,1191.42,Não,Mensalista,65.0,812,2
CAMORIM,F,RIO DE JANEIRO,Brasileira,Solteira,1937-11-26,RJ,FEMININO,Não,,Professor Ii,1024.7,Não,Mensalista,88.0,1048,2
ENCANTADO,F,RIO DE JANEIRO,Brasileira,Não informado,1949-05-31,RJ,FEMININO,Não,,Auxiliar Operacional,2277.74,Não,Mensalista,76.0,645,3
MADUREIRA,F,RIO DE JANEIRO,Brasileira,Casado,1955-07-20,RJ,FEMININO,Não,,Ass. Administrativo,8350.08,Não,Mensalista,70.0,400,3
CUBANGO,F,NITEROI,Brasileira,Não informado,1951-07-19,RJ,FEMININO,Não,,Bibliotecaria,3533.04,Não,Mensalista,74.0,650,3
CAMPO GRANDE,F,RIO DE JANEIRO,BRASILEIRA,Solteira,1977-01-13,RJ,FEMININO,Não,,Guarda Municipal,3158.03,Não,Mensalista,48.0,776,0
GUARATIBA,F,RIO DE JANEIRO,Brasileira,Divorciado,1963-07-25,RJ,MASCULINO,Não,,Ag Aux De Administraçao,6149.39,Não,Mensalista,62.0,25,3
REALENGO,F,RIO DE JANEIRO,BRASILEIRA,Divorciado,1955-02-28,RJ,MASCULINO,Não,,Motorista,3831.2,Não,Mensalista,70.0,827,2
IRAJA,F,RIO DE JANEIRO,BRASILEIRA,Solteiro,1986-07-17,RJ,MASCULINO,Não,Risco PLD/FT Baixo,Assistente Técnico Administrat,6865.22,Não,Mensalista,39.0,437,0
SANTO CRISTO,F,RIO DE JANEIRO,Brasileira,Casado,1940-09-25,RJ,MASCULINO,Não,,Ag. De Documento Medico,1944.48,Não,Mensalista,85.0,125,3
PAULINE,F,BELFORD ROXO,BRASILEIRA,Solteiro,1961-12-14,RJ,MASCULINO,Não,,Servente,2823.79,Não,Mensalista,64.0,1116,2
OLINDA,F,NILOPOLIS,BRASILEIRA,Casado,1956-07-12,RJ,MASCULINO,Não,,Ag. Auxiliar De Administraçao,8684.71,Não,Mensalista,69.0,87,3
BANGU,F,RIO DE JANEIRO,Brasileira,Solteiro,1959-12-16,RJ,FEMININO,Não,,Aux. De Enfermagem,1237.4,Não,Mensalista,66.0,525,3
LEOPOLDINA,F,RIO DE JANEIRO,Brasileira,Divorciado,1956-09-18,RJ,FEMININO,Não,,Aux. De Enfermagem,2236.46,Não,Mensalista,69.0,525,3
PARQUE ANDREIA,F,RIO BONITO,BRASILEIRA,Casado,1982-03-25,RJ,MASCULINO,Não,Risco PLD/FT Baixo,3º Sargento Pm,9324.19,Não,Mensalista,43.0,11,0
BARRETO,F,SAO GONCALO,Brasileira,Divorciado,1941-07-26,RJ,FEMININO,Não,,Pensionista,5079.72,Não,Mensalista,84.0,863,2
SANTA CRUZ,F,RIO DE JANEIRO,BRASILEIRA,União Estável,1972-09-01,RJ,FEMININO,Não,,Merendeira,1082.36,Não,Mensalista,53.0,812,0
URCA,F,RIO DE JANEIRO,Brasileira,Divorciado,1950-09-23,RJ,MASCULINO,Não,,Motorista,3239.5,Não,Mensalista,75.0,827,2
SÃO CRISTOVÃO,F,RIO DE JANEIRO,Brasileira,Casado,1959-02-16,RJ,MASCULINO,Não,,Trabalhador,1610.07,Não,Mensalista,66.0,1202,2
JACAREPAGUA,F,RIO DE JANEIRO,Brasileira,Não informado,1964-01-29,RJ,MASCULINO,Não,,Auxiliar De Laboratorio,1460.9,Não,Mensalista,61.0,632,3
ENGENHO DE DENTRO,F,RIO DE JANEIRO,BRASILEIRA,Divorciada,1976-10-13,RJ,FEMININO,Não,,Ag De Administração,11665.75,Não,Mensalista,49.0,40,1
PRAÇA SECA,F,RIO DE JANEIRO,BRASILEIRA,Solteira,1975-11-18,RJ,FEMININO,Não,,Agente De Educação Infantil,4659.56,Não,Mensalista,50.0,237,0
SEPETIBA,F,RIO DE JANEIRO,BRASILEIRA,Divorciada,1977-02-14,RJ,FEMININO,Não,,Professor Ii,8255.6,Não,Mensalista,48.0,1048,1
SEPETIBA,F,RIO DE JANEIRO,BRASILEIRA,Divorciada,1977-02-14,RJ,FEMININO,Não,,Prof. De Educação Infantil,9949.27,Não,Mensalista,48.0,952,1
BENTO RIBEIRO,F,RIO DE JANEIRO,Brasileira,Solteiro,1980-08-02,RJ,FEMININO,Não,,Professor Adj De Ed Infantil,11409.77,Não,Mensalista,45.0,990,1
LARGO DO BARRADAS,F,NITEROI,BRASILEIRA,Casada,1979-08-02,RJ,FEMININO,Não,,Ag De Doc Medica/Chefe Ii,3720.32,Não,Mensalista,46.0,50,0
CAMPO LINDO,F,SEROPEDICA,Brasileira,Desquitada,1975-12-10,RJ,FEMININO,Não,,Aux De Enfermagem 2º Grau,3803.46,Não,Mensalista,50.0,474,0
JARDIM CARIOCA,F,RIO DE JANEIRO,BRASILEIRA,Solteira,1975-08-07,RJ,FEMININO,Não,,Professor Ii,7148.67,Não,Mensalista,50.0,1048,1
JARDIM CARIOCA,F,RIO DE JANEIRO,BRASILEIRA,Solteira,1975-08-07,RJ,FEMININO,Não,,Professor Ii,7246.53,Não,Mensalista,50.0,1048,1
PACIENCIA,F,RIO DE JANEIRO,BRASILEIRA,Solteira,1976-10-19,RJ,FEMININO,Não,,Aux De Enfermagem 2º Grau,2716.95,Não,Mensalista,49.0,474,0
RECREIO DOS BANDEIRANTES,F,RIO DE JANEIRO,BRASILEIRA,Viúvo,1971-03-31,RJ,FEMININO,Não,Risco PLD/FT Baixo,Chefe De Equipe Tecnica,1566.0,Não,Mensalista,54.0,666,0
LUZ,F,NOVA IGUAÇU,BRASILEIRA,Solteiro,1982-04-28,RJ,FEMININO,Não,Risco PLD/FT Baixo,Professor Docente I - 18 Horas,8280.37,Não,Mensalista,43.0,1014,1
CENTRO,F,RIO DE JANEIRO,Brasileira,Casado,1976-11-22,RJ,MASCULINO,Não,,Auxiliar De Enfermagem,4939.22,Não,Mensalista,49.0,608,0
NEVES,F,SÃO GONÇALO,BRASILEIRA,Solteiro,1966-06-12,RJ,MASCULINO,Não,Risco PLD/FT Baixo,Inspetor De Policia Penal,10080.19,Não,Mensalista,59.0,794,1
COSTA BARROS,F,RIO DE JANEIRO,Brasileira,Solteiro,1974-09-05,RJ,MASCULINO,Não,,Aux. De Enfermagem,1357.53,Não,Mensalista,51.0,525,0
REALENGO,F,RIO DE JANEIRO,BRASILEIRA,Divorciado,1990-07-26,RJ,MASCULINO,Não,Risco PLD/FT Baixo,Guarda Municipal,4647.45,Não,Mensalista,35.0,776,0
INHAUMA,F,RIO DE JANEIRO,BRASILEIRA,Solteiro,1974-09-13,RJ,MASCULINO,Não,,Auxiliar De Enfermagem 2º Grau,5300.92,Não,Mensalista,51.0,620,0
CAMPO GRANDE,F,RIO DE JANEIRO,Brasileira,Divorciado,1976-05-22,RJ,MASCULINO,Não,,Aux De Enfermagem,3603.97,Não,Mensalista,49.0,459,0
CAMPO GRANDE,F,RIO DE JANEIRO,BRASILEIRA,Solteiro,1980-01-12,RJ,MASCULINO,Não,,Professor Ii,8152.45,Não,Mensalista,45.0,1048,1
MANGUEIRA,F,RIO DE JANEIRO,BRASILEIRA,Solteiro,1983-05-02,RJ,MASCULINO,Não,Risco PLD/FT Baixo,Garia,2670.97,Não,Mensalista,42.0,770,0
CENTRO,F,NATIVIDADE,BRASILEIRA,Solteiro,1978-03-19,RJ,MASCULINO,Não,Risco PLD/FT Baixo,Oficial De Cartório Policial,17528.49,Não,Mensalista,47.0,842,1
TIJUCA,F,RIO DE JANEIRO,Brasileira,Solteiro,1976-07-22,RJ,MASCULINO,Não,,Ag Adm,2613.44,Não,Mensalista,49.0,18,0
CRUZEIRO DO SUL,F,NOVA IGUACU,BRASILEIRA,Solteiro,1992-12-07,RJ,MASCULINO,Não,Risco PLD/FT Baixo,Inspetor De Alunos 2 G,2591.51,Não,Mensalista,33.0,790,0
PRAÇA SECA,F,RIO DE JANEIRO,BRASILEIRA,Solteiro,1969-04-16,RJ,MASCULINO,Não,Risco PLD/FT Baixo,Agente Defesa Civil,5037.63,Não,,56.0,266,3
SENADOR CAMARA,F,RIO DE JANEIRO,BRASILEIRA,Casado,1971-10-31,RJ,MASCULINO,Não,,Guarda Municipal,4650.85,Não,Mensalista,54.0,776,0
PARQUE SÃO BERNARDO,F,CURITIBA,Brasileira,Solteiro,1968-01-13,PR,MASCULINO,Não,,Aux De Enfermagem,1896.62,Não,Mensalista,57.0,459,0
ROCHA MIRANDA,F,RIO DE JANEIRO,BRASILEIRA,Solteiro,1966-10-19,RJ,MASCULINO,Não,Risco PLD/FT Baixo,Assistente Ii,5000.0,Não,Mensalista,59.0,427,3
CACHAMBI,F,RIO DE JANEIRO,BRASILEIRA,Casada,1976-05-09,RJ,FEMININO,Não,,Professor Ii,15974.24,Não,Mensalista,49.0,1048,1
CACHAMBI,F,RIO DE JANEIRO,BRASILEIRA,Casada,1976-05-09,RJ,FEMININO,Não,,Professor Ii,15974.24,Não,Mensalista,49.0,1048,1
COCOTA,F,RIO DE JANEIRO,BRASILEIRA,Solteira,1979-11-16,RJ,FEMININO,Não,,Professora Ii,11064.82,Não,Mensalista,46.0,1074,1
COCOTA,F,RIO DE JANEIRO,BRASILEIRA,Solteira,1979-11-16,RJ,FEMININO,Não,,Professor Ii,11064.82,Não,Mensalista,46.0,1048,1
INHOAIBA,F,RIO DE JANEIRO,Brasileira,Solteiro,1975-07-04,RJ,FEMININO,Não,,Ag. De Administração,2824.66,Não,Mensalista,50.0,109,0
GARDENIA AZUL,F,RIO DE JANEIRO,Brasileira,Solteiro,1980-05-03,RJ,FEMININO,Não,,Prof Ii,2887.18,Não,Mensalista,45.0,930,0
TIJUCA,F,RIO DE JANEIRO,BRASILEIRA,Casado,1954-09-04,RJ,FEMININO,Não,,Enfermeira,2579.8,Não,Mensalista,71.0,720,2
PONTO CHIQ,F,NOVA IGUACU,BRASILEIRA,Divorciada,1963-08-03,RJ,FEMININO,Não,,Agente Educador Ii,3316.76,Não,Mensalista,62.0,268,3
HONORIO GURGEL,F,RIO DE JANEIRO,Brasileira,Solteira,1962-09-07,RJ,FEMININO,Não,,Agente De Administração,7801.77,Não,Mensalista,63.0,216,3
ENGENHO NOVO,F,RIO DE JANEIRO,BRASILEIRA,Solteira,1955-05-13,RJ,FEMININO,Não,,Professor Ii,11842.06,Não,Mensalista,70.0,1048,1
ENGENHO NOVO,F,RIO DE JANEIRO,Brasileira,Solteira,1955-05-13,RJ,FEMININO,Não,,Prof Ii,11842.06,Não,Mensalista,70.0,930,1
TODOS OS SANTOS,F,RIO DE JANEIRO,BRASILEIRA,Casada,1965-08-05,RJ,FEMININO,Não,,Merendeira,1643.36,Não,Mensalista,60.0,812,2
MANGUINHOS,F,RIO DE JANEIRO,BRASILEIRA,Solteira,1958-12-12,RJ,FEMININO,Não,,Zelador,1100.44,Não,Mensalista,67.0,1238,2
PILARES,F,RIO DE JANEIRO,BRASILEIRA,Casada,1983-01-05,RJ,FEMININO,Não,,Professor Ii,10389.44,Não,Mensalista,42.0,1048,1
REALENGO,F,RIO DE JANEIRO,BRASILEIRA,SOLTEIRO,1958-06-09,RJ,FEMININO,Não,,Copeiro,965.07,Não,Mensalista,67.0,678,2
BANGU,F,RIO DE JANEIRO,Brasileira,Casada,1973-11-22,RJ,FEMININO,Não,,Merendeira,1286.38,Não,Mensalista,52.0,812,0
RAMOS,F,RIO DE JANEIRO,BRASILEIRA,Divorciada,1958-05-12,RJ,FEMININO,Não,,Ag De Administração,3571.53,Não,Mensalista,67.0,40,3
INHAUMA,F,RIO DE JANEIRO,BRASILEIRA,Casada,1965-05-13,RJ,FEMININO,Não,,Recepcionista,4120.94,Não,Mensalista,60.0,1094,2
REALENGO,F,RIO DE JANEIRO,Brasileira,Solteiro,1957-03-02,RJ,FEMININO,Não,,Ag De Administração,4243.26,Não,Mensalista,68.0,40,3
VILA VALQUEIRE,F,RIO DE JANEIRO,BRASILEIRA,Divorciada,1954-06-02,RJ,FEMININO,Não,,Aposentada,937.0,Não,Mensalista,71.0,294,3
VIGARIO GERAL,F,RIO DE JANEIRO,Brasileira,Solteiro,1958-01-11,RJ,FEMININO,Não,,Ag. De Adm.,4135.94,Não,Mensalista,67.0,106,3
QUITANDINHA,F,PETROPOLIS,Brasileira,Solteiro,1964-02-02,RJ,FEMININO,Não,,Prof. Docente Ii,4508.8,Não,Mensalista,61.0,954,2
ABOLIÇÃO,F,RIO DE JANEIRO,Brasileira,Solteira,1958-05-13,RJ,FEMININO,Não,,Auxiliar De Enfermagem,2172.34,Não,Mensalista,67.0,608,3
BANGU,F,RIO DE JANEIRO,Brasileira,Solteira,1957-07-10,RJ,FEMININO,Não,,Professor Ii,9987.4,Não,Mensalista,68.0,1048,1
TAQUARA,F,RIO DE JANEIRO,Brasileira,Divorciada,1959-06-01,RJ,FEMININO,Não,,Servente,1797.35,Não,Mensalista,66.0,1116,2
CAMPO GRANDE,F,RIO DE JANEIRO,Brasileira,Casado,1967-02-04,RJ,FEMININO,Não,,Aux. De Enfermagem,2554.46,Não,Mensalista,58.0,525,0
NOVA AMERICA,F,NOVA IGUAÇU,Brasileira,Casada,1964-12-03,RJ,FEMININO,Não,,Datilografo,1756.91,Não,Mensalista,61.0,690,2
BANGU,F,RIO DE JANEIRO,BRASILEIRA,Solteira,1953-06-08,RJ,FEMININO,Não,,Merendeira,1207.05,Não,Mensalista,72.0,812,2
VILAR DOS TELLES,F,SAO JOAO DE MERITI,Brasileira,Casada,1954-01-05,RJ,FEMININO,Não,,Merendeira/ Diretor Iv,9965.45,Não,Mensalista,71.0,818,1
VILA VALQUEIRE,F,RIO DE JANEIRO,BRASILEIRA,Divorciada,1950-05-12,RJ,FEMININO,Não,,Professor,2814.1,Não,Mensalista,75.0,984,2
OLARIA,F,RIO DE JANEIRO,BRASILEIRA,Casado,1963-06-25,RJ,FEMININO,Não,,Professor,4377.49,Não,Mensalista,62.0,984,2
BOTAFOGO,F,RIO DE JANEIRO,Brasileira,Solteira,1958-07-30,RJ,FEMININO,Não,,Ag. De Administração / Gerente,9895.07,Não,Mensalista,67.0,110,3
MARECHAL HERMES,F,RIO DE JANEIRO,Brasileira,Solteiro,1955-04-11,RJ,FEMININO,Não,,Agente De Administraçao,2248.7,Não,Mensalista,70.0,215,3
PITANGUEIRAS,F,RIO DE JANEIRO,BRASILEIRA,Solteira,1980-09-16,RJ,FEMININO,Não,,Agente De Educação Infantil,3236.52,Não,Mensalista,45.0,237,0
SENADOR CAMARA,F,RIO DE JANEIRO,BRASILEIRA,Solteira,1962-09-01,RJ,FEMININO,Não,,Merendeira,1759.41,Não,Mensalista,63.0,812,2
FREGUESIA,F,RIO DE JANEIRO,Brasileira,Solteira,1958-05-10,RJ,FEMININO,Não,,Ag. De Escritorio,11370.82,Não,Mensalista,67.0,130,1
SANTA CRUZ,F,RIO DE JANEIRO,BRASILEIRA,Divorciada,1955-09-25,RJ,FEMININO,Não,,Merendeira,1606.66,Não,Mensalista,70.0,812,2
IRAJA,F,RIO DE JANEIRO,BRASILEIRA,SOLTEIRO,1987-07-10,RJ,MASCULINO,Não,,Aux. De Controle De Endemias,1579.49,Não,Mensalista,38.0,518,0
NOVA CIDADE,F,NILOPOLIS,BRASILEIRO,Solteiro,1980-12-07,RJ,MASCULINO,Não,Risco PLD/FT Baixo,Tecnico Em Ti,4533.33,Não,Mensalista,45.0,1186,0
ICARAI,F,NITERÓI,BRASILEIRA,Solteiro,1994-01-21,RJ,MASCULINO,Não,,Investigador Policial,8120.73,Não,Mensalista,31.0,796,0
RICARDO DE ALBUQUERQUE,F,RIO DE JANEIRO,BRASILEIRA,Divorciada,1978-02-04,RJ,FEMININO,Não,,Agente De Educação Ii,2112.98,Não,Mensalista,47.0,236,0
IRAJA,F,RIO DE JANEIRO,Brasileira,Casada,1983-06-23,RJ,FEMININO,Não,,Professor Ens. Fundamental,8619.56,Não,Mensalista,42.0,1023,1
ROCHA MIRANDA,F,RIO DE JANEIRO,BRASILEIRA,Casada,1972-12-11,RJ,FEMININO,Não,,Ag De Administração,9419.75,Não,Mensalista,53.0,40,3
SEPETIBA,F,RIO DE JANEIRO,Brasileira,Casado,1978-03-05,RJ,FEMININO,Não,,Professor,3859.74,Não,Mensalista,47.0,984,0
SANTISSIMO,F,RIO DE JANEIRO,BRASILEIRA,Solteiro,1981-03-30,RJ,FEMININO,Não,Risco PLD/FT Baixo,Professor De Ensino Fundamenta,7377.46,Não,,44.0,1001,1
LEOPOLDINA,F,BARRA DO PIRAÍ,Brasileira,Casado,1979-05-01,RJ,FEMININO,Não,,Prof Ii,4042.56,Não,Mensalista,46.0,930,0
CHACARA RIO PETROPOLIS,F,DUQUE DE CAXIAS,BRASILEIRA,Solteira,1986-10-04,RJ,FEMININO,Não,,Professor Ii,6432.57,Não,Mensalista,39.0,1048,0
CHACARA RIO PETROPOLIS,F,DUQUE DE CAXIAS,BRASILEIRA,Solteira,1986-10-04,RJ,FEMININO,Não,,Prof. Educação Infantil,6432.57,Não,Mensalista,39.0,956,0
QUINTINO BOCAIUVA,F,RIO DE JANEIRO,Brasileira,Solteira,1972-09-10,RJ,FEMININO,Não,,Agente De Administração,5790.52,Não,Mensalista,53.0,216,0
JARDIM CAIÇARA,F,CABO FRIO,BRASILEIRA,SOLTEIRO,1975-12-07,RJ,FEMININO,Não,,Professora,4218.4,Não,Mensalista,50.0,1070,0
EDSON PASSOS,F,MESQUITA,Brasileira,Casada,1973-12-28,RJ,FEMININO,Não,,Aux. De Educação Infantil,3768.52,Não,Mensalista,52.0,520,0
COELHO NETO,F,RIO DE JANEIRO,BRASILEIRA,SOLTEIRO,1979-04-09,RJ,FEMININO,Não,,Professor,1353.63,Não,Mensalista,46.0,984,0
CAMPO GRANDE,F,RIO DE JANEIRO,Brasileira,Solteiro,1955-12-11,RJ,MASCULINO,Não,,Trabalhador/ Superv Atividades,4714.84,Não,Mensalista,70.0,1212,2
PAVUNA,F,RIO DE JANEIRO,BRASILEIRA,União Estável,1952-07-22,RJ,MASCULINO,Não,,Agente De Administração,3523.72,Não,Mensalista,73.0,216,3
VILA ISABEL,F,RIO DE JANEIRO,BRASILEIRA,Solteiro,1973-03-29,RJ,MASCULINO,Não,,Professor I - História,7371.77,Não,Mensalista,52.0,1037,1
CAMPO GRANDE,F,RIO DE JANEIRO,Brasileira,Solteiro,1952-11-29,RJ,MASCULINO,Não,,Trabalhador,6881.79,Não,Mensalista,73.0,1202,2
VILA LEOPOLDINA,F,DUQUE DE CAXIAS,Brasileira,Divorciado,1955-05-22,RJ,MASCULINO,Não,,Trabalhador,4111.94,Não,Mensalista,70.0,1202,2
RIO DAS PEDRAS,F,RIO DE JANEIRO,Brasileiro,Divorciado,1960-12-05,RJ,MASCULINO,Não,,Servente,1092.2,Não,Mensalista,65.0,1116,2
BANGU,F,RIO DE JANEIRO,BRASILEIRA,Casado,1958-02-27,RJ,MASCULINO,Não,,Merendeira,2000.46,Não,Mensalista,67.0,812,2
GUADALUPE,F,RIO DE JANEIRO,Brasileira,Viúvo,1939-12-18,RJ,MASCULINO,Não,,Agente De Vigilancia,2934.84,Não,Mensalista,86.0,259,3
MANGUEIRA,F,RIO DE JANEIRO,Brasileira,Solteiro,1964-05-23,RJ,MASCULINO,Não,,Trabalhador,2662.59,Não,Mensalista,61.0,1202,2
ENGENHO DA RAINHA,F,RIO DE JANEIRO,Brasileira,Casado,1958-09-08,RJ,MASCULINO,Não,,Trabalhador,4296.57,Não,Mensalista,67.0,1202,2
CAMPO GRANDE,F,RIO DE JANEIRO,Brasileira,Solteiro,1959-04-18,RJ,MASCULINO,Não,,Art De Alvenaria E Pintura,3414.62,Não,Mensalista,66.0,304,3
AUSTIN,F,QUEIMADOS,Brasileira,Casado,1956-06-01,RJ,MASCULINO,Não,,Eletricista De Rede,3821.98,Não,Mensalista,69.0,713,2
CENTRO,F,RIO DE JANEIRO,BRASILEIRA,Solteiro,1990-04-02,RJ,MASCULINO,Não,Risco PLD/FT Baixo,Soldado Pm,6642.35,Não,Mensalista,35.0,1130,0
IRAJA,F,RIO DE JANEIRO,Brasileira,Casado,1959-02-02,RJ,MASCULINO,Não,,Trabalhador,5247.7,Não,Mensalista,66.0,1202,2
OLARIA,F,RIO DE JANEIRO,Brasileira,Casado,1948-04-27,RJ,MASCULINO,Não,,Servente ( Sms),2614.35,Não,Mensalista,77.0,1117,2
SENADOR CAMARA,F,RIO DE JANEIRO,Brasileira,Casado,1959-05-13,RJ,MASCULINO,Não,,Trabalhador,2968.3,Não,Mensalista,66.0,1202,2
INCONFIDÊNCIA,F,NOVA IGUACU,BRASILEIRA,Casado,1983-04-11,RJ,MASCULINO,Não,Risco PLD/FT Baixo,Professor De Ensino Fundamenta,9312.38,Não,Mensalista,42.0,1001,1
MARIA DA GRAÇA,F,RIO DE JANEIRO,Brasileira,Solteiro,1957-07-25,RJ,MASCULINO,Não,,Agente De Vigilancia,984.8,Não,Mensalista,68.0,259,3
ENGENHO DE DENTRO,F,RIO DE JANEIRO,Brasileira,Casado,1972-02-26,RJ,FEMININO,Não,,Prof,4964.86,Não,Mensalista,53.0,874,0
VILA ISABEL,F,RIO DE JANEIRO,BRASILEIRA,Solteiro,1986-05-22,RJ,FEMININO,Não,Risco PLD/FT Baixo,Professor De Educação Infantil,6935.85,Não,Mensalista,39.0,998,0
ANIL,F,RIO DE JANEIRO,Brasileira,Casada,1974-11-01,RJ,FEMININO,Não,,Enfermeiro,6420.95,Não,Mensalista,51.0,724,0
BRAZ DE PINA,F,RIO DE JANEIRO,BRASILEIRA,Solteira,1975-01-24,RJ,FEMININO,Não,,Agente De Administração / Assi,3551.25,Não,Mensalista,50.0,217,0
PRAÇA SECA,F,RIO DE JANEIRO,Brasileira,Divorciada,1975-03-20,RJ,FEMININO,Não,,Professor Ii,4699.87,Não,Mensalista,50.0,1048,0
PRAÇA SECA,F,RIO DE JANEIRO,BRASILEIRA,Divorciada,1975-03-20,RJ,FEMININO,Não,,Professor Ii,4699.87,Não,Mensalista,50.0,1048,0
OSWALDO CRUZ,F,RIO DE JANEIRO,Brasileira,Casado,1968-08-28,RJ,FEMININO,Não,,Auxiliar De Enfermagem 2° Grau,2304.3,Não,Mensalista,57.0,619,0
CENTRO,F,RIO DE JANEIRO,BRASILEIRA,Divorciada,1972-05-10,RJ,FEMININO,Não,,Agente Educador Ii,1882.13,Não,Mensalista,53.0,268,0
PRAÇA SECA,F,RIO DE JANEIRO,BRASILEIRA,Solteira,1972-05-15,RJ,FEMININO,Não,,Merendeira,2422.25,Não,Mensalista,53.0,812,0
MEIER,F,RIO DE JANEIRO,BRASILEIRA,Divorciada,1972-11-29,RJ,FEMININO,Não,,Prof.Ii,6290.35,Não,Mensalista,53.0,977,1
PENHA CIRCULAR,F,RIO DE JANEIRO,BRASILEIRA,SOLTEIRO,1973-07-29,RJ,FEMININO,Não,,Aux. De Creche,1056.34,Não,Mensalista,52.0,519,0
VILA CALIFORNIA,F,ITAGUAI,BRASILEIRA,Solteira,1978-04-04,RJ,FEMININO,Não,,Professor I - Educação Fisica,9956.88,Não,Mensalista,47.0,1032,1
MARÉ,F,RIO DE JANEIRO,BRASILEIRA,SOLTEIRO,1975-06-04,RJ,FEMININO,Não,,Professor,3269.65,Não,Mensalista,50.0,984,0
PADRE MIGUEL,F,RIO DE JANEIRO,Brasileira,Casado,1976-02-24,RJ,MASCULINO,Não,,Aux De Enfermagem 2ª Grau,4553.19,Não,Mensalista,49.0,471,0
AGOSTINHO PORTO,F,SÃO JOÃO DE MERITI,BRASILEIRA,Solteiro,1984-03-22,RJ,MASCULINO,Não,Risco PLD/FT Baixo,Gari,2726.36,Não,Mensalista,41.0,769,0
COSMOS,F,RIO DE JANEIRO,Brasileira,Casado,1959-07-30,RJ,MASCULINO,Não,,Professor,4076.0,Não,Mensalista,66.0,984,2
CAMPO GRANDE,F,RIO DE JANEIRO,BRASILEIRA,Solteiro,1981-09-22,RJ,MASCULINO,Não,Risco PLD/FT Baixo,Professor Docente I,4277.83,Não,Mensalista,44.0,1012,0
BONSUCESSO,F,RIO DE JANEIRO,Brasileira,Solteiro,1961-10-06,RJ,MASCULINO,Não,,Datilografo/Assistente Ii,4885.6,Não,Mensalista,64.0,696,2
PACIENCIA,F,RIO DE JANEIRO,Brasileira,Solteiro,1962-06-28,RJ,MASCULINO,Não,,Aux De Enfermagem 2º Grau,3758.12,Não,Mensalista,63.0,474,3
TIJUCA,F,RIO DE JANEIRO,BRASILEIRA,Solteiro,1969-04-13,RJ,MASCULINO,Não,,Prof I,6275.86,Não,Mensalista,56.0,895,1
VILA OPERARIA,F,DUQUE DE CAXIAS,BRASILEIRA,Solteiro,1973-11-02,RJ,MASCULINO,Não,,Merendeira,1749.02,Não,Mensalista,52.0,812,0
PACIENCIA,F,RIO DE JANEIRO,Brasileira,Divorciado,1970-11-16,RJ,MASCULINO,Não,,Merendeira,1802.43,Não,Mensalista,55.0,812,0
EDEN,F,SÃO JOÃO DE MERITI,Brasileira,Casado,1959-09-25,RJ,MASCULINO,Não,,Art De Est De Obras De Metal,2202.57,Não,Mensalista,66.0,314,3
CARAMUJO,F,RIO DE JANEIRO,Brasileira,Casado,1987-12-18,RJ,FEMININO,Não,,Auxiliar De Enfermagem,2567.52,Não,Mensalista,38.0,608,0
CENTRO,F,RIO DE JANEIRO,BRASILEIRA,Solteira,1965-07-22,RJ,FEMININO,Não,,Recepcionista,2178.97,Não,Mensalista,60.0,1094,2
TRINDADE,F,SÃO GONÇALO,Brasileira,Casada,1980-05-18,RJ,FEMININO,Não,,Aux De Controle De Endemias,2425.64,Não,Mensalista,45.0,452,0
LEOPOLDINA,F,RIO DE JANEIRO,Brasileira,Divorciado,1973-05-16,RJ,FEMININO,Não,,Enfermeira,3914.44,Não,Mensalista,52.0,720,0
CENTRO,F,RIO DE JANEIRO,BRASILEIRA,Solteira,1967-06-18,RJ,FEMININO,Não,,Agente De Educ. Infantil,4169.26,Não,Mensalista,58.0,231,3
SENADOR CAMARA,F,RIO DE JANEIRO,BRASILEIRA,Viúva,1954-09-06,RJ,FEMININO,Não,,Professor,2855.4,Não,Mensalista,71.0,984,2
CAMPO GRANDE,F,RIO DE JANEIRO,BRASILEIRA,Solteira,1953-04-25,RJ,FEMININO,Não,,Servente,923.58,Não,Mensalista,72.0,1116,2
GAVEA,F,RIO DE JANEIRO,BRASILEIRA,Casada,1960-04-17,RJ,FEMININO,Não,,Agente De Educação Infantil,2873.86,Não,Mensalista,65.0,237,3
SANTA CRUZ,F,RIO DE JANEIRO,Brasileira,Viúvo,1939-08-24,RJ,FEMININO,Não,,Servente,1225.37,Não,Mensalista,86.0,1116,2
BANGU,F,RIO DE JANEIRO,Brasileira,Casado,1950-01-29,RJ,MASCULINO,Não,,Agente De Vigilancia (Qs),2401.18,Não,Mensalista,75.0,260,3
SANTISSIMO,F,RIO DE JANEIRO,Brasileira,União Estável,1963-06-07,RJ,MASCULINO,Não,,Art De Alvenaria E Pintura,3907.97,Não,Mensalista,62.0,304,3
SENADOR CAMARA,F,RIO DE JANEIRO,Brasileira,Casado,1963-12-16,RJ,MASCULINO,Não,,Trabalhador,2991.09,Não,Mensalista,62.0,1202,2
INHAUMA,F,RIO DE JANEIRO,BRASILEIRA,Casado,1962-09-04,RJ,MASCULINO,Não,,Trabalhador,2551.74,Não,Mensalista,63.0,1202,2
MARÉ,F,RIO DE JANEIRO,BRASILEIRA,Casado,1966-09-12,RJ,MASCULINO,Não,Risco PLD/FT Baixo,Assistente Ii,6450.0,Não,Mensalista,59.0,427,3
NOVO MEXICO,F,SAO GONCALO,BRASILEIRA,Casado,1962-09-24,RJ,MASCULINO,Não,,Armazenista (Rioluz),9118.68,Não,Mensalista,63.0,297,3
OSWALDO CRUZ,F,RIO DE JANEIRO,Brasileira,Casado,1958-10-04,RJ,MASCULINO,Não,,Trabalhador,3005.96,Não,Mensalista,67.0,1202,2
BELFORD ROXO,F,RIO DE JANEIRO,Brasileira,Viúvo,1944-05-15,RJ,MASCULINO,Não,,Servente,1109.8,Não,Mensalista,81.0,1116,2
BARRA DO ITABAPOANA,F,SÃO FRANCISCO DE ITABAPOANA,Brasileira,Casado,1952-05-20,RJ,MASCULINO,Não,,Aposentado,4102.05,Não,Mensalista,73.0,295,3
REALENGO,F,RIO DE JANEIRO,Brasileira,Solteiro,1958-08-23,RJ,MASCULINO,Não,,Trabalhador (Sms),2551.78,Não,Mensalista,67.0,1205,2
VILA KOSMOS,F,RIO DE JANEIRO,BRASILEIRA,Casado,1968-12-18,RJ,MASCULINO,Não,Risco PLD/FT Baixo,Guarda Municipal,8073.07,Não,Mensalista,57.0,776,1
SANTA CRUZ,F,RIO DE JANEIRO,Brasileira,Casado,1957-05-25,RJ,MASCULINO,Não,,Art.De Alvenaria,3286.92,Não,Mensalista,68.0,376,3
VALE DOS REIS,F,ITATIAIA,BRASILEIRA,Casado,1983-03-26,RJ,MASCULINO,Não,Risco PLD/FT Baixo,1º Sargento Pm,13379.81,Não,Mensalista,42.0,3,1
BANGU,F,RIO DE JANEIRO,Brasileira,Viúvo,1953-05-30,RJ,MASCULINO,Não,,Trabalhador(Sms),1394.89,Não,Mensalista,72.0,1210,2
ENGENHO NOVO,F,RIO DE JANEIRO,BRASILEIRA,Separado judicialmente,1948-08-30,RJ,MASCULINO,Não,,Contador Da Controladoria,8494.59,Não,Mensalista,77.0,672,1
JACAREPAGUA,F,RIO DE JANEIRO,BRASILEIRA,Casada,1949-03-17,RJ,FEMININO,Não,,Professor Ii,10716.29,Não,Mensalista,76.0,1048,1
JACAREPAGUA,F,RIO DE JANEIRO,BRASILEIRA,Casada,1949-03-17,RJ,FEMININO,Não,,Professor Ii,1755.19,Não,Mensalista,76.0,1048,2
ENGENHO NOVO,F,RIO DE JANEIRO,BRASILEIRA,Solteira,1956-10-31,RJ,FEMININO,Não,,Merendeira,1846.95,Não,Mensalista,69.0,812,2
KM 32,F,NOVA IGUACU,BRASILEIRA,Casado,1976-10-30,RJ,MASCULINO,Não,,Guarda Municipal,4733.5,Não,Mensalista,49.0,776,0
ANIL,F,RIO DE JANEIRO,BRASILEIRA,Solteiro,1991-09-19,RJ,MASCULINO,Não,Risco PLD/FT Baixo,Capitão Bm,17535.58,Não,Mensalista,34.0,661,1
CENTRO,F,TRÊS RIOS,BRASILEIRA,Solteiro,1981-12-19,RJ,MASCULINO,Não,Risco PLD/FT Baixo,2º Sargento Pm,12141.34,Não,Mensalista,44.0,8,1
BOQUEIRAO,F,SAQUAREMA,BRASILEIRA,Solteira,2005-11-28,RJ,MASCULINO,Não,Risco PLD/FT Baixo,Pensionista,7737.18,Não,,20.0,863,0
PARQUE SAO VICENTE,F,BELFORD ROXO,BRASILEIRA,Casado,1987-03-06,RJ,MASCULINO,Não,,Prof. De Ensino Fundamental,9644.2,Não,Mensalista,38.0,953,1
LINHARES,F,JUIZ DE FORA,BRASILEIRA,Solteiro,1989-08-24,MG,MASCULINO,Não,Risco PLD/FT Baixo,Investigador Policial,11331.99,Não,Mensalista,36.0,796,1
NEVES,F,SAO GONCALO,Brasileira,Não informado,1939-07-31,RJ,FEMININO,Não,,Aux. De Enfermagem,5922.78,Não,Mensalista,86.0,525,3
CAMPO GRANDE,F,RIO DE JANEIRO,BRASILEIRA,Casada,1977-05-19,RJ,FEMININO,Não,,Agente De Educação Infantil,3645.86,Não,Mensalista,48.0,237,0
VILA ISABEL,F,RIO DE JANEIRO,BRASILEIRA,Solteira,1971-12-30,RJ,FEMININO,Não,,Professor De Ensino Fundamenta,7586.64,Não,Mensalista,54.0,1001,1
CAMPO GRANDE,F,RIO DE JANEIRO,BRASILEIRA,Casado,1970-08-19,RJ,MASCULINO,Não,Risco PLD/FT Baixo,Professor De Ensino Fundamenta,10073.19,Não,Mensalista,55.0,1001,1
CENTRO,F,NILOPOLIS,Brasileira,Casada,1978-08-17,RJ,FEMININO,Não,,Prof Ii,873.9,Não,Mensalista,47.0,930,0
RIO DO OURO,F,SAO GONCALO,Brasileira,Solteiro,1963-06-24,RJ,MASCULINO,Não,,Trabalhador/Chefe,3032.78,Não,Mensalista,62.0,1216,2
ENGENHO DE DENTRO,F,RIO DE JANEIRO,BRASILEIRA,Casada,1965-05-15,RJ,FEMININO,Não,,Professor Ii,6959.45,Não,Mensalista,60.0,1048,1
ENGENHO DE DENTRO,F,RIO DE JANEIRO,BRASILEIRA,Casada,1965-05-15,RJ,FEMININO,Não,,Professor Ii,8213.24,Não,Mensalista,60.0,1048,1
RIO COMPRIDO,F,RIO DE JANEIRO,Brasileira,Solteira,1963-04-12,RJ,FEMININO,Não,,Datilografo,5964.13,Não,Mensalista,62.0,690,2
LARANJEIRAS,F,RIO DE JANEIRO,BRASILEIRA,Solteira,1984-01-04,RJ,FEMININO,Não,,Professor Ii,11093.64,Não,Mensalista,41.0,1048,1
LARANJEIRAS,F,RIO DE JANEIRO,BRASILEIRA,Solteira,1984-01-04,RJ,FEMININO,Não,,Professor Ii,11093.64,Não,Mensalista,41.0,1048,1
VILA HUMAITÁ,F,MESQUITA,Brasileira,Casado,1951-01-30,RJ,MASCULINO,Não,,Art De Instalação Hidraulica(S,2460.94,Não,Mensalista,74.0,319,3
CAMPO GRANDE,F,RIO DE JANEIRO,Brasileiro,Casado,1964-02-05,RJ,MASCULINO,Não,,Art De Jardim E Arboricultura,2058.54,Não,Mensalista,61.0,321,3
CAMPO GRANDE,F,RIO DE JANEIRO,Brasileira,Desquitado,1942-07-01,RJ,MASCULINO,Não,,Sb.Oficial Marinha Do Brasil,8512.28,Não,Mensalista,83.0,1106,2
CAIOABA,F,NOVA IGUACU,Brasileira,Casado,1963-03-28,RJ,MASCULINO,Não,,Militar Ativo,2397.06,Não,Mensalista,62.0,823,2
BANGU,F,RIO DE JANEIRO,Brasileira,Solteiro,1945-10-02,RJ,FEMININO,Não,,Prof Ii,3097.1,Não,Mensalista,80.0,930,2
SENADOR CAMARA,F,RIO DE JANEIRO,Brasileira,Casado,1961-04-08,RJ,FEMININO,Não,,Prof Ii,4557.94,Não,Mensalista,64.0,930,2
CAMPO GRANDE,F,RIO DE JANEIRO,Brasileira,Solteira,1965-10-23,RJ,FEMININO,Não,,Professor,2019.21,Não,Mensalista,60.0,984,2
PADRE MIGUEL,F,RIO DE JANEIRO,BRASILEIRA,Casado,1949-11-29,RJ,FEMININO,Não,,Roupeiro,1572.23,Não,Mensalista,76.0,1099,2
BANGU,F,RIO DE JANEIRO,BRASILEIRA,Casada,1971-03-06,RJ,FEMININO,Não,,Ag. De Educação Infantil,2931.11,Não,Mensalista,54.0,129,3
BANGU,F,RIO DE JANEIRO,Brasileira,Casado,1954-08-21,RJ,MASCULINO,Não,,Trabalhador,1810.5,Não,Mensalista,71.0,1202,2
GRAJAU,F,RIO DE JANEIRO,Brasileira,Casado,1943-01-21,RJ,MASCULINO,Não,,Ass. Administrativo,2854.58,Não,Mensalista,82.0,400,3
JARDIM AMERICA,F,RIO DE JANEIRO,BRASILEIRA,Divorciada,1965-09-19,RJ,FEMININO,Não,,Aux. De Enfermagem,3151.37,Não,Mensalista,60.0,525,3
FONSECA,F,NITEROI,BRASILEIRA,Solteira,1963-08-12,RJ,FEMININO,Não,Risco PLD/FT Baixo,1º Tenente Bm,15057.45,Não,Mensalista,62.0,4,1
PACIENCIA,F,RIO DE JANEIRO,BRASILEIRA,Casada,1971-05-06,RJ,FEMININO,Não,,Aux De Enfermagem 1º Grau,2276.46,Não,Mensalista,54.0,468,0
MARECHAL HERMES,F,RIO DE JANEIRO,BRASILEIRA,Divorciada,1951-05-28,RJ,FEMININO,Não,,Professor Ii,4829.34,Não,Mensalista,74.0,1048,2
LINS DE VASCONCELOS,F,RIO DE JANEIRO,Brasileira,Solteiro,1958-04-20,RJ,FEMININO,Não,,Ag. Comunitario Nivel I,2294.12,Não,Mensalista,67.0,97,3
ENGENHO NOVO,F,RIO DE JANEIRO,BRASILEIRA,Viúvo,1960-03-21,RJ,FEMININO,Não,,Servente,848.51,Não,Mensalista,65.0,1116,2
MADUREIRA,F,RIO DE JANEIRO,BRASILEIRA,Viúva,1959-11-03,RJ,FEMININO,Não,,Aux. De Enfermagem - 2º Grau,3200.51,Não,Mensalista,66.0,532,3
VILA LAGE,F,SAO GONCALO,BRASILEIRA,Solteiro,1998-10-07,RJ,FEMININO,Não,Risco PLD/FT Baixo,Secretario Ii,4173.2,Não,Mensalista,27.0,1114,0
PADRE MIGUEL,F,RIO DE JANEIRO,BRASILEIRA,Casada,1972-06-10,RJ,FEMININO,Não,,Atendente De Consultorio Denta,2473.24,Não,Mensalista,53.0,445,0
RECREIO DOS BANDEIRANTES,F,RIO DE JANEIRO,BRASILEIRA,Solteiro,1985-12-03,RJ,MASCULINO,Não,Risco PLD/FT Baixo,Soldado Pm,5938.57,Não,Mensalista,40.0,1130,0
SALGUEIRO,F,SÃO GONÇALO,BRASILEIRA,Solteira,1958-09-13,RJ,FEMININO,Não,,Servente,1893.09,Não,Mensalista,67.0,1116,2
CACHAMBI,F,RIO DE JANEIRO,Brasileira,Casado,1954-05-18,RJ,FEMININO,Não,,Servente,1437.82,Não,Mensalista,71.0,1116,2
SANTA CRUZ,F,RIO DE JANEIRO,Brasileira,Casado,1949-07-08,RJ,MASCULINO,Não,,Trabalhador,3603.45,Não,Mensalista,76.0,1202,2
CAVALCANTE,F,RIO DE JANEIRO,Brasileira,Casado,1949-08-12,RJ,MASCULINO,Não,,Servente,1333.5,Não,Mensalista,76.0,1116,2
GUARATIBA,F,RIO DE JANEIRO,BRASILEIRA,Casado,1959-06-27,RJ,MASCULINO,Não,,Auxiliar De Enfermagem,3059.36,Não,Mensalista,66.0,608,3
EDEN,F,SÃO JOÃO DE MERITI,BRASILEIRA,Solteira,1967-10-13,RJ,FEMININO,Não,,Merendeira,1476.31,Não,Mensalista,58.0,812,0
MARECHAL HERMES,F,RIO DE JANEIRO,Brasileira,Viúva,1951-05-20,RJ,FEMININO,Não,,Aposentada,1311.09,Não,Mensalista,74.0,294,3
MIGUEL COUTO,F,NOVA IGUAÇU,BRASILEIRA,Solteiro,1963-06-12,RJ,MASCULINO,Não,,Guarda Municipal,4750.85,Não,Mensalista,62.0,776,2
CAMPO GRANDE,F,RIO DE JANEIRO,Brasileira,Solteiro,1960-08-08,RJ,FEMININO,Não,,Aux. Op. Serv. Div.,3338.56,Não,Mensalista,65.0,568,3
PQ VALDARIOSA,F,QUEIMADOS,BRASILEIRA,Solteira,1979-09-12,RJ,FEMININO,Não,,Prof. De Ensino Fundamental,7838.01,Não,Mensalista,46.0,953,1
BANGU,F,RIO DE JANEIRO,Brasileira,Casado,1960-02-26,RJ,MASCULINO,Não,,Agente De Documentaçao Medica,3532.76,Não,Mensalista,65.0,226,3
ENGENHO DE DENTRO,F,RIO DE JANEIRO,BRASILEIRA,Solteiro,1970-06-03,RJ,MASCULINO,Não,,Aux. Controle De Endemias,2286.1,Não,Mensalista,55.0,516,0
IRAJA,F,RIO DE JANEIRO,BRASILEIRA,Casado,1956-03-20,RJ,MASCULINO,Não,,Servente,2608.02,Não,Mensalista,69.0,1116,2
SACO,F,MAGE,Brasileira,Casado,1955-06-23,RJ,MASCULINO,Não,,Trabalhador,2840.13,Não,Mensalista,70.0,1202,2
ANA CLARA,F,RIO DE JANEIRO,Brasileira,Viúvo,1952-07-28,RJ,FEMININO,Não,,Merendeira,1641.34,Não,Mensalista,73.0,812,2
SANTA CRUZ,F,RIO DE JANEIRO,Brasileira,Divorciado,1959-04-06,RJ,MASCULINO,Não,,Trabalhador,2332.7,Não,Mensalista,66.0,1202,2
OLINDA,F,NILOPOLIS,Brasileira,Divorciado,1959-05-10,RJ,MASCULINO,Não,,Aux De Enfermagem,4964.0,Não,Mensalista,66.0,459,3
ALTO DA BOA VISTA,F,RIO DE JANEIRO,Brasileira,Solteiro,1962-11-13,RJ,MASCULINO,Não,,Trabalhador,2644.22,Não,Mensalista,63.0,1202,2
PILAR,F,DUQUE DE CAXIAS,Brasileira,Casado,1953-01-12,RJ,MASCULINO,Não,,Aux De Enfermagem 2º Grau,4136.62,Não,Mensalista,72.0,474,3
BANGU,F,RIO DE JANEIRO,Brasileira,Solteiro,1951-02-02,RJ,MASCULINO,Não,,Trabalhador,3607.92,Não,Mensalista,74.0,1202,2
GUARATIBA,F,RIO DE JANEIRO,BRASILEIRA,Divorciado,1965-07-19,RJ,MASCULINO,Não,,Prof I - Matematica,11982.88,Não,Mensalista,60.0,910,1
GUARATIBA,F,RIO DE JANEIRO,BRASILEIRA,Divorciado,1965-07-19,RJ,MASCULINO,Não,,Professor De Ensino Fundamenta,11982.88,Não,Mensalista,60.0,1001,1
SEPETIBA,F,RIO DE JANEIRO,BRASILEIRA,Casado,1967-09-27,RJ,MASCULINO,Não,,Trabalhador,3396.57,Não,Mensalista,58.0,1202,2
BANGU,F,RIO DE JANEIRO,Brasileira,Divorciada,1982-02-04,RJ,FEMININO,Não,,Professor Ii,8037.0,Não,Mensalista,43.0,1048,1
BANGU,F,RIO DE JANEIRO,Brasileira,Solteiro,1953-01-24,RJ,FEMININO,Não,,Agente De Portaria,1280.34,Não,Mensalista,72.0,243,3
INHAUMA,F,RIO DE JANEIRO,Brasileira,Solteira,1955-02-25,RJ,FEMININO,Não,,Servente,1080.69,Não,Mensalista,70.0,1116,2
QUINTINO BOCAIUVA,F,RIO DE JANEIRO,Brasileira,Solteira,1959-02-28,RJ,FEMININO,Não,,Aux De Enf. 2º Grau / Chefe Ii,3851.56,Não,Mensalista,66.0,457,3
JACAREPAGUA,F,RIO DE JANEIRO,BRASILEIRA,Casada,1951-08-08,RJ,FEMININO,Não,,Professor Ii,4707.43,Não,Mensalista,74.0,1048,2
ITAIPU,F,NITERÓI,Brasileira,Viúva,1948-02-01,RJ,FEMININO,Não,,Psicologo/Gerente Ii,9716.37,Não,Mensalista,77.0,1092,1
SAMPAIO,F,RIO DE JANEIRO,BRASILEIRA,Solteira,1953-06-05,RJ,FEMININO,Não,,Aux De Enfermagem - 2ª Grau,3184.01,Não,Mensalista,72.0,462,3
LARANJAL,F,SÃO GONÇALO,BRASILEIRA,Casado,1973-10-03,RJ,MASCULINO,Não,,"Aux, De Controle De Endemias",2503.03,Não,Mensalista,52.0,513,0
TODOS OS SANTOS,F,RIO DE JANEIRO,Brasileira,Separada judicialmente,1949-01-29,RJ,FEMININO,Não,,Prof Ii,4459.34,Não,Mensalista,76.0,930,2
TODOS OS SANTOS,F,RIO DE JANEIRO,BRASILEIRA,Separado judicialmente,1949-01-29,RJ,FEMININO,Não,,Professor Aposentada,4459.34,Não,Mensalista,76.0,994,2
PAVUNA,F,RIO DE JANEIRO,Brasileira,Divorciada,1958-07-19,RJ,MASCULINO,Não,,Servente,1946.56,Não,Mensalista,67.0,1116,2
VILA VITORIO,F,CURITIBA,Brasileira,Solteiro,1963-04-08,PR,MASCULINO,Não,,Aux De Enfermagem,2985.26,Não,Mensalista,62.0,459,3
CENTRO,F,MAGE,BRASILEIRA,Solteiro,1961-07-06,RJ,MASCULINO,Não,,Aux. De Enfermagem 2º Grau,3842.42,Não,Mensalista,64.0,539,3
SANTA CRUZ,F,RIO DE JANEIRO,Brasileira,Divorciado,1955-03-29,RJ,MASCULINO,Não,,Trabalhador,1667.96,Não,Mensalista,70.0,1202,2
CORDOVIL,F,RIO DE JANEIRO,BRASILEIRA,Casada,1971-09-04,RJ,FEMININO,Não,,Agente De Administração,2114.68,Não,Mensalista,54.0,216,3
SANTA CANDIDA,F,ITAGUAI,BRASILEIRA,Divorciada,1964-08-26,RJ,FEMININO,Não,,Aux De Enfermagem,2349.93,Não,Mensalista,61.0,459,3
JARDIM MERITI,F,SÃO JOÃO DE MERITI,Brasileira,Divorciada,1967-11-24,RJ,FEMININO,Não,,Aux De Enfermagem 2º Grau,3949.59,Não,Mensalista,58.0,474,3
RIO COMPRIDO,F,RIO DE JANEIRO,BRASILEIRA,Divorciada,1963-06-07,RJ,FEMININO,Não,Risco PLD/FT Baixo,Professor Ii,6211.31,Não,Mensalista,62.0,1048,2
SANTA CRUZ,F,RIO DE JANEIRO,Brasileira,Solteiro,1963-11-15,RJ,MASCULINO,Não,,Trabalhador,3869.41,Não,Mensalista,62.0,1202,2
CAMPO GRANDE,F,RIO DE JANEIRO,Brasileira,Solteiro,1961-10-13,RJ,MASCULINO,Não,,Trabalhador,2242.94,Não,Mensalista,64.0,1202,2
SANTA CRUZ,F,RIO DE JANEIRO,BRASILEIRA,Casado,1982-05-30,RJ,MASCULINO,Não,Risco PLD/FT Baixo,Professor De Ensino Fundamenta,7302.46,Não,Mensalista,43.0,1001,1
POSSE,F,NOVA IGUACU,Brasileira,Casado,1947-10-29,RJ,MASCULINO,Não,,Art De Eletricidade,2698.88,Não,Mensalista,78.0,313,3
CENTRO,F,BELFORD ROXO,Brasileira,Viúvo,1951-10-23,RJ,MASCULINO,Não,,Trabalhador,2991.91,Não,Mensalista,74.0,1202,2
SENADOR CAMARA,F,RIO DE JANEIRO,BRASILEIRA,Casado,1973-12-08,RJ,MASCULINO,Não,Risco PLD/FT Baixo,Guarda Municipal,5961.31,Não,Mensalista,52.0,776,0
SANTA CRUZ,F,RIO DE JANEIRO,BRASILEIRA,Casado,1965-05-18,RJ,MASCULINO,Não,,Trabalhador,3359.55,Não,Mensalista,60.0,1202,2
BELFORD ROXO,F,RIO DE JANEIRO,Brasileira,Solteiro,1980-09-12,RJ,MASCULINO,Não,,Agente De Portaria,1500.34,Não,Mensalista,45.0,243,0
CAMPO GRANDE,F,RIO DE JANEIRO,BRASILEIRA,Divorciada,1971-03-16,RJ,FEMININO,Não,,Aux De Enfermagem 2º Grau,2837.19,Não,Mensalista,54.0,474,0
TOMAS COELHO,F,RIO DE JANEIRO,Brasileira,Casado,1965-09-16,RJ,FEMININO,Não,,Merendeira,1071.2,Não,Mensalista,60.0,812,2
EDSON PASSOS,F,MESQUITA,BRASILEIRA,Divorciada,1971-12-14,RJ,FEMININO,Não,,Tecnico De Laboratorio,7434.54,Não,Mensalista,54.0,1176,1
EDSON PASSOS,F,MESQUITA,BRASILEIRA,Divorciada,1971-12-14,RJ,FEMININO,Não,,Tecnico De Laboratório,8148.68,Não,Mensalista,54.0,1179,1
CAMPO GRANDE,F,RIO DE JANEIRO,BRASILEIRA,Solteira,1966-08-21,RJ,FEMININO,Não,,Professor Ii,9876.64,Não,Mensalista,59.0,1048,1
ENGENHO DE DENTRO,F,RIO DE JANEIRO,BRASILEIRA,Divorciada,1976-10-17,RJ,FEMININO,Não,,Aux De Enfermagem 2º Grau,1226.96,Não,Mensalista,49.0,474,0
CIDADE DE DEUS,F,RIO DE JANEIRO,BRASILEIRA,Solteira,1980-10-06,RJ,FEMININO,Não,,Aposentada,3756.09,Não,Mensalista,45.0,294,0
CIDADE DE DEUS,F,RIO DE JANEIRO,Brasileira,Solteira,1980-10-06,RJ,FEMININO,Não,,Aposentada,3756.09,Não,Mensalista,45.0,294,0
CAMPO GRANDE,F,RIO DE JANEIRO,BRASILEIRA,Solteira,1975-05-14,RJ,FEMININO,Não,Risco PLD/FT Baixo,Guarda Municpal,8476.53,Não,Mensalista,50.0,777,1
PIEDADE,F,RIO DE JANEIRO,BRASILEIRA,Solteira,1979-10-11,RJ,FEMININO,Não,,Ag. De Administração/Assistent,2538.62,Não,Mensalista,46.0,111,0
COPACABANA,F,RIO DE JANEIRO,Brasileira,Solteiro,1966-04-06,RJ,FEMININO,Não,,Prof Ii,7859.24,Não,Mensalista,59.0,930,1
ENGENHO DE DENTRO,F,RIO DE JANEIRO,BRASILEIRA,Solteira,1980-07-30,RJ,FEMININO,Não,,Professor Ii,9425.12,Não,Mensalista,45.0,1048,1
ENGENHO DE DENTRO,F,RIO DE JANEIRO,BRASILEIRA,Solteira,1980-07-30,RJ,FEMININO,Não,,Professor Ii,7273.35,Não,Mensalista,45.0,1048,1
TAQUARA,F,RIO DE JANEIRO,Brasileira,Casada,1967-05-25,RJ,FEMININO,Não,,Aposentada,5669.14,Não,Mensalista,58.0,294,3
TAQUARA,F,RIO DE JANEIRO,BRASILEIRA,Casada,1967-05-25,RJ,FEMININO,Não,,Professor Ii,5247.56,Não,Mensalista,58.0,1048,2
MADUREIRA,F,RIO DE JANEIRO,Brasileira,Viúvo,1963-06-02,RJ,FEMININO,Não,,Prof Ii,8011.1,Não,Mensalista,62.0,930,1
ARSENAL,F,SAO GONCALO,BRASILEIRA,Casada,1976-11-24,RJ,FEMININO,Não,,Aux De Enfermagem 2º Grau,2351.92,Não,Mensalista,49.0,474,0
PADRE MIGUEL,F,RIO DE JANEIRO,BRASILEIRA,Divorciada,1981-02-07,RJ,FEMININO,Não,,Ag. De Educação Infantil,5068.22,Não,Mensalista,44.0,129,0
ITAIPUACU,F,MARICA,Brasileira,Casada,1966-03-14,RJ,FEMININO,Não,,Aux De Enfermagem 2º Grau,3902.39,Não,Mensalista,59.0,474,3
IRAJA,F,RIO DE JANEIRO,BRASILEIRA,Casada,1986-01-06,RJ,FEMININO,Não,Risco PLD/FT Baixo,Agente De Aducação Infantil,4013.37,Não,Mensalista,39.0,222,0
VILA ISABEL,F,RIO DE JANEIRO,BRASILEIRA,Casada,1977-07-30,RJ,FEMININO,Não,,Professor Ii,14691.46,Não,Mensalista,48.0,1048,1
INHOAIBA,F,RIO DE JANEIRO,BRASILEIRA,Solteira,1989-09-09,RJ,FEMININO,Não,,Tecnico De Enfermagem,3163.47,Não,Mensalista,36.0,1172,0
BENFICA,F,RIO DE JANEIRO,BRASILEIRA,Divorciada,1975-04-02,RJ,FEMININO,Não,,Ag. Auxiliar De Creche,2496.47,Não,Mensalista,50.0,89,0
SÃO JORGE,F,JAPERI,BRASILEIRA,Solteira,1972-01-14,RJ,FEMININO,Não,,Professor Ii,4961.79,Não,Mensalista,53.0,1048,0
JAPERI,F,JAPERI,Brasileira,Solteiro,1972-01-14,RJ,FEMININO,Não,,Prof Ii,8358.9,Não,Mensalista,53.0,930,1
SANTISSIMO,F,RIO DE JANEIRO,Brasileira,Solteira,1981-03-06,RJ,FEMININO,Não,,Aux De Enfermagem 2º Grau,3146.64,Não,Mensalista,44.0,474,0
BRAZ DE PINA,F,RIO DE JANEIRO,BRASILEIRA,Casada,1992-07-02,RJ,FEMININO,Não,Risco PLD/FT Baixo,Professor Docente I - 18 Horas,3735.92,Não,Mensalista,33.0,1014,0
JARDIM OLAVO BILAC,F,DUQUE DE CAXIAS,BRASILEIRA,Casada,1990-03-16,RJ,FEMININO,Não,,Agente De Educação Infantil,2543.12,Não,Mensalista,35.0,237,0
PACIENCIA,F,RIO DE JANEIRO,BRASILEIRA,Casada,1980-10-06,RJ,FEMININO,Não,,Agente De Educação Infantil,3572.78,Não,Mensalista,45.0,237,0
COMENDADOR SOARES,F,NOVA IGUACU,Brasileira,Casada,1979-07-21,RJ,FEMININO,Não,,Merendeira,1007.06,Não,Mensalista,46.0,812,0
SEPETIBA,F,RIO DE JANEIRO,Brasileira,Solteira,1955-08-07,RJ,FEMININO,Não,,Datilografa,5923.47,Não,Mensalista,70.0,689,2
CORDOVIL,F,RIO DE JANEIRO,Brasileira,Solteira,1957-06-03,RJ,FEMININO,Não,,Ag De Administração,5872.41,Não,Mensalista,68.0,40,3
LEOPOLDINA,F,RIO DE JANEIRO,Brasileira,Casado,1962-11-29,RJ,FEMININO,Não,,Datilografof/Assistente,4449.4,Não,Mensalista,63.0,700,2
JACARÉ,F,RIO DE JANEIRO,BRASILEIRA,Casado,1977-07-09,RJ,FEMININO,Não,,Aux.Creche,1145.25,Não,Mensalista,48.0,580,0
ENGENHO DA RAINHA,F,RIO DE JANEIRO,Brasileira,Solteira,1968-08-02,RJ,FEMININO,Não,,Enfermeira/Chefe Ii,5793.0,Não,Mensalista,57.0,723,0
MEIER,F,RIO DE JANEIRO,Brasileira,Solteiro,1968-09-17,RJ,FEMININO,Não,,Professor,1199.63,Não,Mensalista,57.0,984,2
BANGU,F,RIO DE JANEIRO,BRASILEIRA,Solteira,1980-01-03,RJ,FEMININO,Não,,Merendeira,1179.34,Não,Mensalista,45.0,812,0
CAMPO GRANDE,F,RIO DE JANEIRO,BRASILEIRA,Separada judicialmente,1966-06-25,RJ,FEMININO,Não,,Prof I- Educação Fisica,9179.31,Não,Mensalista,59.0,926,1
BANGU,F,RIO DE JANEIRO,Brasileira,Casado,1957-06-30,RJ,FEMININO,Não,,Prof. I Geografia,4839.24,Não,Mensalista,68.0,965,2
CENTRO,F,SAO GONCALO,Brasileira,Solteiro,1976-11-21,RJ,MASCULINO,Não,,Militar Ativo,2149.6,Não,Mensalista,49.0,823,0
VISTA ALEGRE,F,QUEIMADOS,BRASILEIRA,Casada,1988-04-21,RJ,FEMININO,Não,,Ag. De Educação Infantil,3043.24,Não,Mensalista,37.0,129,0
CACHAMBI,F,RIO DE JANEIRO,Brasileira,Casado,1956-08-08,RJ,FEMININO,Não,,Aux. De Serv. De Saude,1967.4,Não,Mensalista,69.0,556,3
FLAMENGO,F,RIO DE JANEIRO,Brasileira,Solteira,1956-02-03,RJ,FEMININO,Não,,Ag. Administrativo,4953.26,Não,Mensalista,69.0,77,3
PARQUE TURF,F,CAMPOS DE GOYTACAZES,BRASILEIRO,Divorciado,1979-03-14,RJ,MASCULINO,Não,Risco PLD/FT Baixo,Subtenente Pm,14498.49,Não,Mensalista,46.0,1136,1
ENGENHO DE DENTRO,F,RIO DE JANEIRO,BRASILEIRA,Casada,1937-01-09,RJ,FEMININO,Não,,Aposentada,4676.45,Não,Mensalista,88.0,294,3
ENGENHO DE DENTRO,F,RIO DE JANEIRO,BRASILEIRA,Casada,1937-01-09,RJ,FEMININO,Não,,Professor Ii,3985.89,Não,Mensalista,88.0,1048,2
CAMPO GRANDE,F,RIO DE JANEIRO,BRASILEIRA,Solteira,1975-11-03,RJ,FEMININO,Não,,Auxiliar De Enfermagem,4773.36,Não,Mensalista,50.0,608,0
CAMPO GRANDE,F,RIO DE JANEIRO,BRASILEIRA,Solteira,1975-11-03,RJ,FEMININO,Não,,Auxiliar De Enfermagem,4777.36,Não,Mensalista,50.0,608,0
ROCHA,F,RIO DE JANEIRO,BRASILEIRA,Solteira,1958-08-14,RJ,FEMININO,Não,Risco PLD/FT Baixo,Técnico Universitário Ii,11379.02,Não,Mensalista,67.0,1235,1
CAMPO GRANDE,F,RIO DE JANEIRO,Brasileira,Casado,1964-08-14,RJ,FEMININO,Não,,Servente,1646.68,Não,Mensalista,61.0,1116,2
CAJÚ,F,RIO DE JANEIRO,BRASILEIRA,Solteira,1969-08-15,RJ,FEMININO,Não,,Agente Auxiliar De Creche,1104.51,Não,Mensalista,56.0,195,3
CENTRO,F,NILOPOLIS,BRASILEIRA,Solteira,1955-08-14,RJ,FEMININO,Não,,Aux De Enfermagem 2º Grau,4316.75,Não,Mensalista,70.0,474,3
JARDIM OLAVO BILAC,F,DUQUE DE CAXIAS,Brasileira,Solteira,1955-08-21,RJ,FEMININO,Não,,Ag Comunitario Nivel I (Qs),1992.08,Não,Mensalista,70.0,34,3
RAMOS,F,RIO DE JANEIRO,Brasileira,Solteira,1964-04-03,RJ,FEMININO,Não,,Merendeira,983.7,Não,Mensalista,61.0,812,2
INHAUMA,F,RIO DE JANEIRO,Brasileira,Divorciada,1960-08-07,RJ,FEMININO,Não,,Servente,8175.35,Não,Mensalista,65.0,1116,1
BENTO RIBEIRO,F,RIO DE JANEIRO,BRASILEIRA,Casada,1966-01-28,RJ,FEMININO,Não,,Agente De Educaçao Infantil,2866.67,Não,Mensalista,59.0,235,3
VILA ISABEL,F,RIO DE JANEIRO,BRASILEIRA,Divorciada,1960-08-15,RJ,FEMININO,Não,,Professor Ii Coordenador Pedag,2462.62,Não,Mensalista,65.0,1054,2
REALENGO,F,RIO DE JANEIRO,Brasileira,Casado,1956-04-03,RJ,FEMININO,Não,,Prof Ii Lic Plena,5474.0,Não,Mensalista,69.0,936,2
INHAUMA,F,RIO DE JANEIRO,Brasileira,Casado,1945-12-16,RJ,FEMININO,Não,,Prof I,4617.18,Não,Mensalista,80.0,895,2
ANCHIETA,F,RIO DE JANEIRO,BRASILEIRA,Solteira,1955-08-14,RJ,FEMININO,Não,,Aposentada,1896.94,Não,Mensalista,70.0,294,3
CAMPO GRANDE,F,RIO DE JANEIRO,BRASILEIRA,Casado,1955-08-15,RJ,FEMININO,Não,,Prof I Matematica,2394.56,Não,Mensalista,70.0,925,2
CAMPO GRANDE,F,RIO DE JANEIRO,BRASILEIRA,Casado,1955-08-15,RJ,FEMININO,Não,,Professor/ Aposentado,3211.16,Não,Mensalista,70.0,1068,2
ICARAI - NITERÓI,F,NITEROI,Brasileira,Divorciada,1958-01-20,RJ,FEMININO,Não,,Aux. De Serviços De Saude,2520.55,Não,Mensalista,67.0,560,3
BANGU,F,RIO DE JANEIRO,Brasileira,Casado,1962-03-17,RJ,FEMININO,Não,,Professora Ii,7899.62,Não,Mensalista,63.0,1074,1
BENFICA,F,RIO DE JANEIRO,Brasileira,Casado,1960-11-24,RJ,FEMININO,Não,,Aux De Enfermagem,2260.5,Não,Mensalista,65.0,459,3
RECREIO DOS BANDEIRANTES,F,RIO DE JANEIRO,BRASILEIRA,Casada,1967-06-28,RJ,FEMININO,Não,,Professor Ii,6139.51,Não,Mensalista,58.0,1048,1
JARDIM AMERICA,F,RIO DE JANEIRO,BRASILEIRA,Solteira,1961-01-23,RJ,FEMININO,Não,,Merendeira,1002.68,Não,Mensalista,64.0,812,2
PADRE MIGUEL,F,RIO DE JANEIRO,Brasileira,Casada,1961-02-17,RJ,FEMININO,Não,,Agente De Portaria(Sms),3311.65,Não,Mensalista,64.0,248,3
GRADIM,F,SÃO GONÇALO,BRASILEIRA,Casado,1964-10-22,RJ,FEMININO,Não,,Ag.Creche,798.71,Não,Mensalista,61.0,159,3
BRAZ DE PINA,F,RIO DE JANEIRO,Brasileira,Solteiro,1956-12-31,RJ,FEMININO,Não,,Servente,2019.04,Não,Mensalista,69.0,1116,2
REDENÇÃO,F,NOVA IGUAÇU,Brasileira,Casada,1972-09-05,RJ,FEMININO,Não,,Aux De Enfermagem 2º Grau,1051.02,Não,Mensalista,53.0,474,0
PADRE MIGUEL,F,RIO DE JANEIRO,Brasileira,Casado,1940-11-19,RJ,MASCULINO,Não,,Agente De Saude Publica,1556.27,Não,Mensalista,85.0,253,3
BANGU,F,RIO DE JANEIRO,Brasileira,Casado,1964-12-19,RJ,FEMININO,Não,,Servente,1371.24,Não,Mensalista,61.0,1116,2
INHOAIBA,F,RIO DE JANEIRO,Brasileiro,Casado,1942-03-17,RJ,MASCULINO,Não,,Art De Mecanica,5145.92,Não,Mensalista,83.0,323,3
CAVALCANTE,F,RIO DE JANEIRO,BRASILEIRA,Casada,1976-04-30,RJ,FEMININO,Não,,Auxiliar De Enfermagem,2823.82,Não,Mensalista,49.0,608,0
ANA CLARA,F,RIO DE JANEIRO,Brasileira,Casado,1962-07-06,RJ,MASCULINO,Não,,Aux. De Enfermagem,3708.3,Não,Mensalista,63.0,525,3
ALTO DA BOA VISTA,F,RIO DE JANEIRO,BRASILEIRA,Solteiro,1984-01-24,RJ,MASCULINO,Não,Risco PLD/FT Baixo,Agente De Educação Infantil,4195.41,Não,,41.0,237,0
PARQUE VICENTE GONÇALVES DIAS,F,CAMPOS DE GOYTACAZES,BRASILEIRA,Solteiro,1984-03-05,RJ,MASCULINO,Não,Risco PLD/FT Baixo,Professor Docente I - 18 Horas,2712.11,Não,Mensalista,41.0,1014,0
BENFICA,F,RIO DE JANEIRO,Brasileira,Solteiro,1952-11-27,RJ,MASCULINO,Não,,Servente,2254.7,Não,Mensalista,73.0,1116,2
JARDIM BOTANICO,F,RIO DE JANEIRO,Brasileira,Solteiro,1950-11-29,RJ,MASCULINO,Não,,Desenhista,1993.87,Não,Mensalista,75.0,702,2
PARQUE ROSARIO,F,NOVA IGUAÇU,BRASILEIRA,Solteiro,1990-10-12,RJ,MASCULINO,Não,Risco PLD/FT Baixo,Tecnico Em Ead / Divulgação Ci,8506.39,Não,Mensalista,35.0,1184,1
VILA SÃO LUIS,F,DUQUE DE CAXIAS,Brasileira,Casado,1947-08-04,RJ,MASCULINO,Não,,Trabalhador,5037.28,Não,Mensalista,78.0,1202,2
PAVUNA,F,RIO DE JANEIRO,Brasileira,Divorciado,1968-12-31,RJ,MASCULINO,Não,,2º Sargento Do Exc,4661.02,Não,Mensalista,57.0,7,3
RIO COMPRIDO,F,RIO DE JANEIRO,Brasileira,Casada,1961-02-10,RJ,FEMININO,Não,,Tec De Hig Dental,2766.21,Não,Mensalista,64.0,1141,2
PARQUE HOTEL,F,ARARUAMA,Brasileira,Casada,1953-12-25,RJ,FEMININO,Não,,Aux De Enfermagem 2º Grau,2553.3,Não,Mensalista,72.0,474,3
SAO MATHEUS,F,SÃO JOÃO DE MERITI,Brasileira,Casado,1948-05-31,RJ,MASCULINO,Não,,Militar Inativo,1276.42,Não,Mensalista,77.0,825,2
CACHAMBI,F,RIO DE JANEIRO,Brasileira,Solteiro,1964-11-18,RJ,MASCULINO,Não,,Professor,5771.38,Não,Mensalista,61.0,984,2
TIJUCA,F,RIO DE JANEIRO,BRASILEIRA,Casado,1983-05-31,RJ,MASCULINO,Não,Risco PLD/FT Baixo,Guarda Municipal,3088.92,Não,Mensalista,42.0,776,0
VIDIGAL,F,RIO DE JANEIRO,BRASILEIRA,Divorciada,1968-01-27,RJ,FEMININO,Não,,Agente De Educação Infantil,3043.24,Não,Mensalista,57.0,237,3
VILAR DOS TELLES,F,RIO DE JANEIRO,Brasileira,Casado,1957-02-17,RJ,FEMININO,Não,,Agente De Administração,4630.34,Não,Mensalista,68.0,216,3
CAMPO GRANDE,F,RIO DE JANEIRO,Brasileira,Divorciado,1949-11-15,RJ,MASCULINO,Não,,Motorista,2578.86,Não,Mensalista,76.0,827,2
SANTA CRUZ,F,RIO DE JANEIRO,Brasileira,Solteiro,1957-01-29,RJ,MASCULINO,Não,,Art. De Pavimentaçao E Pedreir,2585.72,Não,Mensalista,68.0,367,3
ARSENAL,F,SÃO GONÇALO,Brasileira,Solteira,1977-12-06,RJ,FEMININO,Não,,Enfermeiro,6445.55,Não,Mensalista,48.0,724,0
LEOPOLDINA,F,RIO DE JANEIRO,Brasileira,Casado,1960-09-17,RJ,MASCULINO,Não,,Art De Alvenaria E Pintura,1374.04,Não,Mensalista,65.0,304,3
LEME,F,RIO DE JANEIRO,BRASILEIRA,Solteiro,1942-11-02,RJ,MASCULINO,Não,,Servente,2287.14,Não,Mensalista,83.0,1116,2
SENADOR CAMARA,F,RIO DE JANEIRO,BRASILEIRA,Solteiro,1958-12-30,RJ,MASCULINO,Não,,Servente,1429.94,Não,Mensalista,67.0,1116,2
OLARIA,F,RIO DE JANEIRO,BRASILEIRA,Viúvo,1956-04-29,RJ,MASCULINO,Não,,Ag. Aux. De Administração,9946.98,Não,Mensalista,69.0,86,3
MESQUITA,F,RIO DE JANEIRO,Brasileira,Solteiro,1964-04-03,RJ,FEMININO,Não,,Aux. De Enfermagem,2512.06,Não,Mensalista,61.0,525,3
PILARES,F,RIO DE JANEIRO,Brasileira,Solteiro,1956-11-16,RJ,MASCULINO,Não,,Art. De Est. De Obras De Metal,2868.4,Não,Mensalista,69.0,354,3
TIJUCA,F,RIO DE JANEIRO,BRASILEIRA,Solteira,1984-12-05,RJ,FEMININO,Não,,Ag Aux De Creche,886.12,Não,Mensalista,41.0,27,0
BRAZ DE PINA,F,RIO DE JANEIRO,BRASILEIRA,Solteira,1962-06-23,RJ,FEMININO,Não,,Professora,6829.68,Não,Mensalista,63.0,1070,1
BRAZ DE PINA,F,RIO DE JANEIRO,BRASILEIRA,Solteira,1962-06-23,RJ,FEMININO,Não,,Professor Ii,6829.68,Não,Mensalista,63.0,1048,1
PACIENCIA,F,RIO DE JANEIRO,BRASILEIRA,Viúva,1958-03-13,RJ,FEMININO,Não,,Agente Comunitário Nivel Ii,3041.41,Não,Mensalista,67.0,208,3
SANTA CRUZ,F,RIO DE JANEIRO,Brasileira,Casado,1954-03-13,RJ,MASCULINO,Não,,Trabalhador,2006.39,Não,Mensalista,71.0,1202,2
IRAJA,F,RIO DE JANEIRO,BRASILEIRA,Casado,1980-03-25,RJ,MASCULINO,Não,Risco PLD/FT Baixo,Merendeiro,2093.18,Não,Mensalista,45.0,820,0
QUINTINO BOCAIUVA,F,RIO DE JANEIRO,BRASILEIRA,União Estável,1974-09-08,RJ,FEMININO,Não,,Merendeira,952.0,Não,Mensalista,51.0,812,0
CAMPO GRANDE,F,RIO DE JANEIRO,Brasileira,Solteira,1981-01-25,RJ,FEMININO,Não,,Aposentada,1100.0,Não,Mensalista,44.0,294,0
LINS DE VASCONCELOS,F,RIO DE JANEIRO,Brasileira,Casado,1957-08-07,RJ,FEMININO,Não,,Agente Administrativo,3004.0,Não,Mensalista,68.0,178,3
BANGU,F,RIO DE JANEIRO,Brasileira,Casada,1975-02-25,RJ,FEMININO,Não,,Merendeira,2566.21,Não,Mensalista,50.0,812,0
TANQUE,F,RIO DE JANEIRO,Brasileira,Solteiro,1960-11-18,RJ,FEMININO,Não,,Inspetor De Alunos,4440.56,Não,Mensalista,65.0,789,2
FREGUESIA JACAREPAGUA,F,RIO DE JANEIRO,BRASILEIRA,Solteiro,1973-02-27,RJ,FEMININO,Não,Risco PLD/FT Baixo,Professor I - Ciencias,2974.42,Não,Mensalista,52.0,1029,0
VIGARIO GERAL,F,RIO DE JANEIRO,Brasileira,Divorciada,1958-02-04,RJ,FEMININO,Não,,Aposentada,3086.93,Não,Mensalista,67.0,294,3
BANGU,F,RIO DE JANEIRO,BRASILEIRA,Casado,1959-07-13,RJ,FEMININO,Não,,Merendeira,1138.43,Não,Mensalista,66.0,812,2
SANTISSIMO,F,RIO DE JANEIRO,BRASILEIRA,Divorciada,1950-05-15,RJ,FEMININO,Não,,Professor Ii,3148.65,Não,Mensalista,75.0,1048,2
COSMOS,F,RIO DE JANEIRO,Brasileira,Casada,1970-08-06,RJ,FEMININO,Não,,Merendeira,1869.77,Não,Mensalista,55.0,812,0
SANTA CRUZ,F,RIO DE JANEIRO,Brasileira,Casada,1959-03-10,RJ,FEMININO,Não,,Aposentada,1855.23,Não,Mensalista,66.0,294,3
REALENGO,F,RIO DE JANEIRO,BRASILEIRA,Casado,1952-10-13,RJ,MASCULINO,Não,,Agente De Administração,3608.61,Não,Mensalista,73.0,216,3
VILA VALQUEIRE,F,RIO DE JANEIRO,BRASILEIRA,Solteira,1957-05-31,RJ,FEMININO,Não,,Servente,2108.74,Não,Mensalista,68.0,1116,2
LEOPOLDINA,F,RIO DE JANEIRO,Brasileira,Separado judicialmente,1953-10-12,RJ,FEMININO,Não,,Merendeira,1741.84,Não,Mensalista,72.0,812,2
PRAÇA SECA,F,RIO DE JANEIRO,BRASILEIRA,Casado,1952-08-15,RJ,MASCULINO,Não,,Datilografo,5268.67,Não,Mensalista,73.0,690,2
GUADALUPE,F,RIO DE JANEIRO,Brasileira,Casado,1952-11-27,RJ,MASCULINO,Não,,Subtenete Pm,6092.52,Não,Mensalista,73.0,1137,2
ENGENHO DE DENTRO,F,RIO DE JANEIRO,Brasileira,Viúvo,1945-10-28,RJ,MASCULINO,Não,,Tec Radiologia,5930.04,Não,Mensalista,80.0,1149,2
LARANJEIRAS,F,RIO DE JANEIRO,Brasileira,Casado,1942-11-06,RJ,MASCULINO,Não,,Ag. De Adm,4037.08,Não,Mensalista,83.0,104,3
ANA CLARA,F,RIO DE JANEIRO,Brasileira,Casado,1983-01-18,RJ,MASCULINO,Não,,Especialista Nivel De Apoio,2648.76,Não,Mensalista,42.0,755,0
SANTA CRUZ,F,RIO DE JANEIRO,BRASILEIRA,Casado,1965-09-23,RJ,MASCULINO,Não,,Trabalhador,2983.7,Não,Mensalista,60.0,1202,2
SÃO GERALDO,F,NOVA IGUACU,BRASILEIRA,Solteiro,1994-12-14,RJ,FEMININO,Não,Risco PLD/FT Baixo,Ajudante Ii,3701.86,Não,Mensalista,31.0,287,0
VILA ISABEL,F,RIO DE JANEIRO,BRASILEIRA,Divorciada,1958-07-24,RJ,FEMININO,Não,,Ag. De Educação Infantil,3112.48,Não,Mensalista,67.0,129,3
ANDARAI,F,RIO DE JANEIRO,BRASILEIRA,Divorciada,1951-08-16,RJ,FEMININO,Não,,Professor Ii,12275.58,Não,Mensalista,74.0,1048,1
ANDARAI,F,RIO DE JANEIRO,BRASILEIRA,Divorciada,1951-08-16,RJ,FEMININO,Não,,Prof Ii,12275.58,Não,Mensalista,74.0,930,1
COSMOS,F,RIO DE JANEIRO,BRASILEIRA,Solteira,1985-05-14,RJ,FEMININO,Não,,Prof De Ensino Fundamental,6737.66,Não,Mensalista,40.0,887,0
IRAJA,F,RIO DE JANEIRO,BRASILEIRA,SOLTEIRO,1963-06-22,RJ,FEMININO,Não,,Merendeira,706.01,Não,Mensalista,62.0,812,2
ALTO DA BOA VISTA,F,RIO DE JANEIRO,BRASILEIRA,Divorciada,1974-07-07,RJ,FEMININO,Não,,Professor Ii,8474.59,Não,Mensalista,51.0,1048,1
CACHAMBI,F,RIO DE JANEIRO,Brasileira,Divorciada,1955-01-18,RJ,FEMININO,Não,,Professor Ii,4887.18,Não,Mensalista,70.0,1048,2
ENGENHO NOVO,F,RIO DE JANEIRO,Brasileira,Casada,1957-02-01,RJ,FEMININO,Não,,Aux De Enfermagem,3166.64,Não,Mensalista,68.0,459,3
PRAÇA SECA,F,RIO DE JANEIRO,BRASILEIRA,Casada,1973-05-29,RJ,FEMININO,Não,,Merendeira,1149.5,Não,Mensalista,52.0,812,0
CAMPO GRANDE,F,RIO DE JANEIRO,Brasileira,Separada judicialmente,1953-07-11,RJ,FEMININO,Não,,Professor Ii,3735.01,Não,Mensalista,72.0,1048,2
DEL CASTILHO,F,RIO DE JANEIRO,Brasileira,Viúvo,1935-07-27,RJ,FEMININO,Não,,Merendeira,1474.74,Não,Mensalista,90.0,812,2
RICARDO DE ALBUQUERQUE,F,RIO DE JANEIRO,Brasileira,Casado,1957-03-06,RJ,MASCULINO,Não,,Ag De Vigilancia,2580.16,Não,Mensalista,68.0,62,3
VIGARIO GERAL,F,RIO DE JANEIRO,BRASILEIRA,Solteiro,1971-05-27,RJ,MASCULINO,Não,,Técnico De Laboratório,7268.72,Não,Mensalista,54.0,1230,1
PRAÇA SECA,F,RIO DE JANEIRO,BRASILEIRA,Solteiro,1971-05-27,RJ,MASCULINO,Não,,Tecnico De Laboratorio,7343.2,Não,Mensalista,54.0,1176,1
MOSELA,F,PETROPOLIS,Brasileira,Solteiro,1950-02-17,RJ,MASCULINO,Não,,Professor,5315.56,Não,Mensalista,75.0,984,2
MANGUINHOS,F,RIO DE JANEIRO,Brasileira,Solteiro,1961-08-30,RJ,MASCULINO,Não,,Servente,2662.52,Não,Mensalista,64.0,1116,2
TAQUARA,F,RIO DE JANEIRO,Brasileira,Divorciado,1959-03-17,RJ,MASCULINO,Não,,Sargento Pm,2294.18,Não,Mensalista,66.0,1105,2
JARDIM GUANABARA,F,RIO DE JANEIRO,Brasileira,Casado,1959-05-27,RJ,MASCULINO,Não,,Motorista,8233.88,Não,Mensalista,66.0,827,1
ANA CLARA,F,DUQUE DE CAXIAS,Brasileiro,Separado judicialmente,1962-11-24,RJ,MASCULINO,Não,,Prof. I . Ed.Fisica,6023.32,Não,Mensalista,63.0,964,2
PEDRA DE GUARATIBA,F,RIO DE JANEIRO,Brasileira,Casado,1960-12-31,RJ,MASCULINO,Não,,Art De Pavimentação E Pedreira,2535.17,Não,Mensalista,65.0,330,3
CAMPO GRANDE,F,RIO DE JANEIRO,Brasileira,Solteira,1956-05-08,RJ,FEMININO,Não,,Datilografo,1635.68,Não,Mensalista,69.0,690,2
PEDRA DE GUARATIBA,F,RIO DE JANEIRO,BRASILEIRA,Solteira,1980-01-18,RJ,FEMININO,Não,,Agente Administrativo,2364.98,Não,Mensalista,45.0,178,0
PAQUETA,F,RIO DE JANEIRO,Brasileira,Casado,1938-08-13,RJ,FEMININO,Não,,Prof. 1,5463.32,Não,Mensalista,87.0,946,2
BONSUCESSO,F,RIO DE JANEIRO,BRASILEIRA,União Estável,1979-01-19,RJ,FEMININO,Não,,Merendeira,1755.98,Não,Mensalista,46.0,812,0
LEOPOLDINA,F,RIO DE JANEIRO,Brasileira,Casado,1961-11-19,RJ,FEMININO,Não,,Aux. De Enfermagen,3858.46,Não,Mensalista,64.0,547,3
ENGENHO NOVO,F,RIO DE JANEIRO,BRASILEIRA,Viúva,1944-10-03,RJ,FEMININO,Não,,Merendeira,1336.67,Não,Mensalista,81.0,812,2
PACIENCIA,F,RIO DE JANEIRO,Brasileira,Viúvo,1957-02-25,RJ,MASCULINO,Não,,Servente (Sms),1436.79,Não,Mensalista,68.0,1118,2
CIDADE DE DEUS,F,RIO DE JANEIRO,Brasileira,Casado,1952-10-05,RJ,MASCULINO,Não,,Trabalhador,2405.89,Não,Mensalista,73.0,1202,2
REALENGO,F,RIO DE JANEIRO,BRASILEIRA,Solteira,1979-04-25,RJ,FEMININO,Não,,Agente Educador,1580.58,Não,Mensalista,46.0,267,0
PIEDADE,F,RIO DE JANEIRO,BRASILEIRA,Casada,1953-01-18,RJ,FEMININO,Não,,Merendeira,1178.46,Não,Mensalista,72.0,812,2
PARAISO,F,SÃO GONÇALO,Brasileira,Solteira,1961-10-11,RJ,FEMININO,Não,,Aux De Enfermagem 2º Grau,5891.73,Não,Mensalista,64.0,474,3
IGUABINHA,F,IGUABA GRANDE,BRASILEIRA,Casada,1973-09-03,RJ,FEMININO,Não,Risco PLD/FT Baixo,Nutricionista,4510.94,Não,Mensalista,52.0,836,0
JARDIM PARAISO,F,SAO GONCALO,BRASILEIRA,Solteiro,2002-06-28,RJ,MASCULINO,Não,Risco PLD/FT Baixo,Contrato Temporário,5333.88,Não,Mensalista,23.0,674,0
CAMPO GRANDE,F,RIO DE JANEIRO,Brasileira,Casado,1946-10-26,RJ,MASCULINO,Não,,Servente,2234.39,Não,Mensalista,79.0,1116,2
BANGU,F,RIO DE JANEIRO,Brasileira,Solteiro,1954-06-30,RJ,MASCULINO,Não,,Aux De Enfermagem,2153.2,Não,Mensalista,71.0,459,3
CAVALCANTE,F,RIO DE JANEIRO,Brasileira,Solteiro,1957-09-24,RJ,FEMININO,Não,,Agente De Portaria,2405.24,Não,Mensalista,68.0,243,3
ENGENHO DA RAINHA,F,RIO DE JANEIRO,BRASILEIRA,Casada,1964-02-23,RJ,FEMININO,Não,,Aux De Enfermagem 2º Grau,4280.41,Não,Mensalista,61.0,474,3
ACARI,F,RIO DE JANEIRO,BRASILEIRA,Solteira,1964-01-04,RJ,FEMININO,Não,,Aux De Enfermagem 2º Grau,3057.62,Não,Mensalista,61.0,474,3
BANGU,F,RIO DE JANEIRO,Brasileira,Divorciada,1954-04-13,RJ,FEMININO,Não,,Servente,1432.7,Não,Mensalista,71.0,1116,2
COELHO NETO,F,RIO DE JANEIRO,BRASILEIRA,Divorciada,1960-05-20,RJ,FEMININO,Não,,Auxiliar De Enfermagem,5108.6,Não,Mensalista,65.0,608,3
PADRE MIGUEL,F,RIO DE JANEIRO,Brasileira,Solteiro,1955-11-05,RJ,FEMININO,Não,,Auxiliar De Enfermagem,1901.57,Não,Mensalista,70.0,608,3
INHAUMA,F,RIO DE JANEIRO,Brasileira,Casado,1966-01-16,RJ,FEMININO,Não,,Ag. Comun. Nivel I,2047.3,Não,Mensalista,59.0,91,3
CAMPO GRANDE,F,RIO DE JANEIRO,Brasileira,Solteira,1957-11-18,RJ,FEMININO,Não,,Aposentada,7150.35,Não,Mensalista,68.0,294,3
BANGU,F,RIO DE JANEIRO,BRASILEIRA,Casada,1972-04-02,RJ,FEMININO,Não,,Professor Ii,4391.2,Não,Mensalista,53.0,1048,0
REALENGO,F,RIO DE JANEIRO,Brasileira,Casado,1957-03-31,RJ,MASCULINO,Não,,Trabalhador/Chefe Ii,4127.46,Não,Mensalista,68.0,1217,2
CASCADURA,F,RIO DE JANEIRO,BRASILEIRA,Casado,1967-04-11,RJ,MASCULINO,Não,,Trabalhador,3273.39,Não,Mensalista,58.0,1202,2
SANTA CRUZ,F,RIO DE JANEIRO,Brasileira,Viúvo,1941-12-09,RJ,FEMININO,Não,,Prof. Ii,5387.42,Não,Mensalista,84.0,968,2
CAMPO GRANDE,F,RIO DE JANEIRO,BRASILEIRA,Divorciada,1955-05-17,RJ,FEMININO,Não,,Ag. Comunitario Nivel Ii,3279.67,Não,Mensalista,70.0,98,3
LINS DE VASCONCELOS,F,RIO DE JANEIRO,BRASILEIRA,Casada,1957-12-16,RJ,FEMININO,Não,,Servente,2403.49,Não,Mensalista,68.0,1116,2
CAMPO GRANDE,F,RIO DE JANEIRO,Brasileira,Divorciado,1947-02-09,RJ,MASCULINO,Não,,Tecnico Judiciario Ii,10428.52,Não,Mensalista,78.0,1188,1
TRINDADE,F,SAO GONCALO,Brasileira,Casado,1949-04-10,RJ,FEMININO,Não,,Professora,2202.74,Não,Mensalista,76.0,1070,2
BANGU,F,RIO DE JANEIRO,Brasileira,Casada,1964-04-18,RJ,FEMININO,Não,,Aux De Enfermagem 2º Grau,4274.57,Não,Mensalista,61.0,474,3
CAMPO GRANDE,F,RIO DE JANEIRO,BRASILEIRA,Divorciada,1956-09-24,RJ,FEMININO,Não,,Prof.Ii,8965.15,Não,Mensalista,69.0,977,1
CAMPO GRANDE,F,RIO DE JANEIRO,Brasileira,Divorciada,1947-11-24,RJ,FEMININO,Não,,Aux De Enfermagem 2º Grau,3822.7,Não,Mensalista,78.0,474,3
ENGENHO DE DENTRO,F,RIO DE JANEIRO,BRASILEIRA,União Estável,1957-01-16,RJ,FEMININO,Não,,Merendeira,1104.04,Não,Mensalista,68.0,812,2
RIO COMPRIDO,F,RIO DE JANEIRO,Brasileira,Divorciada,1948-02-07,RJ,FEMININO,Não,,Técnico De Radiologia,7352.71,Não,Mensalista,77.0,1231,2
REALENGO,F,RIO DE JANEIRO,BRASILEIRA,Casada,1958-05-21,RJ,FEMININO,Não,,Aposentada,3306.27,Não,Mensalista,67.0,294,3
REALENGO,F,RIO DE JANEIRO,Brasileira,Casada,1958-05-21,RJ,FEMININO,Não,,Aposentada,3306.27,Não,Mensalista,67.0,294,3
ANDARAI,F,RIO DE JANEIRO,BRASILEIRA,Casada,1953-05-23,RJ,FEMININO,Não,,Aux De Enfermagem 2º Grau,3389.71,Não,Mensalista,72.0,474,3
CENTRO,F,NOVA FRIBURGO,BRASILEIRA,Solteiro,1982-01-08,RJ,MASCULINO,Não,Risco PLD/FT Baixo,Professor Docente I - 18 Horas,4387.69,Não,Mensalista,43.0,1014,0
CACHAMBI,F,RIO DE JANEIRO,BRASILEIRA,Casado,1981-09-19,RJ,MASCULINO,Não,Risco PLD/FT Baixo,3º Sargento Pm,8935.39,Não,Mensalista,44.0,11,0
RECREIO DOS BANDEIRANTES,F,RIO DE JANEIRO,BRASILEIRA,Solteiro,1981-03-31,RJ,MASCULINO,Não,Risco PLD/FT Baixo,3º Sargento Pm,12602.03,Não,Mensalista,44.0,11,1
CATETE,F,RIO DE JANEIRO,Brasileira,Divorciada,1974-06-10,RJ,FEMININO,Não,,Aux De Enfermagem 2º Grau,3343.17,Não,Mensalista,51.0,474,0
TOMAS COELHO,F,RIO DE JANEIRO,BRASILEIRA,Solteira,1985-06-17,RJ,FEMININO,Não,,Professor Ii Ingles,6191.38,Não,Mensalista,40.0,1058,0
SANTA CRUZ,F,RIO DE JANEIRO,BRASILEIRA,Divorciado,1956-08-08,RJ,FEMININO,Não,,Servente,961.16,Não,Mensalista,69.0,1116,2
TAQUARA,F,RIO DE JANEIRO,Brasileira,Divorciado,1950-09-17,RJ,FEMININO,Não,,Prof.,4499.26,Não,Mensalista,75.0,945,2
RIO COMPRIDO,F,RIO DE JANEIRO,Brasileira,Casado,1948-06-09,RJ,FEMININO,Não,,Ag De Administração,8204.52,Não,Mensalista,77.0,40,3
CAMPO GRANDE,F,RIO DE JANEIRO,Brasileira,Casado,1965-03-15,RJ,FEMININO,Não,,Merendeira,1938.12,Não,Mensalista,60.0,812,2
VISTA ALEGRE,F,RIO DE JANEIRO,BRASILEIRA,SOLTEIRO,1951-10-09,RJ,FEMININO,Não,,Merendeira,927.22,Não,Mensalista,74.0,812,2
SANTA CRUZ,F,RIO DE JANEIRO,BRASILEIRA,Casada,1958-02-01,RJ,FEMININO,Não,,Aposentada,3389.77,Não,Mensalista,67.0,294,3
VIGARIO GERAL,F,RIO DE JANEIRO,BRASILEIRA,Solteira,1952-07-20,RJ,FEMININO,Não,,Ag De Administração,3233.49,Não,Mensalista,73.0,40,3
COLUMBANDÊ,F,SAO GONCALO,Brasileira,Não informado,1941-05-07,RJ,FEMININO,Não,,Agente Administrativo,2547.74,Não,Mensalista,84.0,178,3
MEIER,F,RIO DE JANEIRO,BRASILEIRA,Solteira,1962-08-11,RJ,FEMININO,Não,,Professor,5266.89,Não,Mensalista,63.0,984,2
JACAREPAGUA,F,RIO DE JANEIRO,BRASILEIRA,Casada,1977-08-30,RJ,FEMININO,Não,,Professor De Educação Infantil,4714.5,Não,Mensalista,48.0,998,0
JACAREPAGUA,F,RIO DE JANEIRO,BRASILEIRA,Casada,1977-08-30,RJ,FEMININO,Não,,Professor Ii,4714.5,Não,Mensalista,48.0,1048,0
BANGU,F,RIO DE JANEIRO,Brasileira,Viúvo,1935-05-20,RJ,FEMININO,Não,,Prof. Ii,2592.38,Não,Mensalista,90.0,968,2
VILAR DOS TELLES,F,SÃO JOÃO DE MERITI,BRASILEIRA,Casada,1965-03-26,RJ,FEMININO,Não,,Aux De Enfermagem 2º Grau,3451.11,Não,Mensalista,60.0,474,3
PAVUNA,F,RIO DE JANEIRO,BRASILEIRA,Divorciada,1963-08-01,RJ,FEMININO,Não,,Aux De Enfermagem 2º Grau,4769.03,Não,Mensalista,62.0,474,3
RIACHUELO,F,RIO DE JANEIRO,Brasileira,Solteira,1948-07-27,RJ,FEMININO,Não,,Professor Ii,7069.42,Não,Mensalista,77.0,1048,2
RIACHUELO,F,RIO DE JANEIRO,BRASILEIRA,Solteira,1948-07-27,RJ,FEMININO,Não,,Professor Ii,7069.42,Não,Mensalista,77.0,1048,2
ROCHA MIRANDA,F,RIO DE JANEIRO,BRASILEIRA,Casada,1946-12-06,RJ,FEMININO,Não,,Professor Ii,5683.54,Não,Mensalista,79.0,1048,2
ENGENHO NOVO,F,RIO DE JANEIRO,Brasileira,Casado,1962-02-08,RJ,FEMININO,Não,,Professor Ii,5068.12,Não,Mensalista,63.0,1048,2
JARDIM OLAVO BILAC,F,DUQUE DE CAXIAS,Brasileira,Solteira,1957-06-15,RJ,FEMININO,Não,,Ag De Administração,6553.94,Não,Mensalista,68.0,40,3
VICENTE DE CARVALHO,F,RIO DE JANEIRO,Brasileira,Divorciada,1957-01-14,RJ,FEMININO,Não,,Aux De Enfermagem 1º Grau,2668.65,Não,Mensalista,68.0,468,3
CANELA CITY,F,IGUABA GRANDE,BRASILEIRA,Casada,1954-02-14,RJ,FEMININO,Não,,Servente,1447.11,Não,Mensalista,71.0,1116,2
SANTA CRUZ,F,RIO DE JANEIRO,Brasileira,Solteiro,1956-12-23,RJ,FEMININO,Não,,Ag Comunitario Nivel Ii,2773.6,Não,Mensalista,69.0,35,3
BOQUEIRAO,F,RIO DE JANEIRO,Brasileira,Solteira,1951-09-04,RJ,FEMININO,Não,,Aux De Enfermagem 2º Grau,3086.93,Não,Mensalista,74.0,474,3
JARDIM INOHAN,F,NOVA IGUAÇU,BRASILEIRA,Solteira,1947-06-18,RJ,FEMININO,Não,,Merendeira,1481.54,Não,Mensalista,78.0,812,2
MIGUEL COUTO,F,NOVA IGUACU,BRASILEIRA,Solteiro,1988-02-22,RJ,FEMININO,Não,Risco PLD/FT Baixo,Professor Adjunto De Educação,5295.37,Não,Mensalista,37.0,993,0
SANTA CRUZ,F,RIO DE JANEIRO,Brasileira,Viúva,1952-04-19,RJ,FEMININO,Não,,Servente,844.75,Não,Mensalista,73.0,1116,2
COLEGIO,F,RIO DE JANEIRO,Brasileira,Solteiro,1969-06-19,RJ,FEMININO,Não,,Aux. Enfermagem,2561.0,Não,Mensalista,56.0,564,0
HONORIO GURGEL,F,RIO DE JANEIRO,Brasileira,Casado,1967-05-02,RJ,FEMININO,Não,,Servente,3766.98,Não,Mensalista,58.0,1116,2
JARDIM AMERICA,F,RIO DE JANEIRO,Brasileira,Divorciada,1960-09-24,RJ,FEMININO,Não,,Professor Ii,13597.02,Não,Mensalista,65.0,1048,1
JARDIM AMERICA,F,RIO DE JANEIRO,BRASILEIRA,Divorciada,1960-09-24,RJ,FEMININO,Não,,Professor,13597.02,Não,Mensalista,65.0,984,1
SANTA CRUZ,F,RIO DE JANEIRO,BRASILEIRA,Divorciada,1967-07-20,RJ,FEMININO,Não,,Professor Ii,3642.35,Não,Mensalista,58.0,1048,2
SANTA CRUZ,F,RIO DE JANEIRO,Brasileira,Divorciada,1967-07-20,RJ,FEMININO,Não,,Professor Ii,3196.91,Não,Mensalista,58.0,1048,2
OSWALDO CRUZ,F,RIO DE JANEIRO,Brasileira,Solteira,1967-10-19,RJ,FEMININO,Não,,Aux De Enfermagem 2º Grau,1049.55,Não,Mensalista,58.0,474,3
REALENGO,F,RIO DE JANEIRO,Brasileira,Casado,1954-06-05,RJ,FEMININO,Não,,Merendeira,1189.6,Não,Mensalista,71.0,812,2
COELHO NETO,F,RIO DE JANEIRO,Brasileira,Solteiro,1966-07-15,RJ,MASCULINO,Não,,Trabalhador,2977.02,Não,Mensalista,59.0,1202,2
PEDRA DE GUARATIBA,F,RIO DE JANEIRO,BRASILEIRA,Divorciada,1959-10-06,RJ,FEMININO,Não,,Aposentada,5024.33,Não,Mensalista,66.0,294,3
TIJUCA,F,RIO DE JANEIRO,Brasileira,Viúvo,1948-06-08,RJ,FEMININO,Não,,Tec De Cadastro Rural,2380.46,Não,Mensalista,77.0,1140,2
ITAIPU,F,NITEROI,Brasileira,Casado,1947-01-02,RJ,FEMININO,Não,,Recepcionista,1809.84,Não,Mensalista,78.0,1094,2
BANGU,F,RIO DE JANEIRO,Brasileira,Casado,1950-07-15,RJ,FEMININO,Não,,Merendeira,669.73,Não,Mensalista,75.0,812,2
BANGU,F,RIO DE JANEIRO,Brasileira,Casada,1957-06-17,RJ,FEMININO,Não,,Professor Ii,2142.63,Não,Mensalista,68.0,1048,2
BANGU,F,RIO DE JANEIRO,Brasileira,Divorciada,1941-03-28,RJ,FEMININO,Não,,Ag. Aux De Administração,2896.84,Não,Mensalista,84.0,80,3
REALENGO,F,RIO DE JANEIRO,Brasileira,Viúva,1947-12-12,RJ,FEMININO,Não,,Aux. De Enfemagem-2 Grau,1933.04,Não,Mensalista,78.0,524,3
PADRE MIGUEL,F,RIO DE JANEIRO,Brasileira,Divorciada,1954-04-29,RJ,FEMININO,Não,,Aux De Enfermagem 2º Grau,3307.43,Não,Mensalista,71.0,474,3
SEPETIBA,F,RIO DE JANEIRO,Brasileira,Divorciado,1963-08-21,RJ,FEMININO,Não,,Agente Auxiliar De Adm.,2222.96,Não,Mensalista,62.0,192,3
TAQUARA,F,RIO DE JANEIRO,Brasileira,Não informado,1935-03-02,RJ,FEMININO,Não,,Assist. Adm.,3323.24,Não,Mensalista,90.0,417,3
COQUEIRAL,F,ARARUAMA,Brasileira,Solteira,1965-07-10,RJ,FEMININO,Não,,Aux De Enfermagem 2º Grau,3992.93,Não,Mensalista,60.0,474,3
SANTA CRUZ,F,RIO DE JANEIRO,BRASILEIRA,União Estável,1983-12-19,RJ,FEMININO,Não,,Professor Ii,2822.98,Não,Mensalista,42.0,1048,0
SANTA CRUZ,F,RIO DE JANEIRO,BRASILEIRA,Casada,1983-12-19,RJ,FEMININO,Não,,Prof Ensino Fundamental,8805.13,Não,Mensalista,42.0,893,1
GUARATIBA,F,RIO DE JANEIRO,BRASILEIRA,Divorciada,1978-01-12,RJ,FEMININO,Não,,Professor De Ensino Fundamenta,8183.26,Não,Mensalista,47.0,1001,1
CAMORIM GRANDE,F,ANGRA DOS REIS,Brasileira,Casada,1949-09-01,RJ,FEMININO,Não,,Servente,753.13,Não,Mensalista,76.0,1116,2
BENTO RIBEIRO,F,RIO DE JANEIRO,Brasileira,Casada,1943-09-13,RJ,FEMININO,Não,,Datilógrafo,3362.52,Não,Mensalista,82.0,701,2
SANTA CRUZ,F,RIO DE JANEIRO,BRASILEIRA,Divorciada,1969-12-13,RJ,FEMININO,Não,,Merendeira,2292.97,Não,Mensalista,56.0,812,0
GUADALUPE,F,RIO DE JANEIRO,Brasileira,Solteira,1960-08-20,RJ,FEMININO,Não,,Aux De Enfermagem 2º Grau,2552.47,Não,Mensalista,65.0,474,3
SEPETIBA,F,RIO DE JANEIRO,Brasileira,Casada,1961-06-07,RJ,FEMININO,Não,,Aux. Enferm. 2 Grau,2472.27,Não,Mensalista,64.0,563,3
GUADALUPE,F,RIO DE JANEIRO,BRASILEIRA,SOLTEIRO,1965-06-21,RJ,MASCULINO,Não,,Merendeira,745.49,Não,Mensalista,60.0,812,2
PADRE MIGUEL,F,RIO DE JANEIRO,Brasileira,Viúva,1963-06-07,RJ,FEMININO,Não,,Merendeira,1711.74,Não,Mensalista,62.0,812,2
SANTA CRUZ,F,RIO DE JANEIRO,Brasileira,Casado,1945-10-11,RJ,FEMININO,Não,,Art. De Cozinha,2421.54,Não,Mensalista,80.0,350,3
BANGU,F,RIO DE JANEIRO,Brasileira,Solteira,1963-12-12,RJ,FEMININO,Não,,Aux De Enfermagem 2ª Grau,2485.35,Não,Mensalista,62.0,471,3
VIGARIO GERAL,F,RIO DE JANEIRO,Brasileira,Viúva,1950-10-11,RJ,FEMININO,Não,,Merendeira,2466.18,Não,Mensalista,75.0,812,2
MARAMBAIA,F,ITABORAI,BRASILEIRA,Casada,1953-08-02,RJ,FEMININO,Não,,Aux. De Enfermagem,2973.01,Não,Mensalista,72.0,525,3
ENGENHO DA RAINHA,F,RIO DE JANEIRO,BRASILEIRA,Solteira,1957-04-14,RJ,FEMININO,Não,Risco PLD/FT Baixo,Professor Ii,9478.39,Não,Mensalista,68.0,1048,1
ENGENHO DA RAINHA,F,RIO DE JANEIRO,BRASILEIRA,Solteiro,1957-04-14,RJ,FEMININO,Não,Risco PLD/FT Baixo,Professor Ii,9478.39,Não,Mensalista,68.0,1048,1
INHOAIBA,F,RIO DE JANEIRO,Brasileira,Divorciada,1961-07-03,RJ,FEMININO,Não,,Art. De Cozinha,3908.78,Não,Mensalista,64.0,350,3
PARADA DE LUCAS,F,RIO DE JANEIRO,BRASILEIRA,Casada,1949-06-11,RJ,FEMININO,Não,,Servente,1052.2,Não,Mensalista,76.0,1116,2
CAMPO GRANDE,F,RIO DE JANEIRO,BRASILEIRA,Viúva,1948-01-06,RJ,FEMININO,Não,,Professor Ii,3823.5,Não,Mensalista,77.0,1048,2
VILA ISABEL,F,RIO DE JANEIRO,Brasileira,Solteira,1959-03-05,RJ,FEMININO,Não,,Aposentada,1095.73,Não,Mensalista,66.0,294,3
CAMPO GRANDE,F,RIO DE JANEIRO,BRASILEIRA,Viúva,1962-06-09,RJ,FEMININO,Não,,Professor Ii,10681.3,Não,Mensalista,63.0,1048,1
ANDARAI,F,RIO DE JANEIRO,Brasileira,Divorciado,1960-09-26,RJ,FEMININO,Não,,Professor,3156.82,Não,Mensalista,65.0,984,2
ANCHIETA,F,RIO DE JANEIRO,BRASILEIRA,Casada,1972-04-28,RJ,FEMININO,Não,,Professor Ii,8084.17,Não,Mensalista,53.0,1048,1
ANCHIETA,F,RIO DE JANEIRO,BRASILEIRA,Casada,1972-04-28,RJ,FEMININO,Não,,Professor Ii,8084.17,Não,Mensalista,53.0,1048,1
TODOS OS SANTOS,F,RIO DE JANEIRO,BRASILEIRA,Casada,1960-02-15,RJ,FEMININO,Não,,Professor Ii,4908.15,Não,Mensalista,65.0,1048,2
TODOS OS SANTOS,F,RIO DE JANEIRO,BRASILEIRA,Casada,1960-02-15,RJ,FEMININO,Não,,Professor Ii,7080.65,Não,Mensalista,65.0,1048,1
SANTA CRUZ,F,RIO DE JANEIRO,Brasileira,Divorciada,1965-08-20,RJ,FEMININO,Não,,Ag De Administração,1436.25,Não,Mensalista,60.0,40,3
VILA ISABEL,F,RIO DE JANEIRO,BRASILEIRA,Divorciada,1966-07-29,RJ,FEMININO,Não,,Professor Ii,7612.72,Não,Mensalista,59.0,1048,1
VILA ISABEL,F,RIO DE JANEIRO,Brasileira,Divorciada,1966-07-29,RJ,FEMININO,Não,,Aposentada,6773.53,Não,Mensalista,59.0,294,3
PIEDADE,F,RIO DE JANEIRO,Brasileira,Solteiro,1959-10-11,RJ,FEMININO,Não,,Aux De Enfermagem 2º Grau,2368.34,Não,Mensalista,66.0,474,3
PECHINCHA,F,RIO DE JANEIRO,BRASILEIRA,Casado,1964-03-10,RJ,FEMININO,Não,,Auxiliar De Enfermagem,1797.61,Não,Mensalista,61.0,608,3
GRAMA,F,NOVA IGUAÇU,BRASILEIRA,Casada,1973-05-01,RJ,FEMININO,Não,,Professor De Educação Infantil,8420.38,Não,Mensalista,52.0,998,1
OSWALDO CRUZ,F,RIO DE JANEIRO,Brasileira,Solteira,1959-01-12,RJ,FEMININO,Não,,Ag. De Administração,5843.78,Não,Mensalista,66.0,109,3
CAMPO GRANDE,F,RIO DE JANEIRO,Brasileira,Viúva,1955-09-25,RJ,FEMININO,Não,,Aposentada,5684.92,Não,Mensalista,70.0,294,3
CAMPO GRANDE,F,RIO DE JANEIRO,BRASILEIRA,Viúva,1955-09-25,RJ,FEMININO,Não,,Aposentada,5684.92,Não,Mensalista,70.0,294,3
LARANJEIRAS,F,RIO DE JANEIRO,BRASILEIRA,Solteira,1982-06-17,RJ,FEMININO,Não,,Prof I - Ingles,3148.11,Não,Mensalista,43.0,906,0
BANGU,F,RIO DE JANEIRO,Brasileira,Solteira,1964-10-13,RJ,FEMININO,Não,,Art De Jardin E Arboricultura,4327.61,Não,Mensalista,61.0,322,3
BRAZ DE PINA,F,RIO DE JANEIRO,Brasileira,Divorciada,1963-06-21,RJ,FEMININO,Não,,Aux De Enfermagem 2º Grau,5946.16,Não,Mensalista,62.0,474,3
INHOAIBA,F,RIO DE JANEIRO,Brasileira,Casado,1950-02-26,RJ,FEMININO,Não,,Servente,1557.3,Não,Mensalista,75.0,1116,2
OLARIA,F,RIO DE JANEIRO,Brasileira,Casada,1954-04-12,RJ,FEMININO,Não,,Enfermeira,7961.66,Não,Mensalista,71.0,720,1
COSMOS,F,RIO DE JANEIRO,BRASILEIRA,Solteira,1994-07-08,RJ,FEMININO,Não,,Professor De Educacao Infantil,9322.9,Não,Mensalista,31.0,995,1
JARDIM ATLANTICO,F,MARICA,Brasileira,Solteiro,1969-09-10,RJ,FEMININO,Não,,Professora,7775.9,Não,Mensalista,56.0,1070,1
CAVALCANTE,F,RIO DE JANEIRO,Brasileira,Separada judicialmente,1967-08-30,RJ,FEMININO,Não,,Prof Ii,5126.9,Não,Mensalista,58.0,930,2
CENTRO,F,MESQUITA,BRASILEIRA,Divorciado,1988-12-19,RJ,FEMININO,Não,Risco PLD/FT Baixo,Agente De Educação Ii,2044.97,Não,Mensalista,37.0,236,0
MARECHAL HERMES,F,RIO DE JANEIRO,Brasileira,Casado,1958-07-12,RJ,MASCULINO,Não,,Trabalhador,4429.1,Não,Mensalista,67.0,1202,2
ENGENHO DE DENTRO,F,RIO DE JANEIRO,BRASILEIRA,Casada,1971-02-04,RJ,FEMININO,Não,,Auxiliar De Enfermagem 2º Grau,2201.7,Não,Mensalista,54.0,620,0
COCOTA,F,RIO DE JANEIRO,BRASILEIRA,Solteira,1982-12-30,RJ,FEMININO,Não,,Professor De Educação Infantil,5191.91,Não,Mensalista,43.0,998,0
ENCANTADO,F,RIO DE JANEIRO,BRASILEIRA,Solteira,1938-02-05,RJ,FEMININO,Não,,Servente,1342.7,Não,Mensalista,87.0,1116,2
CAMPO GRANDE,F,RIO DE JANEIRO,BRASILEIRA,Divorciada,1962-06-25,RJ,FEMININO,Não,,Aux De Enfermagem 2º Grau/Chef,3891.96,Não,Mensalista,63.0,475,3
BONSUCESSO,F,RIO DE JANEIRO,Brasileira,Viúvo,1946-06-02,RJ,FEMININO,Não,,Merendeira,1022.2,Não,Mensalista,79.0,812,2
RAMOS,F,RIO DE JANEIRO,Brasileira,Divorciado,1958-09-02,RJ,MASCULINO,Não,,Trabalhador,3617.66,Não,Mensalista,67.0,1202,2
CAMPO GRANDE,F,RIO DE JANEIRO,BRASILEIRA,Solteiro,1989-05-14,RJ,MASCULINO,Não,Risco PLD/FT Baixo,Assistente Ii,4814.0,Não,Mensalista,36.0,427,0
CORDOVIL,F,RIO DE JANEIRO,Brasileira,Casado,1952-11-30,RJ,MASCULINO,Não,,Trabalhador,3376.68,Não,Mensalista,73.0,1202,2
BENTO RIBEIRO,F,RIO DE JANEIRO,Brasileira,Viúvo,1945-10-01,RJ,FEMININO,Não,,Trabalhador,1514.34,Não,Mensalista,80.0,1202,2
CORDOVIL,F,RIO DE JANEIRO,Brasileira,Divorciado,1956-05-02,RJ,MASCULINO,Não,,Trabalhador,1779.39,Não,Mensalista,69.0,1202,2
COSMOS,F,RIO DE JANEIRO,Brasileira,Casada,1959-03-17,RJ,FEMININO,Não,,Agente Comunitario Nivel Ii,1884.01,Não,Mensalista,66.0,202,3
CENTRO,F,NOVA IGUACU,BRASILEIRO,Solteiro,1995-09-06,RJ,MASCULINO,Não,Risco PLD/FT Baixo,Assessor De Planejamento,6387.72,Não,Mensalista,30.0,411,0
PIEDADE,F,RIO DE JANEIRO,BRASILEIRA,Solteiro,1943-09-24,RJ,MASCULINO,Não,,Motorista,5575.49,Não,Mensalista,82.0,827,2
CAMPO GRANDE,F,RIO DE JANEIRO,Brasileira,Casado,1947-02-24,RJ,MASCULINO,Não,,Art.Pav E Pedreira,2663.64,Não,Mensalista,78.0,384,3
CAMPO GRANDE,F,RIO DE JANEIRO,BRASILEIRA,Viúva,1954-07-16,RJ,FEMININO,Não,,Servente,1585.67,Não,Mensalista,71.0,1116,2
ANA CLARA,F,RIO DE JANEIRO,Brasileira,Viúvo,1936-11-06,RJ,FEMININO,Não,,Aux. De Serv. Saúde,1734.8,Não,Mensalista,89.0,559,3
ANCHIETA,F,RIO DE JANEIRO,Brasileira,Casado,1948-07-29,RJ,MASCULINO,Não,,Servente,1983.98,Não,Mensalista,77.0,1116,2
SANTA INES,F,JAPERI,Brasileira,Solteiro,1966-09-15,RJ,MASCULINO,Não,,Trabalhador,3357.47,Não,Mensalista,59.0,1202,2
ABOLIÇÃO,F,RIO DE JANEIRO,Brasileira,Divorciado,1975-07-16,RJ,MASCULINO,Não,,Ag. De Administração,6453.75,Não,Mensalista,50.0,109,0
CAMPO GRANDE,F,RIO DE JANEIRO,Brasileira,Casada,1967-07-02,RJ,FEMININO,Não,,Professor Ii,5192.39,Não,Mensalista,58.0,1048,2
CAMPO GRANDE,F,RIO DE JANEIRO,BRASILEIRA,Divorciada,1950-01-06,RJ,FEMININO,Não,,Professor,3549.52,Não,Mensalista,75.0,984,2
BENFICA,F,RIO DE JANEIRO,Brasileira,Solteira,1967-11-28,RJ,FEMININO,Não,,Merendeira,1789.11,Não,Mensalista,58.0,812,0
VILA DA PENHA,F,RIO DE JANEIRO,Brasileira,Casado,1947-03-04,RJ,FEMININO,Não,,Aux. De Enfermagem,2441.0,Não,Mensalista,78.0,525,3
GAVEA,F,RIO DE JANEIRO,Brasileira,Solteira,1961-06-12,RJ,FEMININO,Não,,Agente Comunitario,4250.0,Não,Mensalista,64.0,198,3
BANGU,F,RIO DE JANEIRO,Brasileira,Casada,1953-07-01,RJ,FEMININO,Não,,Aposentada,2314.7,Não,Mensalista,72.0,294,3
NOVA CAMPINA,F,DUQUE DE CAXIAS,Brasileira,Casado,1951-04-06,RJ,MASCULINO,Não,,Agente De Vigilancia,1326.2,Não,Mensalista,74.0,259,3
ACARI,F,RIO DE JANEIRO,Brasileira,Solteiro,1940-05-22,RJ,FEMININO,Não,,Aux. De Enfermagem,2350.02,Não,Mensalista,85.0,525,3
SEPETIBA,F,RIO DE JANEIRO,Brasileira,Viúvo,1945-04-30,RJ,FEMININO,Não,,Ag. Aux. Adm,2895.84,Não,Mensalista,80.0,81,3
INHOAIBA,F,RIO DE JANEIRO,BRASILEIRA,Divorciado,1966-11-08,RJ,MASCULINO,Não,,Agente Auxiliar De Administraç,5402.17,Não,Mensalista,59.0,194,3
ENGENHEIRO PEDREIRA,F,RIO DE JANEIRO,Brasileira,Separado judicialmente,1946-12-05,RJ,MASCULINO,Não,,Trabalhador/Supervisor De Ativ,4668.68,Não,Mensalista,79.0,1224,2
ICARAI - NITERÓI,F,NITEROI,Brasileira,Casado,1939-05-05,RJ,MASCULINO,Não,,Aposentado,2290.92,Não,Mensalista,86.0,295,3
QUINTINO BOCAIUVA,F,RIO DE JANEIRO,BRASILEIRA,Solteiro,1964-07-06,RJ,FEMININO,Não,,Ciências Contábeis,10000.0,Não,Mensalista,61.0,669,1
LINS DE VASCONCELOS,F,RIO DE JANEIRO,BRASILEIRA,Solteira,1954-03-25,RJ,FEMININO,Não,,Auxiliar De Enfermagem,3631.56,Não,Mensalista,71.0,608,3
CURICICA,F,RIO DE JANEIRO,Brasileira,Casado,1966-03-31,RJ,FEMININO,Não,,Copeira,3176.2,Não,Mensalista,59.0,677,0
CAJÚ,F,RIO DE JANEIRO,BRASILEIRA,Casada,1962-08-06,RJ,FEMININO,Não,,Agente De Educação Infantil,1930.97,Não,Mensalista,63.0,237,3
TAQUARA,F,RIO DE JANEIRO,Brasileira,Separada judicialmente,1959-12-23,RJ,FEMININO,Não,,Merendeira,1302.21,Não,Mensalista,66.0,812,2
RICARDO DE ALBUQUERQUE,F,RIO DE JANEIRO,BRASILEIRA,Divorciada,1951-01-10,RJ,FEMININO,Não,,Professor Ii,3216.89,Não,Mensalista,74.0,1048,2
SEPETIBA,F,RIO DE JANEIRO,Brasileira,Divorciada,1959-06-25,RJ,FEMININO,Não,,Servente (Sms),1311.09,Não,Mensalista,66.0,1118,2
TIJUCA,F,RIO DE JANEIRO,BRASILEIRA,Solteira,1980-04-29,RJ,FEMININO,Não,,Agente De Educação Infantil,2100.25,Não,Mensalista,45.0,237,0
WONA,F,BELFORD ROXO,Brasileira,Viúvo,1955-05-03,RJ,MASCULINO,Não,,Eletricista De Rede,4163.92,Não,Mensalista,70.0,713,2
DEL CASTILHO,F,RIO DE JANEIRO,Brasileira,Casado,1956-04-24,RJ,MASCULINO,Não,,Programador Computador,5554.5,Não,Mensalista,69.0,1087,2
SAMPAIO,F,RIO DE JANEIRO,Brasileira,Casado,1969-05-29,RJ,FEMININO,Não,,Aux. De Enfermagem,2450.32,Não,Mensalista,56.0,525,0
COPACABANA,F,RIO DE JANEIRO,Brasileira,Solteira,1960-03-16,RJ,FEMININO,Não,,Professor Ii,10009.34,Não,Mensalista,65.0,1048,1
COPACABANA,F,RIO DE JANEIRO,BRASILEIRA,Solteira,1960-03-16,RJ,FEMININO,Não,,Professor Ii,10009.34,Não,Mensalista,65.0,1048,1
RAMOS,F,RIO DE JANEIRO,Brasileira,Divorciada,1962-05-22,RJ,FEMININO,Não,,Ag. Comunitario Nivel Ii,3279.67,Não,Mensalista,63.0,98,3
VILA ISABEL,F,RIO DE JANEIRO,Brasileira,Solteira,1966-04-13,RJ,FEMININO,Não,,Professor Ii,4078.2,Não,Mensalista,59.0,1048,2
PRAÇA SECA,F,RIO DE JANEIRO,Brasileira,Desquitada,1957-09-26,RJ,FEMININO,Não,,Professor Ii,8524.78,Não,Mensalista,68.0,1048,1
BANGU,F,RIO DE JANEIRO,BRASILEIRA,Divorciada,1953-02-17,RJ,FEMININO,Não,,Servente,2308.16,Não,Mensalista,72.0,1116,2
TIJUCA,F,RIO DE JANEIRO,Brasileira,Casado,1943-08-12,RJ,FEMININO,Não,,Aux De Enfermagem,2088.98,Não,Mensalista,82.0,459,3
REALENGO,F,RIO DE JANEIRO,Brasileira,Solteiro,1968-08-03,RJ,MASCULINO,Não,,Merendeira,1490.48,Não,Mensalista,57.0,812,0
SANTA CRUZ,F,RIO DE JANEIRO,BRASILEIRA,Solteira,1954-11-20,RJ,FEMININO,Não,,Trabalhador,1324.82,Não,Mensalista,71.0,1202,2
MANGUINHOS,F,RIO DE JANEIRO,BRASILEIRA,Solteira,1964-12-08,RJ,FEMININO,Não,,Servente,1970.55,Não,Mensalista,61.0,1116,2
BANGU,F,RIO DE JANEIRO,Brasileira,Solteiro,1957-03-08,RJ,FEMININO,Não,,Aux. De Enfermagem,3817.22,Não,Mensalista,68.0,525,3
PEDRA DE GUARATIBA,F,RIO DE JANEIRO,BRASILEIRA,Solteira,1954-12-06,RJ,FEMININO,Não,,Aux De Enfermagem 2º Grau,4549.1,Não,Mensalista,71.0,474,3
REALENGO,F,RIO DE JANEIRO,Brasileira,Casado,1950-03-22,RJ,FEMININO,Não,,Merendeira,1334.64,Não,Mensalista,75.0,812,2
ROCHA MIRANDA,F,RIO DE JANEIRO,Brasileira,Separada judicialmente,1969-12-24,RJ,FEMININO,Não,,Merendeira,924.79,Não,Mensalista,56.0,812,0
BANGU,F,RIO DE JANEIRO,Brasileira,Divorciada,1951-02-14,RJ,FEMININO,Não,,Aposentada,2276.04,Não,Mensalista,74.0,294,3
CAMPO GRANDE,F,RIO DE JANEIRO,Brasileira,Solteira,1967-10-23,RJ,FEMININO,Não,,Aux De Enfermagem 2º Grau,3140.7,Não,Mensalista,58.0,474,3
PARADA DE LUCAS,F,RIO DE JANEIRO,Brasileira,Viúva,1954-07-28,RJ,FEMININO,Não,,Servente,1551.24,Não,Mensalista,71.0,1116,2
VILA SANTO ANTONIO,F,DUQUE DE CAXIAS,Brasileira,Casada,1968-02-23,RJ,FEMININO,Não,,Professor Ii,2297.32,Não,Mensalista,57.0,1048,2
MADUREIRA,F,RIO DE JANEIRO,BRASILEIRA,Viúva,1951-08-29,RJ,FEMININO,Não,,Merendeira,952.6,Não,Mensalista,74.0,812,2
BANGU,F,RIO DE JANEIRO,BRASILEIRA,Separada judicialmente,1946-08-26,RJ,FEMININO,Não,,Professor Ii,4122.37,Não,Mensalista,79.0,1048,2
BANGU,F,RIO DE JANEIRO,BRASILEIRA,Separado judicialmente,1946-08-26,RJ,MASCULINO,Não,,Aposentada,4494.36,Não,Mensalista,79.0,294,3
CASCADURA,F,RIO DE JANEIRO,Brasileira,Casada,1961-04-18,RJ,FEMININO,Não,,Aux De Enfermagem 1º Grau,3543.51,Não,Mensalista,64.0,468,3
VILA ISABEL,F,RIO DE JANEIRO,Brasileira,Solteira,1979-02-09,RJ,FEMININO,Não,,Merendeira,1557.07,Não,Mensalista,46.0,812,0
TIJUCA,F,RIO DE JANEIRO,Brasileira,Viúva,1948-02-12,RJ,FEMININO,Não,,Professor Ii,5826.02,Não,Mensalista,77.0,1048,2
COCOTA,F,RIO DE JANEIRO,Brasileira,Viúva,1942-05-15,RJ,FEMININO,Não,,Merendeira,844.63,Não,Mensalista,83.0,812,2
QUEIMADOS,F,RIO DE JANEIRO,Brasileira,Solteiro,1949-04-03,RJ,FEMININO,Não,,Merendeira (Ciep),931.3,Não,Mensalista,76.0,813,2
CAMPO GRANDE,F,RIO DE JANEIRO,Brasileira,Solteiro,1958-12-21,RJ,MASCULINO,Não,,Trabalhador,3904.93,Não,Mensalista,67.0,1202,2
INHAUMA,F,RIO DE JANEIRO,BRASILEIRA,Casada,1976-01-20,RJ,FEMININO,Não,,Aux. De Enfermagem,4707.22,Não,Mensalista,49.0,525,0
CAMPO GRANDE,F,RIO DE JANEIRO,BRASILEIRA,Divorciada,1961-02-14,RJ,FEMININO,Não,,Professor Ii,9801.12,Não,Mensalista,64.0,1048,1
CAMPO GRANDE,F,RIO DE JANEIRO,BRASILEIRA,Divorciada,1961-02-14,RJ,FEMININO,Não,,Professor Ii,9801.12,Não,Mensalista,64.0,1048,1
PACIENCIA,F,RIO DE JANEIRO,Brasileira,Casado,1963-01-09,RJ,FEMININO,Não,,Merendeira,1935.98,Não,Mensalista,62.0,812,2
BANGU,F,RIO DE JANEIRO,BRASILEIRA,Casada,1967-06-22,RJ,FEMININO,Não,,Ag De Aducação Infantil,3349.83,Não,Mensalista,58.0,45,3
MEIER,F,RIO DE JANEIRO,Brasileira,Solteira,1954-01-18,RJ,FEMININO,Não,,Aux De Enfermagem 2º Grau,4102.3,Não,Mensalista,71.0,474,3
JARDIM PRIMAVERA,F,DUQUE DE CAXIAS,BRASILEIRA,Solteiro,1988-06-18,RJ,FEMININO,Não,Risco PLD/FT Baixo,Inspetor De Alunos,4278.74,Não,Mensalista,37.0,789,0
CAMPO GRANDE,F,RIO DE JANEIRO,Brasileira,Casado,1973-07-25,RJ,FEMININO,Não,,Ag De Administração,3137.08,Não,Mensalista,52.0,40,3
VILA SANTO ANTONIO,F,DUQUE DE CAXIAS,BRASILEIRA,Solteira,1984-08-21,RJ,FEMININO,Não,,Agente De Educação Infantil,4353.73,Não,Mensalista,41.0,237,0
PENHA,F,RIO DE JANEIRO,Brasileira,Solteira,1967-04-26,RJ,FEMININO,Não,,Agente De Material,3443.34,Não,Mensalista,58.0,242,3
BANGU,F,RIO DE JANEIRO,Brasileira,Casado,1972-01-13,RJ,FEMININO,Não,,Prof,7588.7,Não,Mensalista,53.0,874,1
SÃO MATEUS,F,SÃO JOÃO DE MERITI,BRASILEIRA,Casada,1984-05-09,RJ,FEMININO,Não,,Professor De Ensino Religioso,9841.49,Não,Mensalista,41.0,1004,1
SÃO MATEUS,F,SÃO JOÃO DE MERITI,BRASILEIRA,Casada,1984-05-09,RJ,FEMININO,Não,,Professor De Ensino Fundamenta,9841.49,Não,Mensalista,41.0,1001,1
ZUMBI,F,RIO DE JANEIRO,Brasileira,Casada,1965-05-16,RJ,FEMININO,Não,,Professor Ii,9052.72,Não,Mensalista,60.0,1048,1
ZUMBI,F,RIO DE JANEIRO,BRASILEIRA,Casada,1965-05-16,RJ,FEMININO,Não,,Professor Ii,9052.72,Não,Mensalista,60.0,1048,1
VILA VALQUEIRE,F,CURITIBA,Brasileira,Solteira,1973-05-14,PR,FEMININO,Não,,Aux De Enfermagem,2106.28,Não,Mensalista,52.0,459,0
DEODORO,F,RIO DE JANEIRO,BRASILEIRA,Solteira,1964-07-15,RJ,FEMININO,Não,,Agente De Administraçao,4198.71,Não,Mensalista,61.0,215,3
VARGEM GRANDE,F,RIO DE JANEIRO,BRASILEIRA,Solteira,1965-11-13,RJ,FEMININO,Não,,Auxiliar De Enfermagem,3200.5,Não,Mensalista,60.0,608,3
TAQUARA,F,RIO DE JANEIRO,Brasileira,Casada,1953-08-05,RJ,FEMININO,Não,,Aposentada,2407.6,Não,Mensalista,72.0,294,3
PACIENCIA,F,RIO DE JANEIRO,Brasileira,Casada,1957-01-03,RJ,FEMININO,Não,,Aux De Enfermagem 2º Grau,5342.44,Não,Mensalista,68.0,474,3
CAMPO GRANDE,F,RIO DE JANEIRO,BRASILEIRA,Solteiro,1967-02-03,RJ,FEMININO,Não,Risco PLD/FT Baixo,Prof I - Matematica,14252.63,Não,,58.0,910,1
BANGU,F,RIO DE JANEIRO,Brasileira,Casado,1961-05-31,RJ,MASCULINO,Não,,Agente De Portaria,2436.6,Não,Mensalista,64.0,243,3
SANTA CRUZ,F,RIO DE JANEIRO,Brasileira,Casado,1943-07-24,RJ,MASCULINO,Não,,Art De Pavimentacao E Pedreira,4669.96,Não,Mensalista,82.0,329,3
SENADOR VASCONCELOS,F,RIO DE JANEIRO,Brasileira,Casado,1964-07-04,RJ,MASCULINO,Não,,Trabalhador,4739.12,Não,Mensalista,61.0,1202,2
CENTRO,F,RIO DE JANEIRO,BRASILEIRA,SOLTEIRO,1963-04-09,RJ,MASCULINO,Não,,Trabalhador,1724.75,Não,Mensalista,62.0,1202,2
TOMAS COELHO,F,RIO DE JANEIRO,BRASILEIRA,Separado judicialmente,1968-12-18,RJ,MASCULINO,Não,,Aux. De Controle De Endemias,4753.22,Não,Mensalista,57.0,518,0
BANGU,F,RIO DE JANEIRO,Brasileira,Solteiro,1956-12-05,RJ,MASCULINO,Não,,Aux De Enfermagem 2º Grau,4059.96,Não,Mensalista,69.0,474,3
VIGARIO GERAL,F,RIO DE JANEIRO,Brasileira,Divorciado,1954-07-21,RJ,MASCULINO,Não,,Tecnico De Higiene Dental,2294.4,Não,Mensalista,71.0,1175,2
PEDRA DE GUARATIBA,F,CURITIBA,Brasileira,Solteiro,1945-10-23,PR,MASCULINO,Não,,Ag De Administração,1678.14,Não,Mensalista,80.0,40,3
BANGU,F,RIO DE JANEIRO,Brasileira,Solteiro,1951-02-26,RJ,MASCULINO,Não,,Trabalhador,1710.96,Não,Mensalista,74.0,1202,2
PACIENCIA,F,RIO DE JANEIRO,BRASILEIRA,Solteiro,1950-02-02,RJ,MASCULINO,Não,,Agende Vigilancia,1764.9,Não,Mensalista,75.0,171,3
TURIAÇU,F,RIO DE JANEIRO,BRASILEIRA,Casado,1953-09-29,RJ,MASCULINO,Não,,Aposentado,4931.24,Não,Mensalista,72.0,295,3
OLARIA,F,RIO DE JANEIRO,Brasileira,Viúvo,1950-06-12,RJ,MASCULINO,Não,,Aposentado,1797.24,Não,Mensalista,75.0,295,3
SANTA CRUZ,F,RIO DE JANEIRO,BRASILEIRA,Solteiro,1941-02-16,RJ,MASCULINO,Não,,Trabalhador,1510.43,Não,Mensalista,84.0,1202,2
IGUABA PEQUENA,F,IGUABA GRANDE,Brasileira,Casada,1956-07-13,RJ,FEMININO,Não,,Professor Ii,4516.56,Não,Mensalista,69.0,1048,2
SENADOR CAMARA,F,RIO DE JANEIRO,Brasileira,Casada,1944-09-07,RJ,FEMININO,Não,,Servente,1426.5,Não,Mensalista,81.0,1116,2
PACIENCIA,F,RIO DE JANEIRO,Brasileira,Casado,1958-09-05,RJ,MASCULINO,Não,,Ajudante De Eletricista,2641.44,Não,Mensalista,67.0,284,3
SANTA CRUZ,F,RIO DE JANEIRO,BRASILEIRA,Casado,1962-07-21,RJ,MASCULINO,Não,,Trabalhador,3324.74,Não,Mensalista,63.0,1202,2
BENFICA,F,RIO DE JANEIRO,Brasileira,Divorciado,1955-06-10,RJ,MASCULINO,Não,,Ag Aux. De Administração,1891.61,Não,Mensalista,70.0,28,3
CAMPO GRANDE,F,RIO DE JANEIRO,Brasileira,Divorciado,1955-03-14,RJ,MASCULINO,Não,,Ag. De Vigilancia,1454.86,Não,Mensalista,70.0,140,3
BANGU,F,RIO DE JANEIRO,Brasileira,Casado,1955-11-25,RJ,FEMININO,Não,,Agente De Administração,3633.04,Não,Mensalista,70.0,216,3
BRAZ DE PINA,F,RIO DE JANEIRO,Brasileira,Solteira,1966-05-29,RJ,FEMININO,Não,,Aux. De Enfermagem,3036.39,Não,Mensalista,59.0,525,3
PENHA CIRCULAR,F,RIO DE JANEIRO,Brasileira,Solteira,1970-02-05,RJ,FEMININO,Não,,Merendeira,2181.72,Não,Mensalista,55.0,812,0
OSWALDO CRUZ,F,RIO DE JANEIRO,Brasileira,Separada judicialmente,1961-09-24,RJ,FEMININO,Não,,Aux. De Enfermagem 1º Grau,3859.89,Não,Mensalista,64.0,534,3
ANCHIETA,F,RIO DE JANEIRO,BRASILEIRA,Divorciada,1974-06-12,RJ,FEMININO,Não,,Prof De Ensino Fundamental,9225.01,Não,Mensalista,51.0,887,1
SENADOR VASCONCELOS,F,RIO DE JANEIRO,Brasileira,Casada,1963-09-25,RJ,FEMININO,Não,,Aux De Enfermagem,6277.92,Não,Mensalista,62.0,459,3
PARQUE BEIRA MAR,F,DUQUE DE CAXIAS,BRASILEIRA,Solteira,1976-03-19,RJ,FEMININO,Não,,Merendeira,2181.72,Não,Mensalista,49.0,812,0
LINS DE VASCONCELOS,F,RIO DE JANEIRO,BRASILEIRA,Solteira,1980-12-27,RJ,FEMININO,Não,,Ag De Educação Infantil,5277.09,Não,Mensalista,45.0,55,0
VICENTE DE CARVALHO,F,RIO DE JANEIRO,BRASILEIRA,Solteira,1977-05-12,RJ,FEMININO,Não,,Professor Ii,3075.36,Não,Mensalista,48.0,1048,0
CAMPO GRANDE,F,RIO DE JANEIRO,BRASILEIRA,Solteira,1971-02-08,RJ,FEMININO,Não,,Servente,2047.2,Não,Mensalista,54.0,1116,2
VILA SÃO LUIS,F,NOVA IGUAÇU,BRASILEIRA,Casada,1978-09-21,RJ,FEMININO,Não,,Professor Ii / Diretor Iv,9087.94,Não,Mensalista,47.0,1053,1
REALENGO,F,RIO DE JANEIRO,BRASILEIRA,Casado,1975-09-10,RJ,FEMININO,Não,,Merendeira,749.83,Não,Mensalista,50.0,812,0
SAMPAIO,F,RIO DE JANEIRO,Brasileira,Divorciado,1973-04-04,RJ,FEMININO,Não,,Aux. De Enfermagem,3496.86,Não,Mensalista,52.0,525,0
BRAZ DE PINA,F,RIO DE JANEIRO,Brasileira,Solteiro,1956-08-16,RJ,FEMININO,Não,,Merendeira,1052.2,Não,Mensalista,69.0,812,2
OLARIA,F,RIO DE JANEIRO,Brasileira,Viúva,1947-07-17,RJ,FEMININO,Não,,Trabalhador,654.0,Não,Mensalista,78.0,1202,2
ANA CLARA,F,RIO DE JANEIRO,Brasileira,Casado,1943-01-13,RJ,FEMININO,Não,,Prof,2637.22,Não,Mensalista,82.0,874,2
JARDIM GUANABARA,F,RIO DE JANEIRO,BRASILEIRA,Divorciada,1954-10-14,RJ,FEMININO,Não,,Aposentada,2787.48,Não,Mensalista,71.0,294,3
BENTO RIBEIRO,F,RIO DE JANEIRO,Brasileira,Casado,1961-04-13,RJ,FEMININO,Não,,Agente De Portaria,2405.4,Não,Mensalista,64.0,243,3
GARDENIA AZUL,F,RIO DE JANEIRO,BRASILEIRA,Divorciada,1973-04-01,RJ,FEMININO,Não,,Aux De Enfermagem 2º Grau,3211.45,Não,Mensalista,52.0,474,0
SANTA CRUZ,F,RIO DE JANEIRO,BRASILEIRA,Casada,1956-12-26,RJ,FEMININO,Não,,Merendeira,1081.5,Não,Mensalista,69.0,812,2
BANGU,F,RIO DE JANEIRO,Brasileira,Divorciada,1954-10-24,RJ,FEMININO,Não,,Prof Ii,3588.22,Não,Mensalista,71.0,930,2
CIDADE DE DEUS,F,RIO DE JANEIRO,Brasileira,Separada judicialmente,1959-10-06,RJ,FEMININO,Não,,Merendeira,2012.73,Não,Mensalista,66.0,812,2
SANTA CRUZ,F,RIO DE JANEIRO,Brasileira,Divorciada,1961-06-07,RJ,FEMININO,Não,,Aposentada,3698.7,Não,Mensalista,64.0,294,3
CASCADURA,F,RIO DE JANEIRO,Brasileira,Solteira,1972-12-03,RJ,FEMININO,Não,,Ag. De Administração,4824.48,Não,Mensalista,53.0,109,3
IRAJA,F,RIO DE JANEIRO,BRASILEIRA,Casada,1973-06-15,RJ,FEMININO,Não,Risco PLD/FT Baixo,Professor De Ensino Fundamenta,6399.68,Não,Mensalista,52.0,1001,1
PAVUNA,F,RIO DE JANEIRO,Brasileira,Casada,1953-09-01,RJ,FEMININO,Não,,Servente,2290.76,Não,Mensalista,72.0,1116,2
SENADOR VASCONCELOS,F,RIO DE JANEIRO,BRASILEIRA,Separada judicialmente,1966-01-07,RJ,FEMININO,Não,,Merendeira,1681.47,Não,Mensalista,59.0,812,2
CAMPO GRANDE,F,RIO DE JANEIRO,Brasileira,Solteiro,1953-07-01,RJ,FEMININO,Não,,Animador Cultural,1109.8,Não,Mensalista,72.0,290,3
COELHO,F,SAO GONCALO,BRASILEIRA,Casado,1960-11-20,RJ,FEMININO,Não,Risco PLD/FT Baixo,Auxiliar De Enfermagem (Enq. F,2605.22,Não,Mensalista,65.0,610,3
ROCHA MIRANDA,F,RIO DE JANEIRO,Brasileira,Viúva,1956-07-03,RJ,FEMININO,Não,,Servente,1843.42,Não,Mensalista,69.0,1116,2
BRAZ DE PINA,F,RIO DE JANEIRO,Brasileira,Viúvo,1944-12-25,RJ,FEMININO,Não,,Aux. Enferm,2868.58,Não,Mensalista,81.0,561,3
MADUREIRA,F,RIO DE JANEIRO,Brasileira,Casada,1960-10-01,RJ,FEMININO,Não,,Aux De Enfermagem 2º Grau,6402.51,Não,Mensalista,65.0,474,3
MADUREIRA,F,RIO DE JANEIRO,BRASILEIRA,Casada,1960-10-01,RJ,FEMININO,Não,,Tecnico De Enfermagem,6402.51,Não,Mensalista,65.0,1172,2
SENADOR CAMARA,F,RIO DE JANEIRO,BRASILEIRA,Divorciada,1962-07-29,RJ,FEMININO,Não,,Professor Ii,9831.62,Não,Mensalista,63.0,1048,1
SENADOR CAMARA,F,RIO DE JANEIRO,BRASILEIRA,Divorciada,1962-07-29,RJ,FEMININO,Não,,Aposentada,7568.28,Não,Mensalista,63.0,294,3
REALENGO,F,RIO DE JANEIRO,BRASILEIRA,Solteira,1964-09-09,RJ,FEMININO,Não,,Merendeira,1654.3,Não,Mensalista,61.0,812,2
SÃO DOMINGOS,F,NITERÓI,Brasileira,Divorciada,1958-05-25,RJ,FEMININO,Não,,Professor Ii,11695.42,Não,Mensalista,67.0,1048,1
JACAREPAGUA,F,RIO DE JANEIRO,BRASILEIRA,Solteira,1957-11-01,RJ,FEMININO,Não,,Agente De Administração,2653.72,Não,Mensalista,68.0,216,3
TOMAS COELHO,F,RIO DE JANEIRO,Brasileira,Divorciada,1952-10-14,RJ,FEMININO,Não,,Professor Ii,10947.3,Não,Mensalista,73.0,1048,1
TOMAS COELHO,F,RIO DE JANEIRO,BRASILEIRA,Divorciada,1952-10-14,RJ,FEMININO,Não,,Professor Ii,10947.3,Não,Mensalista,73.0,1048,1
TOMAS COELHO,F,RIO DE JANEIRO,BRASILEIRA,Divorciada,1952-10-14,RJ,FEMININO,Não,,Professor Ii,6201.26,Não,Mensalista,73.0,1048,2
PADRE MIGUEL,F,RIO DE JANEIRO,BRASILEIRA,Solteira,1949-07-01,RJ,FEMININO,Não,,Professor Ii,7966.15,Não,Mensalista,76.0,1048,2
PADRE MIGUEL,F,RIO DE JANEIRO,BRASILEIRA,Solteira,1949-07-01,RJ,FEMININO,Não,,Professor Ii,3799.99,Não,Mensalista,76.0,1048,2
ANA CLARA,F,RIO DE JANEIRO,Brasileira,Não informado,1959-08-24,RJ,FEMININO,Não,,Auxiliar De Enfermagem,3082.44,Não,Mensalista,66.0,608,3
BONSUCESSO,F,RIO DE JANEIRO,BRASILEIRA,Casada,1962-02-04,RJ,FEMININO,Não,,Aux De Enfermagem,4246.61,Não,Mensalista,63.0,459,3
BANGU,F,RIO DE JANEIRO,BRASILEIRA,SOLTEIRO,1960-04-06,RJ,FEMININO,Não,,Aux. De Creche,857.25,Não,Mensalista,65.0,519,3
PENHA CIRCULAR,F,RIO DE JANEIRO,Brasileira,Solteira,1975-11-29,RJ,FEMININO,Não,,Agente De Administração,3531.25,Não,Mensalista,50.0,216,0
JACAREPAGUA,F,RIO DE JANEIRO,BRASILEIRA,Casado,1979-05-24,RJ,FEMININO,Não,,Aux. Creche,1063.43,Não,Mensalista,46.0,517,0
CORDOVIL,F,RIO DE JANEIRO,Brasileira,Divorciada,1968-02-05,RJ,FEMININO,Não,,Professor Ii,10316.0,Não,Mensalista,57.0,1048,1
TAQUARA,F,RIO DE JANEIRO,BRASILEIRA,Casada,1976-08-25,RJ,FEMININO,Não,,Agente De Educador Ii,1661.4,Não,Mensalista,49.0,234,0
TIJUCA,F,RIO DE JANEIRO,Brasileira,Solteira,1953-07-29,RJ,FEMININO,Não,,Professora Ii,2505.39,Não,Mensalista,72.0,1074,2
TIJUCA,F,RIO DE JANEIRO,BRASILEIRA,SOLTEIRO,1953-07-29,RJ,FEMININO,Não,,Professor,2266.72,Não,Mensalista,72.0,984,2
VILA DA PENHA,F,RIO DE JANEIRO,Brasileira,Viúva,1946-05-06,RJ,FEMININO,Não,,Aposentada,2808.63,Não,Mensalista,79.0,294,3
MARECHAL HERMES,F,RIO DE JANEIRO,Brasileira,Casado,1967-05-23,RJ,MASCULINO,Não,,Agente Aux. De Administração,10170.48,Não,Mensalista,58.0,187,1
PAVUNA,F,RIO DE JANEIRO,Brasileira,Casada,1955-03-27,RJ,FEMININO,Não,,Aux De Serviços Gerais (Qs),4745.4,Não,Mensalista,70.0,502,3
MACEDONIA,F,ARRAIAL DO CABO,BRASILEIRA,Casado,1973-10-07,RJ,FEMININO,Não,,Auxiliarc De Enfermagem,1797.61,Não,Mensalista,52.0,647,0
GRAJAU,F,RIO DE JANEIRO,BRASILEIRA,Divorciado,1971-09-28,RJ,FEMININO,Não,Risco PLD/FT Baixo,Ag. De Educação Infantil,8943.64,Não,Mensalista,54.0,129,3
PRAÇA DA BANDEIRA,F,RIO DE JANEIRO,BRASILEIRA,Casada,1971-04-20,RJ,FEMININO,Não,,Aux De Enfermagem 2º Grau,3453.57,Não,Mensalista,54.0,474,0
MAGALHÃES BASTOS,F,RIO DE JANEIRO,BRASILEIRA,Solteira,1984-07-15,RJ,FEMININO,Não,,Ag Aux De Creche,3052.04,Não,Mensalista,41.0,27,0
SARACURUNA,F,DUQUE DE CAXIAS,BRASILEIRA,Solteiro,1979-07-11,RJ,FEMININO,Não,Risco PLD/FT Baixo,Tecnico De Enfermagem,4438.34,Não,Mensalista,46.0,1172,0
SANTA CRUZ,F,RIO DE JANEIRO,BRASILEIRA,Solteira,1980-10-19,RJ,FEMININO,Não,,Ag. Educação Infantil,2906.91,Não,Mensalista,45.0,145,0
ROCHA MIRANDA,F,RIO DE JANEIRO,BRASILEIRA,Casada,1967-02-03,RJ,FEMININO,Não,,Agente De Educação Infantil,3753.37,Não,Mensalista,58.0,237,3
SANTOS NEVES,F,NOVA IGUACU,Brasileira,Solteiro,1976-08-17,RJ,FEMININO,Não,,Auxiliar De Enfermagem 2° Grau,2133.08,Não,Mensalista,49.0,619,0
REALENGO,F,RIO DE JANEIRO,Brasileira,Divorciada,1964-11-13,RJ,FEMININO,Não,,Merendeira,1896.78,Não,Mensalista,61.0,812,2
CAMPO GRANDE,F,RIO DE JANEIRO,BRASILEIRA,Casado,1968-03-24,RJ,FEMININO,Não,,Aux. Creche,1088.76,Não,Mensalista,57.0,517,0
VILA ISABEL,F,RIO DE JANEIRO,BRASILEIRA,Casada,1980-06-23,RJ,FEMININO,Não,,Prof De Educacao Infantil,7517.34,Não,Mensalista,45.0,883,1
SEPETIBA,F,RIO DE JANEIRO,Brasileira,Desquitado,1949-02-17,RJ,MASCULINO,Não,,Trabalhador,2667.92,Não,Mensalista,76.0,1202,2
MEIER,F,RIO DE JANEIRO,BRASILEIRA,Solteiro,1977-03-09,RJ,MASCULINO,Não,Risco PLD/FT Baixo,Prof - Inglês,5671.64,Não,Mensalista,48.0,876,0
VILA DA PENHA,F,RIO DE JANEIRO,Brasileira,Casada,1962-07-06,RJ,FEMININO,Não,,Aux. De Enf.,3629.24,Não,Mensalista,63.0,522,3
CORDOVIL,F,RIO DE JANEIRO,BRASILEIRA,Viúva,1956-10-03,RJ,FEMININO,Não,,Merendeira,1976.96,Não,Mensalista,69.0,812,2
COPACABANA,F,RIO DE JANEIRO,BRASILEIRA,Separado judicialmente,1967-05-26,RJ,MASCULINO,Não,,Professor Ii,3380.04,Não,Mensalista,58.0,1048,2
FLAMENGO,F,RIO DE JANEIRO,Brasileira,Divorciado,1953-03-03,RJ,MASCULINO,Não,,Analista Cvm,15829.76,Não,Mensalista,72.0,289,1
ANCHIETA,F,RIO DE JANEIRO,Brasileira,Solteiro,1968-03-19,RJ,MASCULINO,Não,,Agente De Saude,0.0,Não,Mensalista,57.0,252,3
ANA CLARA,F,RIO DE JANEIRO,Brasileira,Casado,1966-01-09,RJ,FEMININO,Não,,Aux. De Enfermagem,3733.06,Não,Mensalista,59.0,525,3
BRAGA,F,CABO FRIO,BRASILEIRA,Solteiro,1991-06-11,RJ,MASCULINO,Não,Risco PLD/FT Baixo,Capitao Bm,17535.58,Não,Mensalista,34.0,660,1
GARDENIA AZUL,F,RIO DE JANEIRO,Brasileira,Solteira,1982-08-15,RJ,FEMININO,Não,,Merendeira,745.52,Não,Mensalista,43.0,812,0
MADUREIRA,F,RIO DE JANEIRO,BRASILEIRA,Divorciada,1960-03-06,RJ,FEMININO,Não,,Professor Ii,1261.15,Não,Mensalista,65.0,1048,2
MADUREIRA,F,RIO DE JANEIRO,BRASILEIRA,Divorciada,1960-03-06,RJ,FEMININO,Não,,Professor Ii,1261.15,Não,Mensalista,65.0,1048,2
OLARIA,F,RIO DE JANEIRO,BRASILEIRA,Solteira,1961-06-10,RJ,FEMININO,Não,,Prof I,5212.97,Não,Mensalista,64.0,895,2
ENGENHO DE DENTRO,F,RIO DE JANEIRO,BRASILEIRA,Casado,1984-04-08,RJ,MASCULINO,Não,Risco PLD/FT Baixo,Professor Docente I - 18 Horas,3685.33,Não,Mensalista,41.0,1014,0
SANTA CRUZ,F,RIO DE JANEIRO,BRASILEIRA,Solteiro,1991-09-11,RJ,MASCULINO,Não,Risco PLD/FT Baixo,Gari,2950.55,Não,Mensalista,34.0,769,0
PACIENCIA,F,RIO DE JANEIRO,Brasileira,Viúvo,1949-11-30,RJ,MASCULINO,Não,,Art. De Est.De Ob. Metalurgia,4216.63,Não,Mensalista,76.0,355,3
BANGU,F,RIO DE JANEIRO,BRASILEIRA,Solteira,1958-08-13,RJ,FEMININO,Não,,Aposentada,3307.43,Não,Mensalista,67.0,294,3
GAVEA,F,RIO DE JANEIRO,Brasileira,Não informado,1954-10-12,RJ,MASCULINO,Não,,Motorista Oficial,2924.08,Não,Mensalista,71.0,830,2
VILA CAMARIM,F,QUEIMADOS,BRASILEIRA,Divorciado,1957-04-16,RJ,MASCULINO,Não,,Motorista Operador (Rioluz),3429.37,Não,Mensalista,68.0,832,2
IRAJA,F,RIO DE JANEIRO,BRASILEIRA,Solteiro,1991-12-27,RJ,FEMININO,Não,Risco PLD/FT Baixo,Tecnico Universitario Superior,12296.77,Não,Mensalista,34.0,1193,1
MAGALHÃES BASTOS,F,RIO DE JANEIRO,BRASILEIRA,Solteira,1988-03-07,RJ,FEMININO,Não,,Aux. De Creche,1133.58,Não,Mensalista,37.0,519,0
CENTRO,F,RIO DE JANEIRO,BRASILEIRA,Solteira,1990-12-30,RJ,FEMININO,Não,Risco PLD/FT Baixo,Assessor,5040.17,Não,Mensalista,35.0,407,0
JACAREPAGUA,F,RIO DE JANEIRO,Brasileira,Solteiro,1952-10-23,RJ,MASCULINO,Não,,Trabalhador,3169.66,Não,Mensalista,73.0,1202,2
BANGU,F,RIO DE JANEIRO,BRASILEIRA,Casado,1961-10-06,RJ,MASCULINO,Não,,Trabalhador,3238.18,Não,Mensalista,64.0,1202,2
VENDA VELHA,F,SÃO JOÃO DE MERITI,BRASILEIRA,União Estável,1986-05-20,RJ,FEMININO,Não,,Professor,0.0,Não,Mensalista,39.0,984,0
JARDIM ATLANTICO,F,MARICA,BRASILEIRA,Solteiro,1994-04-02,RJ,MASCULINO,Não,Risco PLD/FT Baixo,Soldado Bm,5333.88,Não,,31.0,1128,0
VILA CANAAN,F,DUQUE DE CAXIAS,BRASILEIRA,Solteiro,1987-05-04,RJ,MASCULINO,Não,,Professor De Ens. Fundamental,8090.55,Não,Mensalista,38.0,999,1
REALENGO,F,RIO DE JANEIRO,Brasileira,Casado,1960-08-14,RJ,MASCULINO,Não,,Ajudante De Eletricista,2599.19,Não,Mensalista,65.0,284,3
PARQUE DAS FLORES,F,CURITIBA,Brasileira,União Estável,1959-05-29,PR,MASCULINO,Não,,Lavandeiro (Sms),1053.01,Não,Mensalista,66.0,800,2
CAMPO GRANDE,F,RIO DE JANEIRO,Brasileira,Casado,1964-12-11,RJ,MASCULINO,Não,,Agente De Vigilancia,1444.02,Não,Mensalista,61.0,259,3
ANCHIETA,F,RIO DE JANEIRO,Brasileira,Solteira,1961-07-07,RJ,FEMININO,Não,,Aposentada,3086.93,Não,Mensalista,64.0,294,3
APOLO 3,F,ITABORAI,Brasileira,Casado,1960-06-20,RJ,FEMININO,Não,,Auxiliar De Enfermagem 2° Grau,3538.3,Não,Mensalista,65.0,619,3
MADUREIRA,F,RIO DE JANEIRO,BRASILEIRA,Solteira,1970-06-21,RJ,FEMININO,Não,,Guarda Municipal,6067.23,Não,Mensalista,55.0,776,0
SÃO GONÇALO,F,RIO DE JANEIRO,Brasileira,Viúva,1942-10-30,RJ,FEMININO,Não,,Aux. De Enfermagem,2101.65,Não,Mensalista,83.0,525,3
REALENGO,F,RIO DE JANEIRO,Brasileira,Casado,1961-10-10,RJ,FEMININO,Não,,Professor,9659.74,Não,Mensalista,64.0,984,1
ITAIPU,F,NITEROI,Brasileira,Divorciado,1959-05-11,RJ,MASCULINO,Não,,Ten Coronel,18638.88,Não,Mensalista,66.0,1198,1
FREGUESIA,F,RIO DE JANEIRO,BRASILEIRA,Casado,1982-10-13,RJ,MASCULINO,Não,,Auxiliar De Controle De Endemi,2058.79,Não,Mensalista,43.0,603,0
GUARATIBA,F,RIO DE JANEIRO,Brasileira,Casado,1961-07-25,RJ,MASCULINO,Não,,Art De Alvenaria E Pintura,4418.83,Não,Mensalista,64.0,304,3
SANTA CRUZ,F,RIO DE JANEIRO,Brasileira,Casado,1948-06-27,RJ,MASCULINO,Não,,Trabalhador,1759.23,Não,Mensalista,77.0,1202,2
CENTRO,F,NILOPOLIS,BRASILEIRA,Desquitado,1948-07-23,RJ,MASCULINO,Não,,Motorista,3690.14,Não,Mensalista,77.0,827,2
ENGENHEIRO PEDREIRA,F,JAPERI,Brasileira,Casado,1962-06-24,RJ,MASCULINO,Não,,Trabalhador,2593.84,Não,Mensalista,63.0,1202,2
JACARÉ,F,RIO DE JANEIRO,Brasileira,Solteiro,1965-06-23,RJ,MASCULINO,Não,,Agente Comunitario Nivel Ii,3522.24,Não,Mensalista,60.0,202,3
BANGU,F,RIO DE JANEIRO,Brasileira,Casado,1944-11-04,RJ,MASCULINO,Não,,Art. De Pavimentação E Pedreir,2038.24,Não,Mensalista,81.0,368,3
QUINTINO BOCAIUVA,F,RIO DE JANEIRO,Brasileira,Casado,1962-09-14,RJ,MASCULINO,Não,,Datilografo,4907.33,Não,Mensalista,63.0,690,2
SENADOR CAMARA,F,RIO DE JANEIRO,Brasileira,Solteiro,1968-06-24,RJ,MASCULINO,Não,,Agente De Documentação Médica,2530.95,Não,Mensalista,57.0,228,3
COPACABANA,F,RIO DE JANEIRO,Brasileira,Não informado,1955-09-23,RJ,MASCULINO,Não,,Agente Executivo,0.0,Não,Mensalista,70.0,273,3
ESTÁCIO,F,RIO DE JANEIRO,Brasileira,Solteiro,1952-06-29,RJ,MASCULINO,Não,,Trabalhador,3217.66,Não,Mensalista,73.0,1202,2
ENGENHO NOVO,F,RIO DE JANEIRO,BRASILEIRA,Solteiro,1980-07-15,RJ,MASCULINO,Não,,Agente De Administração,4980.91,Não,Mensalista,45.0,216,0
VIGARIO GERAL,F,RIO DE JANEIRO,Brasileira,Solteiro,1950-08-29,RJ,MASCULINO,Não,,Copeiro,2617.48,Não,Mensalista,75.0,678,2
BANCÁRIOS/ ILHA DO G,F,RIO DE JANEIRO,Brasileira,Casado,1939-02-08,RJ,MASCULINO,Não,,Art. De Alvenaria E Pintura,3902.34,Não,Mensalista,86.0,340,3
MIGUEL COUTO,F,NOVA IGUACU,Brasileira,Casado,1949-03-21,RJ,MASCULINO,Não,,Trabalhador,3936.9,Não,Mensalista,76.0,1202,2
VILA OPERARIA,F,NOVA IGUAÇU,Brasileira,Casado,1957-02-09,RJ,MASCULINO,Não,,Aposentado,4883.24,Não,Mensalista,68.0,295,3
CARAMUJO,F,RIO DE JANEIRO,Brasileira,Solteiro,1949-06-24,RJ,MASCULINO,Não,,Trabalhador,2599.36,Não,Mensalista,76.0,1202,2
PARQUE ANTARTICA,F,NOVA IGUACU,Brasileira,Solteiro,1963-12-22,RJ,MASCULINO,Não,,Ag. De Vigilancia,2446.56,Não,Mensalista,62.0,140,3
VILA ABOLIÇÃO,F,NOVA IGUACU,BRASILEIRA,Solteiro,1987-11-01,RJ,MASCULINO,Não,Risco PLD/FT Baixo,Tecnico Universitário Ii,10453.24,Não,Mensalista,38.0,1195,1
VIGARIO GERAL,F,RIO DE JANEIRO,Brasileira,Casado,1959-05-31,RJ,MASCULINO,Não,,Aposentado,1783.13,Não,Mensalista,66.0,295,3
BONSUCESSO,F,RIO DE JANEIRO,Brasileira,Divorciado,1946-07-06,RJ,MASCULINO,Não,,Motorista Operador,2686.26,Não,Mensalista,79.0,831,2
ESTRELA DO NORTE,F,SAO GONCALO,BRASILEIRA,Solteiro,1979-05-15,RJ,MASCULINO,Não,Risco PLD/FT Baixo,Professor Docente I 30 Horas,5667.06,Não,,46.0,1017,0
SENADOR CAMARA,F,RIO DE JANEIRO,BRASILEIRA,Casado,1953-12-22,RJ,MASCULINO,Não,,Eletricista De Rede (Rio Luz),4277.7,Não,Mensalista,72.0,714,2
CAMPO GRANDE,F,RIO DE JANEIRO,BRASILEIRA,Solteiro,1971-11-23,RJ,MASCULINO,Não,,Ag De Administração/Chefe Ii,8320.44,Não,Mensalista,54.0,44,3
CAMPO GRANDE,F,RIO DE JANEIRO,BRASILEIRA,União Estável,1948-12-18,RJ,MASCULINO,Não,,Trabalhador,2240.46,Não,Mensalista,77.0,1202,2
PARQUE PAULISTA,F,RIO DE JANEIRO,Brasileira,Solteiro,1944-04-27,RJ,MASCULINO,Não,,Art. De Artes Graficas,1060.43,Não,Mensalista,81.0,341,3
SANTA CRUZ,F,RIO DE JANEIRO,Brasileira,Solteiro,1961-05-03,RJ,MASCULINO,Não,,Art.De Jardin E Arboricultura,2417.74,Não,Mensalista,64.0,380,3
MUNJOLOS,F,SAO GONCALO,Brasileira,Casado,1957-02-24,RJ,MASCULINO,Não,,Subtenente,4711.86,Não,Mensalista,68.0,1134,2
CAMPO GRANDE,F,RIO DE JANEIRO,BRASILEIRA,Casado,1939-06-15,RJ,MASCULINO,Não,,Servente,2043.14,Não,Mensalista,86.0,1116,2
JARDIM IGUAÇU,F,NOVA IGUAÇU,Brasileira,Solteiro,1963-06-23,RJ,MASCULINO,Não,,Motorista,6268.28,Não,Mensalista,62.0,827,2
PILARES,F,RIO DE JANEIRO,Brasileira,Casado,1954-05-31,RJ,MASCULINO,Não,,Ag. De Vigilancia,2171.64,Não,Mensalista,71.0,140,3
SÃO MIGUEL,F,SAO GONCALO,Brasileira,Casado,1959-08-26,RJ,MASCULINO,Não,,Agente De Portaria Da Procura,5050.24,Não,Mensalista,66.0,246,3
IRAJA,F,RIO DE JANEIRO,Brasileira,Solteiro,1958-07-30,RJ,MASCULINO,Não,,Aux. De Ser Gerais,3047.12,Não,Mensalista,67.0,554,3
BANGU,F,RIO DE JANEIRO,BRASILEIRA,Casado,1953-04-15,RJ,MASCULINO,Não,,Aposentado,1904.93,Não,Mensalista,72.0,295,3
CAMPO GRANDE,F,RIO DE JANEIRO,BRASILEIRA,Casado,1954-12-15,RJ,FEMININO,Não,,Aposentada,6138.88,Não,Mensalista,71.0,294,3
JACAREPAGUA,F,RIO DE JANEIRO,Brasileira,Não informado,1952-10-27,RJ,MASCULINO,Não,,Tecnico Nivel Medio,3655.18,Não,Mensalista,73.0,1191,2
MEIA NOITE,F,MAGE,Brasileira,Casado,1955-02-18,RJ,MASCULINO,Não,,Aux De Enfermagem 2° Grau,3250.65,Não,Mensalista,70.0,473,3
VILA ISABEL,F,RIO DE JANEIRO,Brasileira,Casado,1945-11-10,RJ,FEMININO,Não,,Trabalhador,5123.9,Não,Mensalista,80.0,1202,2
JARDIM METROPOLE,F,SÃO JOÃO DE MERITI,BRASILEIRA,Casado,1971-08-05,RJ,MASCULINO,Não,,Agente De Educação Infantil,3081.5,Não,Mensalista,54.0,237,3
BANGU,F,RIO DE JANEIRO,Brasileira,Divorciada,1968-01-06,RJ,FEMININO,Não,,Professor Ii,12306.65,Não,Mensalista,57.0,1048,1
BANGU,F,RIO DE JANEIRO,BRASILEIRA,Solteira,1972-01-16,RJ,FEMININO,Não,,Aux De Enfermgem 2º Grau,1810.16,Não,Mensalista,53.0,484,0
CHAPERÓ,F,ITAGUAI,BRASILEIRA,Divorciada,1979-03-20,RJ,FEMININO,Não,,Professor Ii,14163.85,Não,Mensalista,46.0,1048,1
CHAPERÓ,F,ITAGUAI,BRASILEIRA,Divorciada,1979-03-20,RJ,FEMININO,Não,,Professor De Educaçao Infantil,14163.85,Não,Mensalista,46.0,996,1
SENADOR CAMARA,F,RIO DE JANEIRO,Brasileira,Casada,1965-10-19,RJ,FEMININO,Não,,Merendeira,1755.98,Não,Mensalista,60.0,812,2
INHOAIBA,F,RIO DE JANEIRO,Brasileira,Solteiro,1956-11-20,RJ,MASCULINO,Não,,Eletricista De Rede,5672.86,Não,Mensalista,69.0,713,2
JARDIM SANTO ANTONIO,F,SÃO JOÃO DE MERITI,Brasileira,Casado,1961-11-02,RJ,MASCULINO,Não,,Trabalhador,2962.29,Não,Mensalista,64.0,1202,2
REALENGO,F,RIO DE JANEIRO,Brasileira,Divorciado,1950-01-16,RJ,MASCULINO,Não,,Trabalhador,3362.74,Não,Mensalista,75.0,1202,2
CAMPO GRANDE,F,RIO DE JANEIRO,Brasileira,Casado,1959-12-27,RJ,MASCULINO,Não,,Motorista,5523.35,Não,Mensalista,66.0,827,2
BANGU,F,RIO DE JANEIRO,Brasileira,Casado,1957-07-01,RJ,MASCULINO,Não,,Trabalhador,4384.26,Não,Mensalista,68.0,1202,2
COELHO DA ROCHA,F,RIO DE JANEIRO,BRASILEIRA,SOLTEIRO,1958-01-04,RJ,MASCULINO,Não,,Trabalhador,1579.09,Não,Mensalista,67.0,1202,2
PRAÇA SECA,F,RIO DE JANEIRO,Brasileira,Casada,1969-06-24,RJ,FEMININO,Não,,Recepcionista,3585.36,Não,Mensalista,56.0,1094,2
MAGALHÃES BASTOS,F,RIO DE JANEIRO,Brasileira,Solteiro,1977-11-21,RJ,FEMININO,Não,,Auxil De Enfermagem,4709.7,Não,Mensalista,48.0,598,0
CAMPO GRANDE,F,RIO DE JANEIRO,Brasileira,Solteiro,1973-05-08,RJ,FEMININO,Não,,Aux. De Enfermagem,3355.66,Não,Mensalista,52.0,525,0
BRAZ DE PINA,F,RIO DE JANEIRO,Brasileira,Divorciado,1945-06-18,RJ,MASCULINO,Não,,Professor 1 E 2 Graus,4379.5,Não,Mensalista,80.0,987,2
PARADA MORABI,F,DUQUE DE CAXIAS,BRASILEIRA,Solteiro,1988-06-07,RJ,MASCULINO,Não,Risco PLD/FT Baixo,Professor Docente I,3977.73,Não,Mensalista,37.0,1012,0
PEIXOTO,F,CURITIBA,BRASILEIRA,União Estável,1982-06-12,PR,FEMININO,Não,,Professor,2826.52,Não,Mensalista,43.0,984,0
MADUREIRA,F,RIO DE JANEIRO,Brasileira,Solteiro,1976-10-02,RJ,FEMININO,Não,,Merendeira,1309.6,Não,Mensalista,49.0,812,0
DEL CASTILHO,F,RIO DE JANEIRO,BRASILEIRA,Solteiro,1985-02-09,RJ,FEMININO,Não,Risco PLD/FT Baixo,Cabo Bm,7334.13,Não,Mensalista,40.0,654,0
CACHAMBI,F,RIO DE JANEIRO,BRASILEIRA,Solteiro,1977-04-06,RJ,FEMININO,Não,Risco PLD/FT Baixo,Professor Adjunto De Educação,5040.21,Não,Mensalista,48.0,993,0
BRAZ DE PINA,F,RIO DE JANEIRO,BRASILEIRA,Casado,1978-04-02,RJ,MASCULINO,Não,,Secretario Escolar,1866.48,Não,Mensalista,47.0,1113,0
ANA CLARA,F,RIO DE JANEIRO,Brasileira,Casado,1945-10-02,RJ,MASCULINO,Não,,Eletricista De Rede,3564.84,Não,Mensalista,80.0,713,2
SAO MATHEUS,F,SÃO JOÃO DE MERITI,BRASILEIRA,Casado,1955-03-15,RJ,MASCULINO,Não,,Art. De Est. De Obras De Metal,2292.08,Não,Mensalista,70.0,354,3
CAMPO GRANDE,F,RIO DE JANEIRO,Brasileira,Casado,1974-04-22,RJ,MASCULINO,Não,,Aux De Enfermagem 2º Grau,4008.35,Não,Mensalista,51.0,474,0
SENADOR VASCONCELOS,F,RIO DE JANEIRO,Brasileira,Casado,1959-10-25,RJ,MASCULINO,Não,,Servente,1158.0,Não,Mensalista,66.0,1116,2
MANGUINHOS,F,RIO DE JANEIRO,BRASILEIRA,Viúvo,1956-03-25,RJ,MASCULINO,Não,,Servente,3250.18,Não,Mensalista,69.0,1116,2
TIJUCA,F,RIO DE JANEIRO,Brasileira,Casado,1960-05-14,RJ,MASCULINO,Não,,Militar Inativo,886.0,Não,Mensalista,65.0,825,2
ENCANTADO,F,RIO DE JANEIRO,Brasileira,Casado,1955-03-24,RJ,MASCULINO,Não,,Ag De Administração,1123.14,Não,Mensalista,70.0,40,3
ENGENHO NOVO,F,RIO DE JANEIRO,BRASILEIRA,Divorciado,1953-08-22,RJ,MASCULINO,Não,,Servente,3399.64,Não,Mensalista,72.0,1116,2
BANGU,F,RIO DE JANEIRO,Brasileira,Divorciado,1966-06-29,RJ,MASCULINO,Não,,Ag. De Vigilancia,2263.86,Não,Mensalista,59.0,140,3
PADRE MIGUEL,F,RIO DE JANEIRO,BRASILEIRA,SOLTEIRO,1958-11-30,RJ,MASCULINO,Não,,Copeiro,1604.38,Não,Mensalista,67.0,678,2
REALENGO,F,RIO DE JANEIRO,Brasileira,Solteiro,1955-04-28,RJ,MASCULINO,Não,,Agente De Vigilância,3157.17,Não,Mensalista,70.0,264,3
SANTA CRUZ,F,RIO DE JANEIRO,Brasileira,Casado,1939-12-03,RJ,MASCULINO,Não,,Trabalhador,1769.62,Não,Mensalista,86.0,1202,2
LEOPOLDINA,F,RIO DE JANEIRO,Brasileira,Divorciado,1955-03-13,RJ,MASCULINO,Não,,Motorista,3766.34,Não,Mensalista,70.0,827,2
INHOAIBA,F,RIO DE JANEIRO,Brasileira,Casado,1962-04-20,RJ,MASCULINO,Não,,Art De Alvenaria E Pintura,4063.53,Não,Mensalista,63.0,304,3
COPACABANA,F,RIO DE JANEIRO,BRASILEIRA,Casado,1963-05-06,RJ,MASCULINO,Não,Risco PLD/FT Baixo,Zelador,2189.75,Não,Mensalista,62.0,1238,2
CAMPO GRANDE,F,RIO DE JANEIRO,Brasileira,Solteiro,1957-11-26,RJ,MASCULINO,Não,,Art De Alvenaria E Pintura,2733.22,Não,Mensalista,68.0,304,3
COSMORAMA,F,MESQUITA,BRASILEIRA,Solteiro,1975-08-20,RJ,MASCULINO,Não,Risco PLD/FT Baixo,Subtenente Bm,17501.41,Não,Mensalista,50.0,1135,1
SANTA CRUZ,F,RIO DE JANEIRO,BRASILEIRO,Casado,1941-12-14,RJ,MASCULINO,Não,,Trabalhador,1446.76,Não,Mensalista,84.0,1202,2
BANGU,F,RIO DE JANEIRO,BRASILEIRA,Casado,1958-12-21,RJ,MASCULINO,Não,,Agente De Administração,3680.57,Não,Mensalista,67.0,216,3
AGOSTINHO PORTO,F,SÃO JOÃO DE MERITI,Brasileira,Solteiro,1953-12-01,RJ,MASCULINO,Não,,Trabalhador,2463.92,Não,Mensalista,72.0,1202,2
MADUREIRA,F,RIO DE JANEIRO,Brasileira,Solteiro,1948-08-01,RJ,MASCULINO,Não,,Tecnico De Enfermagem,4099.44,Não,Mensalista,77.0,1172,2
HONORIO GURGEL,F,RIO DE JANEIRO,BRASILEIRA,Desquitado,1953-08-30,RJ,MASCULINO,Não,,Agente De Vigilancia,1770.86,Não,Mensalista,72.0,259,3
BENTO RIBEIRO,F,RIO DE JANEIRO,Brasileira,Casado,1959-04-20,RJ,MASCULINO,Não,,Tecnico De Laboratorio,6237.76,Não,Mensalista,66.0,1176,2
CARAMUJO,F,RIO DE JANEIRO,Brasileira,Casado,1940-02-28,RJ,MASCULINO,Não,,Art. De Alv. E Pint.,3847.58,Não,Mensalista,85.0,338,3
CARAMUJO,F,RIO DE JANEIRO,Brasileira,Solteiro,1936-04-06,RJ,MASCULINO,Não,,Aposentado,651.6,Não,Mensalista,89.0,295,3
BANGU,F,RIO DE JANEIRO,BRASILEIRA,Viúvo,1950-02-08,RJ,MASCULINO,Não,,Agente De Administração,2826.58,Não,Mensalista,75.0,216,3
VALVERDE,F,NOVA IGUAÇU,BRASILEIRA,Casado,1963-09-14,RJ,MASCULINO,Não,,Aux. Administrativo A,2653.12,Não,Mensalista,62.0,514,3
CENTRO,F,NILOPOLIS,Brasileira,Solteiro,1956-05-15,RJ,MASCULINO,Não,,Aux.Operac.Serv. Diversos,2466.44,Não,Mensalista,69.0,591,3
BELFORD ROXO,F,RIO DE JANEIRO,Brasileira,Solteiro,1947-03-21,RJ,MASCULINO,Não,,Trabalhador,2238.94,Não,Mensalista,78.0,1202,2
JACARÉ,F,RIO DE JANEIRO,Brasileira,Solteiro,1957-02-22,RJ,MASCULINO,Não,,Art De Pav E Pedreira,2834.08,Não,Mensalista,68.0,325,3
ENGENHO DA RAINHA,F,RIO DE JANEIRO,Brasileira,Solteiro,1943-06-23,RJ,MASCULINO,Não,,Servente ( Sms),2097.18,Não,Mensalista,82.0,1117,2
VILAR DOS TELLES,F,SÃO JOÃO DE MERITI,Brasileira,Casado,1950-11-20,RJ,MASCULINO,Não,,Operador De Maq Auxiliares,5696.07,Não,Mensalista,75.0,851,2
TAQUARA JACAREPAGUÁ,F,RIO DE JANEIRO,BRASILEIRA,Solteiro,1954-08-22,RJ,MASCULINO,Não,,Inspetor De Alunos,1481.54,Não,Mensalista,71.0,789,2
BARRA DA TIJUCA,F,RIO DE JANEIRO,Brasileira,Casado,1960-09-16,RJ,MASCULINO,Não,,Trabalhador,4671.64,Não,Mensalista,65.0,1202,2
MURIQUI,F,MANGARATIBA,BRASILEIRA,Solteiro,1956-11-28,RJ,MASCULINO,Não,,Agente Auxiliar De Administraç,3236.56,Não,Mensalista,69.0,194,3
MIGUEL COUTO,F,NOVA IGUACU,Brasileira,Separado judicialmente,1964-12-05,RJ,MASCULINO,Não,,Trabalhador,2681.23,Não,Mensalista,61.0,1202,2
BANGU,F,RIO DE JANEIRO,Brasileira,Divorciado,1954-07-10,RJ,MASCULINO,Não,,Trabalhador,1848.48,Não,Mensalista,71.0,1202,2
VILA ISABEL,F,RIO DE JANEIRO,Brasileira,Solteiro,1949-04-24,RJ,MASCULINO,Não,,Trabalhador,1320.94,Não,Mensalista,76.0,1202,2
CURICICA,F,RIO DE JANEIRO,BRASILEIRA,Casado,1959-03-27,RJ,MASCULINO,Não,,Motorista,5910.45,Não,Mensalista,66.0,827,2
RAMOS,F,RIO DE JANEIRO,Brasileira,Casado,1958-01-29,RJ,MASCULINO,Não,,Trabalhador,2639.51,Não,Mensalista,67.0,1202,2
INHOAIBA,F,RIO DE JANEIRO,Brasileira,Solteiro,1962-10-13,RJ,MASCULINO,Não,,Trabalhador/Subgerente Iv,4458.53,Não,Mensalista,63.0,1221,2
BANGU,F,RIO DE JANEIRO,Brasileira,Solteiro,1965-12-11,RJ,MASCULINO,Não,,Agente De Documento Medica,1853.53,Não,Mensalista,60.0,229,3
VISTA ALEGRE,F,RIO DE JANEIRO,BRASILEIRA,Casado,1972-04-23,RJ,MASCULINO,Não,,Professor Ii,12105.52,Não,Mensalista,53.0,1048,1
VISTA ALEGRE,F,RIO DE JANEIRO,BRASILEIRA,Casado,1972-04-23,RJ,MASCULINO,Não,,Professor Ii,12105.52,Não,Mensalista,53.0,1048,1
REALENGO,F,RIO DE JANEIRO,BRASILEIRA,Solteiro,1968-04-11,RJ,MASCULINO,Não,,Aux De Enfermagem 2º Grau,1782.91,Não,Mensalista,57.0,474,0
LEOPOLDINA,F,RIO DE JANEIRO,Brasileira,Casado,1950-04-21,RJ,MASCULINO,Não,,Desenhista,2694.3,Não,Mensalista,75.0,702,2
BANGU,F,RIO DE JANEIRO,Brasileira,Casado,1954-08-12,RJ,MASCULINO,Não,,Agente De Vigilancia,2640.64,Não,Mensalista,71.0,259,3
ILHA DE PAQUETA,F,RIO DE JANEIRO,BRASILEIRA,Solteiro,1952-02-13,RJ,MASCULINO,Não,,Servente (Sms),3046.34,Não,Mensalista,73.0,1118,2
REALENGO,F,RIO DE JANEIRO,Brasileira,Solteiro,1952-10-04,RJ,MASCULINO,Não,,Motorista,4287.62,Não,Mensalista,73.0,827,2
LINS DE VASCONCELOS,F,RIO DE JANEIRO,Brasileira,Solteiro,1955-12-23,RJ,MASCULINO,Não,,Ag De Administração,3327.66,Não,Mensalista,70.0,40,3
REALENGO,F,RIO DE JANEIRO,Brasileira,Casado,1953-07-01,RJ,MASCULINO,Não,,Trabalhador,3270.72,Não,Mensalista,72.0,1202,2
SANTA CRUZ,F,RIO DE JANEIRO,Brasileira,Casado,1963-12-23,RJ,MASCULINO,Não,,Trabalhador,3001.56,Não,Mensalista,62.0,1202,2
BANGU,F,RIO DE JANEIRO,Brasileira,Casado,1954-10-07,RJ,MASCULINO,Não,,Art. De Eletricidade,2099.3,Não,Mensalista,71.0,352,3
ANDARAI,F,RIO DE JANEIRO,BRASILEIRA,Casado,1958-09-12,RJ,MASCULINO,Não,Risco PLD/FT Baixo,Gari,2749.05,Não,Mensalista,67.0,769,2
CENTRO,F,NOVA IGUAÇU,BRASILEIRA,Solteiro,1967-04-28,RJ,MASCULINO,Não,,Professor De Ensino Fundamenta,10206.8,Não,Mensalista,58.0,1001,1
SANTA CRUZ,F,RIO DE JANEIRO,Brasileira,Casado,1957-04-07,RJ,MASCULINO,Não,,Trabalhador,3613.86,Não,Mensalista,68.0,1202,2
COELHO,F,SAO GONCALO,BRASILEIRA,Solteiro,1967-04-07,RJ,MASCULINO,Não,,Guarda Municipal,4625.15,Não,Mensalista,58.0,776,0
CAMPO GRANDE,F,RIO DE JANEIRO,BRASILEIRA,Casado,1975-04-22,RJ,MASCULINO,Não,Risco PLD/FT Baixo,Agente De Administração,18220.46,Não,Mensalista,50.0,216,1
JACAREPAGUA,F,RIO DE JANEIRO,Brasileira,Solteiro,1962-08-05,RJ,MASCULINO,Não,,Trabalhador,1255.0,Não,Mensalista,63.0,1202,2
AQUARIUS,F,CABO FRIO,BRASILEIRA,Solteiro,1959-03-07,RJ,MASCULINO,Não,Risco PLD/FT Baixo,Tecnico De Nivel Medio,4058.86,Não,Mensalista,66.0,1180,2
BANGU,F,RIO DE JANEIRO,Brasileira,Solteiro,1964-05-22,RJ,MASCULINO,Não,,Aposentado,1412.86,Não,Mensalista,61.0,295,3
CAMPO GRANDE,F,RIO DE JANEIRO,Brasileira,Solteiro,1967-04-22,RJ,MASCULINO,Não,,Trabalhador,2682.59,Não,Mensalista,58.0,1202,2
CACHAMBI,F,RIO DE JANEIRO,Brasileira,Divorciado,1961-04-17,RJ,MASCULINO,Não,,Agente De Administração,10280.54,Não,Mensalista,64.0,216,1
SANTA CRUZ,F,RIO DE JANEIRO,Brasileira,Casado,1956-07-07,RJ,MASCULINO,Não,,Art. De Inst. Hidraulicas,4018.95,Não,Mensalista,69.0,356,3
QUINTINO BOCAIUVA,F,RIO DE JANEIRO,Brasileira,Divorciado,1952-08-15,RJ,MASCULINO,Não,,Agente Auxiliar De Administraç,3745.8,Não,Mensalista,73.0,194,3
MAGALHÃES BASTOS,F,RIO DE JANEIRO,Brasileira,Casado,1965-11-24,RJ,MASCULINO,Não,,Trabalhador,2661.53,Não,Mensalista,60.0,1202,2
PACIENCIA,F,RIO DE JANEIRO,Brasileira,Casado,1959-03-04,RJ,MASCULINO,Não,,Trabalhador/Chefe,3272.74,Não,Mensalista,66.0,1216,2
POSSE,F,NOVA IGUAÇU,BRASILEIRA,Viúvo,1954-04-22,RJ,MASCULINO,Não,,Auxiliar De Serviço De Saude,2226.9,Não,Mensalista,71.0,636,3
OLARIA,F,RIO DE JANEIRO,Brasileira,Casado,1965-11-07,RJ,MASCULINO,Não,,Iii Sargento Pm,3094.36,Não,Mensalista,60.0,782,2
CURICICA,F,RIO DE JANEIRO,Brasileira,Separado judicialmente,1962-11-18,RJ,MASCULINO,Não,,Trabalhador,2475.74,Não,Mensalista,63.0,1202,2
PAVUNA,F,RIO DE JANEIRO,Brasileira,Casado,1957-04-04,RJ,MASCULINO,Não,,Aux De Enfermagem 2ºgrau,2038.41,Não,Mensalista,68.0,476,3
SEPETIBA,F,RIO DE JANEIRO,BRASILEIRA,Solteiro,1957-05-24,RJ,MASCULINO,Não,,Trabalhador,3277.39,Não,Mensalista,68.0,1202,2
SANTA TERESINHA,F,MESQUITA,BRASILEIRA,Viúvo,1964-04-14,RJ,MASCULINO,Não,,Trabalhador,3217.51,Não,Mensalista,61.0,1202,2
CAMPINHO,F,RIO DE JANEIRO,Brasileiro,Viúvo,1951-06-06,RJ,MASCULINO,Não,,Art De Pav E Pedreira,4123.51,Não,Mensalista,74.0,325,3
SEPETIBA,F,RIO DE JANEIRO,Brasileira,Casado,1951-05-19,RJ,MASCULINO,Não,,Copeiro,1876.56,Não,Mensalista,74.0,678,2
SANTA CRUZ,F,RIO DE JANEIRO,Brasileira,Solteiro,1966-06-08,RJ,MASCULINO,Não,,Art. De Pav. E Pedreira,4486.23,Não,Mensalista,59.0,365,3
SANTA CRUZ,F,RIO DE JANEIRO,Brasileira,Casado,1959-07-25,RJ,MASCULINO,Não,,Ag. Operador De Transito,3023.93,Não,Mensalista,66.0,148,3
SANTA CRUZ,F,RIO DE JANEIRO,BRASILEIRA,Viúvo,1960-09-08,RJ,MASCULINO,Não,,Art De Pavimentação E Pedreira,4669.38,Não,Mensalista,65.0,330,3
LEOPOLDINA,F,RIO DE JANEIRO,Brasileira,Casado,1973-04-16,RJ,MASCULINO,Não,,Esp. Assist. 1,1295.88,Não,Mensalista,52.0,735,0
PENHA CIRCULAR,F,RIO DE JANEIRO,BRASILEIRA,Casado,1962-04-13,RJ,MASCULINO,Não,,Ag De Administração,4749.31,Não,Mensalista,63.0,40,3
JACAREPAGUA,F,RIO DE JANEIRO,Brasileira,Solteiro,1962-03-21,RJ,MASCULINO,Não,,Trabalhador,1707.56,Não,Mensalista,63.0,1202,2
PECHINCHA,F,RIO DE JANEIRO,Brasileira,Solteiro,1959-07-17,RJ,MASCULINO,Não,,Trabalhador/Subgerente Iv,3938.64,Não,Mensalista,66.0,1221,2
MEIER,F,RIO DE JANEIRO,Brasileira,Casado,1958-04-04,RJ,MASCULINO,Não,,Motorista,4031.06,Não,Mensalista,67.0,827,2
PENHA CIRCULAR,F,RIO DE JANEIRO,Brasileira,Casado,1955-10-29,RJ,MASCULINO,Não,,Aposentado,1896.94,Não,Mensalista,70.0,295,3
RIACHUELO,F,RIO DE JANEIRO,BRASILEIRO,Casado,1952-04-23,RJ,MASCULINO,Não,,Trabalhador,10431.62,Não,Mensalista,73.0,1202,1
ANDARAI,F,RIO DE JANEIRO,Brasileira,Não informado,1956-04-25,RJ,MASCULINO,Não,,Agente Executivo Iii,0.0,Não,Mensalista,69.0,274,3
CAMPO GRANDE,F,RIO DE JANEIRO,Brasileira,Casado,1946-01-25,RJ,MASCULINO,Não,,Ag De Administração,4472.26,Não,Mensalista,79.0,40,3
ANCHIETA,F,RIO DE JANEIRO,Brasileira,Casado,1949-07-08,RJ,MASCULINO,Não,,Agente De Vigilancia,1593.89,Não,Mensalista,76.0,259,3
MANGUEIRA,F,RIO DE JANEIRO,Brasileira,Casado,1966-04-11,RJ,MASCULINO,Não,,Trabalhador,3217.66,Não,Mensalista,59.0,1202,2
TOMAS COELHO,F,RIO DE JANEIRO,Brasileira,Solteiro,1956-09-05,RJ,MASCULINO,Não,,Servente,1202.2,Não,Mensalista,69.0,1116,2
COSMOS,F,RIO DE JANEIRO,Brasileira,Casado,1967-10-03,RJ,MASCULINO,Não,,Assistente Tecnico,3375.01,Não,Mensalista,58.0,435,3
INHOAIBA,F,RIO DE JANEIRO,Brasileira,Solteiro,1950-05-14,RJ,MASCULINO,Não,,Art De Mecanica,3543.91,Não,Mensalista,75.0,323,3
COMENDADOR SOARES,F,NOVA IGUACU,Brasileira,Casado,1938-04-13,RJ,MASCULINO,Não,,Vigilante,5763.72,Não,Mensalista,87.0,1237,2
CAMPO GRANDE,F,RIO DE JANEIRO,BRASILEIRO,Casado,1953-09-05,RJ,MASCULINO,Não,,Agente De Vigilancia,3083.38,Não,Mensalista,72.0,259,3
BANGU,F,RIO DE JANEIRO,Brasileira,Casado,1967-04-24,RJ,MASCULINO,Não,,Roupeiro,2931.97,Não,Mensalista,58.0,1099,2
CARAMUJO,F,RIO DE JANEIRO,Brasileira,Solteiro,1956-05-19,RJ,MASCULINO,Não,,Trabalhador,1826.38,Não,Mensalista,69.0,1202,2
SEPETIBA,F,RIO DE JANEIRO,Brasileira,Solteiro,1962-07-11,RJ,MASCULINO,Não,,Atr De Jardim E Arboricultura,1139.72,Não,Mensalista,63.0,446,3
SANTA CRUZ,F,RIO DE JANEIRO,Brasileira,Casado,1963-01-17,RJ,MASCULINO,Não,,Trabalhador,1760.4,Não,Mensalista,62.0,1202,2
PRATA,F,NOVA IGUAÇU,Brasileira,Viúvo,1955-09-05,RJ,MASCULINO,Não,,Trabalhador,2699.53,Não,Mensalista,70.0,1202,2
SANTA ROSA,F,NITEROI,Brasileira,Solteiro,1973-07-16,RJ,MASCULINO,Não,,Professor,5774.24,Não,Mensalista,52.0,984,0
GALEÃO,F,RIO DE JANEIRO,Brasileira,Viúvo,1957-04-22,RJ,MASCULINO,Não,,Trabalhador,2661.25,Não,Mensalista,68.0,1202,2
JARDIM BOTANICO,F,RIO DE JANEIRO,Brasileira,Casado,1944-04-24,RJ,MASCULINO,Não,,Trabalhador,1347.34,Não,Mensalista,81.0,1202,2
RIO COMPRIDO,F,RIO DE JANEIRO,BRASILEIRA,Solteiro,1954-04-14,RJ,MASCULINO,Não,,Agente De Portaria,2314.98,Não,Mensalista,71.0,243,3
PENHA,F,RIO DE JANEIRO,Brasileira,Casado,1968-01-19,RJ,MASCULINO,Não,,Agente De Administracao,4418.54,Não,Mensalista,57.0,213,3
SANTA CRUZ,F,RIO DE JANEIRO,Brasileira,Casado,1955-10-20,RJ,MASCULINO,Não,,Art. De Jardim E Arboricultura,1091.14,Não,Mensalista,70.0,360,3
BANGU,F,RIO DE JANEIRO,Brasileira,Casado,1950-08-11,RJ,MASCULINO,Não,,Motorista Operador,2348.37,Não,Mensalista,75.0,831,2
SANTA CRUZ,F,RIO DE JANEIRO,Brasileira,Casado,1964-06-05,RJ,MASCULINO,Não,,Ag De Vigilancia,1598.54,Não,Mensalista,61.0,62,3
PARQUE ANCHIETA,F,RIO DE JANEIRO,Brasileira,Casado,1946-05-10,RJ,MASCULINO,Não,,Art De Servicos De Garagem,2411.47,Não,Mensalista,79.0,332,3
TURIAÇU,F,RIO DE JANEIRO,Brasileira,Solteiro,1957-05-23,RJ,MASCULINO,Não,,Aux De Serviços Veterinario,1862.36,Não,Mensalista,68.0,503,3
GUARATIBA,F,RIO DE JANEIRO,BRASILEIRA,Casado,1953-05-22,RJ,MASCULINO,Não,,Eletricista De Rede (Rio Luz),4119.2,Não,Mensalista,72.0,714,2
JACAREPAGUA,F,RIO DE JANEIRO,Brasileira,Não informado,1953-06-18,RJ,MASCULINO,Não,,Aux.Operac.Serv. Diversos,2677.52,Não,Mensalista,72.0,591,3
LEOPOLDINA,F,RIO DE JANEIRO,Brasileira,Casado,1944-04-21,RJ,MASCULINO,Não,,Motorista,2726.62,Não,Mensalista,81.0,827,2
BRASILANDIA,F,SAO GONCALO,Brasileira,Solteiro,1970-04-02,RJ,MASCULINO,Não,,Fuc. Publuco Estadual,16247.58,Não,Mensalista,55.0,767,1
BANGU,F,RIO DE JANEIRO,Brasileira,Casada,1963-01-01,RJ,MASCULINO,Não,,Aux. De Enfermagem,3843.98,Não,Mensalista,62.0,525,3
CASCADURA,F,RIO DE JANEIRO,Brasileira,Casado,1968-07-23,RJ,FEMININO,Não,,Auxiliar De Laboratorio,2569.2,Não,Mensalista,57.0,632,0
IRAJA,F,RIO DE JANEIRO,Brasileira,Solteiro,1958-07-12,RJ,MASCULINO,Não,,Art. De Serviços De Garagem,4924.81,Não,Mensalista,67.0,369,3
CENTRO,F,CURITIBA,Brasileira,Casado,1951-06-02,PR,MASCULINO,Não,,Art De Alv E Pintura,3245.56,Não,Mensalista,74.0,301,3
PRATA,F,NOVA IGUAÇU,Brasileira,Solteiro,1949-06-18,RJ,FEMININO,Não,,Aux De Enfermagem,2954.78,Não,Mensalista,76.0,459,3
ANDARAI,F,RIO DE JANEIRO,BRASILEIRA,Solteira,1968-04-24,RJ,FEMININO,Não,,Ag De Educação Infantil,3601.17,Não,Mensalista,57.0,55,3
CAMPO GRANDE,F,RIO DE JANEIRO,Brasileira,Divorciado,1950-03-01,RJ,FEMININO,Não,,Servente/Chefe,2353.14,Não,Mensalista,75.0,1125,2
BENTO RIBEIRO,F,RIO DE JANEIRO,Brasileira,Casado,1956-06-05,RJ,FEMININO,Não,,Servente,1022.2,Não,Mensalista,69.0,1116,2
SANTA CRUZ,F,RIO DE JANEIRO,Brasileira,Viúva,1949-06-21,RJ,FEMININO,Não,,Aposentada,1100.0,Não,Mensalista,76.0,294,3
CIDADE PRAIANA,F,RIO DAS OSTRAS,BRASILEIRA,Viúva,1960-04-27,RJ,FEMININO,Não,,Aposentada,4058.77,Não,Mensalista,65.0,294,3
FLAMENGO,F,RIO DE JANEIRO,Brasileira,Casado,1958-10-17,RJ,FEMININO,Não,,Prof Ii,6984.58,Não,Mensalista,67.0,930,2
BANGU,F,RIO DE JANEIRO,Brasileira,Casada,1946-01-05,RJ,FEMININO,Não,,Ag. Aux. De Administração,4272.39,Não,Mensalista,79.0,86,3
ROCINHA,F,RIO DE JANEIRO,Brasileira,Casada,1961-07-15,RJ,FEMININO,Não,,Ag. Comunitario Nivel I,3880.88,Não,Mensalista,64.0,97,3
CARAMUJO,F,RIO DE JANEIRO,Brasileira,Casado,1966-12-06,RJ,MASCULINO,Não,,Iii Sargento B M,3094.32,Não,Mensalista,59.0,781,0
INHOAIBA,F,RIO DE JANEIRO,BRASILEIRA,Solteiro,1963-10-18,RJ,MASCULINO,Não,,Agente De Vigilância,2370.43,Não,Mensalista,62.0,264,3
MADUREIRA,F,RIO DE JANEIRO,Brasileira,Solteiro,1962-05-19,RJ,MASCULINO,Não,,Ag. De Administração,4930.92,Não,Mensalista,63.0,109,3
POSSE,F,NOVA IGUACU,Brasileira,Solteiro,1948-10-18,RJ,MASCULINO,Não,,Trabalhador,2358.94,Não,Mensalista,77.0,1202,2
CARAMUJO,F,RIO DE JANEIRO,Brasileira,Casado,1944-09-10,RJ,MASCULINO,Não,,Art De Alvenaria Pintura,3227.22,Não,Mensalista,81.0,305,3
VILA URUSSAI,F,DUQUE DE CAXIAS,BRASILEIRA,Casado,1959-03-19,RJ,MASCULINO,Não,,Art De Cozinha,2636.54,Não,Mensalista,66.0,310,3
PIEDADE,F,RIO DE JANEIRO,BRASILEIRA,Solteiro,1974-06-01,RJ,MASCULINO,Não,,Merendeira,1816.17,Não,Mensalista,51.0,812,0
BRAZ DE PINA,F,RIO DE JANEIRO,BRASILEIRA,Divorciado,1957-03-19,RJ,MASCULINO,Não,,Agente De Portaria,2649.67,Não,Mensalista,68.0,243,3
VENDA DAS PEDRAS,F,ITABORAI,BRASILEIRA,Casado,1966-04-07,RJ,MASCULINO,Não,Risco PLD/FT Baixo,Professor Docente I - 18 Horas,5016.3,Não,Mensalista,59.0,1014,2
PENHA CIRCULAR,F,RIO DE JANEIRO,BRASILEIRA,Solteiro,1958-12-24,RJ,MASCULINO,Não,,Prof. I História,7685.26,Não,Mensalista,67.0,966,1
PENHA CIRCULAR,F,RIO DE JANEIRO,BRASILEIRA,Solteiro,1958-12-24,RJ,MASCULINO,Não,,Prof. I - História,7685.26,Não,Mensalista,67.0,961,1
TODOS OS SANTOS,F,RIO DE JANEIRO,Brasileira,Casado,1947-04-25,RJ,MASCULINO,Não,,Feitor,3326.9,Não,Mensalista,78.0,760,2
PACIENCIA,F,RIO DE JANEIRO,BRASILEIRA,Solteiro,1963-05-29,RJ,MASCULINO,Não,,Aposentado,1003.36,Não,Mensalista,62.0,295,3
BRAZ DE PINA,F,RIO DE JANEIRO,BRASILEIRA,Solteiro,1964-06-12,RJ,MASCULINO,Não,,Auxiliar De Enfermagem 2º Grau,2025.72,Não,Mensalista,61.0,620,3
CACHAMBI,F,RIO DE JANEIRO,Brasileira,Casado,1962-03-13,RJ,MASCULINO,Não,,Professor 1 E 2 Grau,5778.76,Não,Mensalista,63.0,986,2
SENADOR VASCONCELOS,F,RIO DE JANEIRO,Brasileira,Divorciado,1959-03-18,RJ,MASCULINO,Não,,Art De Instacoes Hidraulica,3177.82,Não,Mensalista,66.0,317,3
VILA ISABEL,F,RIO DE JANEIRO,Brasileira,Solteiro,1959-08-22,RJ,MASCULINO,Não,,Aux De Enfermagem,2921.17,Não,Mensalista,66.0,459,3
SANTA CRUZ,F,RIO DE JANEIRO,Brasileira,União Estável,1947-08-05,RJ,MASCULINO,Não,,Servente,1662.48,Não,Mensalista,78.0,1116,2
CAMPO GRANDE,F,RIO DE JANEIRO,Brasileira,Casado,1964-04-13,RJ,MASCULINO,Não,,Trabalhador,1693.54,Não,Mensalista,61.0,1202,2
BANGU,F,RIO DE JANEIRO,BRASILEIRA,Casado,1963-05-20,RJ,MASCULINO,Não,Risco PLD/FT Baixo,Aposentado,4128.52,Não,Mensalista,62.0,295,3
ITANHANGA,F,RIO DE JANEIRO,BRASILEIRA,Solteiro,1987-10-06,RJ,MASCULINO,Não,,Tecnico De Enfermagem,3313.96,Não,Mensalista,38.0,1172,0
SANTA CRUZ,F,RIO DE JANEIRO,Brasileira,Casado,1940-04-06,RJ,MASCULINO,Não,,Trabalhador,2067.5,Não,Mensalista,85.0,1202,2
JARDIM AMERICA,F,RIO DE JANEIRO,Brasileira,Casado,1962-03-19,RJ,MASCULINO,Não,,Agente De Vigilancia,2002.65,Não,Mensalista,63.0,259,3
ENGENHEIRO BELFORD,F,SÃO JOÃO DE MERITI,BRASILEIRA,Viúvo,1962-04-25,RJ,MASCULINO,Não,,Aposentado,1771.47,Não,Mensalista,63.0,295,3
LEOPOLDINA,F,RIO DE JANEIRO,Brasileira,Casado,1951-08-03,RJ,MASCULINO,Não,,1§ Sargento,5946.2,Não,Mensalista,74.0,0,3
JARDIM SANTO ANTONIO,F,SÃO JOÃO DE MERITI,Brasileira,Casado,1962-11-01,RJ,MASCULINO,Não,,Trabalhador,2971.9,Não,Mensalista,63.0,1202,2
LEOPOLDINA,F,RIO DE JANEIRO,Brasileira,Solteiro,1942-02-26,RJ,MASCULINO,Não,,Militar Reformado,3602.72,Não,Mensalista,83.0,826,2
VARGEM PEQUENA,F,RIO DE JANEIRO,BRASILEIRA,SOLTEIRO,1951-05-19,RJ,MASCULINO,Não,,Trabalhador,2372.4,Não,Mensalista,74.0,1202,2
SANTA CRUZ,F,RIO DE JANEIRO,BRASILEIRA,Casado,1968-10-11,RJ,MASCULINO,Não,,Aux. Creche,882.75,Não,Mensalista,57.0,517,0
CIDADE DE DEUS,F,RIO DE JANEIRO,Brasileira,Casado,1943-04-28,RJ,MASCULINO,Não,,Motorista Oficial,2730.24,Não,Mensalista,82.0,830,2
TIJUCA,F,RIO DE JANEIRO,BRASILEIRA,Separado judicialmente,1959-09-27,RJ,MASCULINO,Não,Risco PLD/FT Baixo,Técnico Universitário Ii,8658.62,Não,Mensalista,66.0,1235,1
GUADALUPE,F,RIO DE JANEIRO,Brasileira,Casado,1964-08-11,RJ,MASCULINO,Não,,Cabo Bm 000/91,3453.72,Não,Mensalista,61.0,655,3
SANTISSIMO,F,RIO DE JANEIRO,Brasileira,Viúvo,1957-03-06,RJ,MASCULINO,Não,,Agente De Vigilancia,3403.56,Não,Mensalista,68.0,259,3
REALENGO,F,RIO DE JANEIRO,BRASILEIRA,Viúvo,1957-10-28,RJ,MASCULINO,Não,,Agente De Vigilancia,2753.2,Não,Mensalista,68.0,259,3
MANGUINHOS,F,RIO DE JANEIRO,Brasileira,Viúvo,1952-08-07,RJ,MASCULINO,Não,,Trabalhor,1803.7,Não,Mensalista,73.0,1225,2
SANTA CRUZ,F,RIO DE JANEIRO,Brasileira,Casado,1951-05-09,RJ,MASCULINO,Não,,Trabalhador,3643.18,Não,Mensalista,74.0,1202,2
COLUMBANDÊ,F,NITEROI,Brasileira,Separado judicialmente,1955-02-01,RJ,MASCULINO,Não,,Motorista,4573.46,Não,Mensalista,70.0,827,2
CAMPO GRANDE,F,RIO DE JANEIRO,Brasileira,Casado,1953-09-22,RJ,MASCULINO,Não,,Art. De Alvenaria E Pintura,3766.2,Não,Mensalista,72.0,340,3
BELFORD ROXO,F,RIO DE JANEIRO,Brasileira,Solteiro,1971-05-19,RJ,MASCULINO,Não,,Trabalhador,1924.0,Não,Mensalista,54.0,1202,2
SANTA CRUZ,F,RIO DE JANEIRO,Brasileira,Casado,1961-05-11,RJ,MASCULINO,Não,,Trabalhador,2606.73,Não,Mensalista,64.0,1202,2
SANTA CRUZ,F,RIO DE JANEIRO,BRASILEIRA,Divorciado,1958-09-18,RJ,MASCULINO,Não,,Art De Jard E Arboricultura,2893.11,Não,Mensalista,67.0,320,3
INHOAIBA,F,RIO DE JANEIRO,Brasileira,Solteiro,1956-08-08,RJ,MASCULINO,Não,,Trabalhador,3472.08,Não,Mensalista,69.0,1202,2
CAMPO GRANDE,F,RIO DE JANEIRO,Brasileira,Casado,1961-01-01,RJ,MASCULINO,Não,,Ag. De Vigilancia,2500.91,Não,Mensalista,64.0,140,3
SENADOR CAMARA,F,RIO DE JANEIRO,Brasileira,Separado judicialmente,1954-09-21,RJ,MASCULINO,Não,,Motorista,3216.92,Não,Mensalista,71.0,827,2
CURICICA,F,RIO DE JANEIRO,Brasileira,Solteiro,1959-11-01,RJ,MASCULINO,Não,,Servente,1084.2,Não,Mensalista,66.0,1116,2
NOVA AURORA,F,CURITIBA,Brasileira,Casado,1949-07-30,PR,MASCULINO,Não,,Art. De Alvenaria E Pintura,1988.15,Não,Mensalista,76.0,340,3
BANGU,F,RIO DE JANEIRO,Brasileira,Casado,1956-11-16,RJ,MASCULINO,Não,,Trabalhador,3217.66,Não,Mensalista,69.0,1202,2
SENADOR CAMARA,F,RIO DE JANEIRO,Brasileira,Casado,1961-10-14,RJ,MASCULINO,Não,,Trabalhador,4286.6,Não,Mensalista,64.0,1202,2
CAMPO GRANDE,F,RIO DE JANEIRO,Brasileira,Solteiro,1956-07-31,RJ,MASCULINO,Não,,Prof I - Matematica - Lic. Ple,8071.62,Não,Mensalista,69.0,911,1
NAO INFORMADO,F,RIO DE JANEIRO,Brasileira,Solteiro,1965-04-21,RJ,MASCULINO,Não,,Trabalhador,2425.78,Não,Mensalista,60.0,1202,2
CAMPO GRANDE,F,RIO DE JANEIRO,BRASILEIRA,Casado,1957-05-01,RJ,MASCULINO,Não,,Agente De Vigilancia,2571.62,Não,Mensalista,68.0,259,3
CAMPO GRANDE,F,RIO DE JANEIRO,BRASILEIRA,Casado,1950-08-04,RJ,MASCULINO,Não,,Motorista,2741.02,Não,Mensalista,75.0,827,2
CHAPERÓ,F,ITAGUAI,Brasileira,Solteiro,1962-02-27,RJ,MASCULINO,Não,,Trabalhador/Subgerente Iv,3880.73,Não,Mensalista,63.0,1221,2
GRAJAU,F,RIO DE JANEIRO,BRASILEIRA,Casado,1953-12-25,RJ,MASCULINO,Não,,Prof-Educação Fisica,4042.37,Não,Mensalista,72.0,943,2
GRAJAU,F,RIO DE JANEIRO,Brasileira,Casado,1953-12-25,RJ,MASCULINO,Não,,Aposentado,4337.18,Não,Mensalista,72.0,295,3
CAMPO GRANDE,F,RIO DE JANEIRO,Brasileira,Casado,1950-09-09,RJ,MASCULINO,Não,,Art. De Alvenaria E Pintura,1709.15,Não,Mensalista,75.0,340,3
FREGUESIA JACAREPAGUA,F,RIO DE JANEIRO,BRASILEIRA,Casado,1963-03-20,RJ,MASCULINO,Não,Risco PLD/FT Baixo,Agente De Escritorio,11857.55,Não,Mensalista,62.0,238,1
SENADOR VASCONCELOS,F,RIO DE JANEIRO,BRASILEIRA,Solteiro,1954-12-22,RJ,MASCULINO,Não,Risco PLD/FT Baixo,Enfermeiro,8439.04,Não,Mensalista,71.0,724,1
ANDARAI,F,RIO DE JANEIRO,BRASILEIRA,Solteiro,1966-08-06,RJ,MASCULINO,Não,,Art De Jardim E Arboricultura,3191.19,Não,Mensalista,59.0,321,3
JARDIM METROPOLE,F,SÃO JOÃO DE MERITI,BRASILEIRA,Solteiro,1971-10-06,RJ,MASCULINO,Não,Risco PLD/FT Baixo,Inspetor De Alunos,4298.06,Não,Mensalista,54.0,789,0
SANTA CRUZ,F,RIO DE JANEIRO,Brasileira,Casado,1959-07-15,RJ,MASCULINO,Não,,Agente De Vigilancia,2210.46,Não,Mensalista,66.0,259,3
LEOPOLDINA,F,RIO DE JANEIRO,Brasileira,Solteiro,1954-06-30,RJ,MASCULINO,Não,,Art. De Alvenaria E Pintura,5122.48,Não,Mensalista,71.0,340,3
VILA ORIENTE,F,SAO GONCALO,Brasileira,Casado,1953-07-28,RJ,MASCULINO,Não,,Aux. Serv. Gerais,3656.36,Não,Mensalista,72.0,576,3
ANCHIETA,F,RIO DE JANEIRO,BRASILEIRA,Casado,1954-08-12,RJ,MASCULINO,Não,,Prof I,6443.13,Não,Mensalista,71.0,895,2
PARQUE SAO BENTO,F,BELFORD ROXO,BRASILEIRA,Casado,1969-01-28,RJ,MASCULINO,Não,,Merendeira,2432.64,Não,Mensalista,56.0,812,0
BANGU,F,RIO DE JANEIRO,BRASILEIRA,Solteiro,1962-12-25,RJ,MASCULINO,Não,,Servente,4422.77,Não,Mensalista,63.0,1116,2
PACIENCIA,F,RIO DE JANEIRO,Brasileira,Casado,1954-08-19,RJ,MASCULINO,Não,,Trabalhador,4525.95,Não,Mensalista,71.0,1202,2
PENDOTIBA,F,NITEROI,Brasileira,Casado,1959-02-13,RJ,MASCULINO,Não,,Ag. Administrativo,4159.52,Não,Mensalista,66.0,77,3
CURICICA,F,RIO DE JANEIRO,Brasileira,Casado,1956-12-08,RJ,MASCULINO,Não,,Trabalhador,2803.04,Não,Mensalista,69.0,1202,2
SURUI,F,MAGE,Brasileira,Solteiro,1962-06-11,RJ,MASCULINO,Não,,Trabalhador,2890.96,Não,Mensalista,63.0,1202,2
PARQUE SÃO JOSE,F,CURITIBA,Brasileira,Casado,1961-12-10,PR,MASCULINO,Não,,Trabalhador,1995.5,Não,Mensalista,64.0,1202,2
CAMPO GRANDE,F,RIO DE JANEIRO,Brasileira,Solteiro,1944-02-04,RJ,MASCULINO,Não,,Art. De Carp. E Marcenaria,1701.36,Não,Mensalista,81.0,344,3
PIEDADE,F,RIO DE JANEIRO,Brasileira,Casado,1954-09-26,RJ,MASCULINO,Não,,Inspetor De Alunos,4387.26,Não,Mensalista,71.0,789,2
COMENDADOR SOARES,F,NOVA IGUACU,BRASILEIRA,Casado,1966-12-15,RJ,MASCULINO,Não,Risco PLD/FT Baixo,Guarda Municipal,7612.98,Não,Mensalista,59.0,776,1
ZUMBI,F,RIO DE JANEIRO,BRASILEIRA,Viúvo,1964-05-04,RJ,MASCULINO,Não,,Ag De Vigilancia / Assessor Ii,10514.46,Não,Mensalista,61.0,63,3
LEOPOLDINA,F,RIO DE JANEIRO,Brasileira,Casado,1947-04-29,RJ,MASCULINO,Não,,Op. Maq. Auxiliares,3147.66,Não,Mensalista,78.0,848,2
PACIENCIA,F,RIO DE JANEIRO,Brasileira,Casado,1950-08-27,RJ,MASCULINO,Não,,Agente De Seguranca,4908.46,Não,Mensalista,75.0,255,3
BANGU,F,RIO DE JANEIRO,Brasileira,Casado,1951-12-15,RJ,MASCULINO,Não,,Agente De Administração,7167.5,Não,Mensalista,74.0,216,3
INHAUMA,F,RIO DE JANEIRO,Brasileira,Casado,1958-01-11,RJ,MASCULINO,Não,,Servente,2000.86,Não,Mensalista,67.0,1116,2
LEOPOLDINA,F,RIO DE JANEIRO,Brasileira,Solteiro,1954-10-15,RJ,MASCULINO,Não,,Aux.De Enfermagem,2630.56,Não,Mensalista,71.0,581,3
CENTRO,F,MESQUITA,Brasileira,Solteiro,1950-03-25,RJ,MASCULINO,Não,,Motorista,3524.76,Não,Mensalista,75.0,827,2
PARQUE ANCHIETA,F,RIO DE JANEIRO,Brasileira,Solteiro,1965-04-07,RJ,MASCULINO,Não,,Eletricista De Rede,3204.73,Não,Mensalista,60.0,713,0
PACIENCIA,F,RIO DE JANEIRO,Brasileira,Casado,1948-05-07,RJ,MASCULINO,Não,,Agente Aux. De Administração,3649.99,Não,Mensalista,77.0,187,3
JARDIM PARAISO,F,SÃO JOÃO DE MERITI,BRASILEIRA,Casado,1950-02-04,RJ,MASCULINO,Não,,Trabalhador,1568.81,Não,Mensalista,75.0,1202,2
CAMPO GRANDE,F,RIO DE JANEIRO,Brasileira,Solteiro,1950-12-20,RJ,MASCULINO,Não,,Trabalhador,2120.7,Não,Mensalista,75.0,1202,2
PILARES,F,RIO DE JANEIRO,BRASILEIRA,Casado,1954-10-01,RJ,MASCULINO,Não,,Tecnico De Contabilidade,8513.99,Não,Mensalista,71.0,1171,1
OSWALDO CRUZ,F,RIO DE JANEIRO,BRASILEIRA,Viúvo,1946-02-23,RJ,MASCULINO,Não,,Datilografo,3229.02,Não,Mensalista,79.0,690,2
ROCHA MIRANDA,F,RIO DE JANEIRO,Brasileira,Casado,1953-12-27,RJ,MASCULINO,Não,,Aux De Enfermagem 2º Grau,3795.63,Não,Mensalista,72.0,474,3
PARQUE ANCHIETA,F,RIO DE JANEIRO,Brasileira,Casado,1964-09-07,RJ,MASCULINO,Não,,Professor Ii,6784.36,Não,Mensalista,61.0,1048,1
PARQUE ANCHIETA,F,RIO DE JANEIRO,BRASILEIRA,Casado,1964-09-07,RJ,MASCULINO,Não,,Professor Ii,6784.36,Não,Mensalista,61.0,1048,1
COMENDADOR SOARES,F,NOVA IGUACU,Brasileira,Solteiro,1952-12-31,RJ,MASCULINO,Não,,Aux. De Enfermagem - 2º Grau,3632.58,Não,Mensalista,73.0,532,3
CIDADE DE DEUS,F,RIO DE JANEIRO,Brasileira,Casado,1944-04-15,RJ,MASCULINO,Não,,Art. De Pavimentação E Pedreir,3030.66,Não,Mensalista,81.0,368,3
PECHINCHA,F,RIO DE JANEIRO,BRASILEIRA,União Estável,1965-01-02,RJ,MASCULINO,Não,Risco PLD/FT Baixo,Professor De Ensino Fundamenta,12023.93,Não,Mensalista,60.0,1001,1
SANTA CRUZ,F,RIO DE JANEIRO,Brasileira,Viúvo,1949-03-09,RJ,MASCULINO,Não,,Art De Mecanica,2413.88,Não,Mensalista,76.0,323,3
REALENGO,F,RIO DE JANEIRO,BRASILEIRA,Solteiro,1980-03-28,RJ,MASCULINO,Não,,Prof I Ciencias,3202.58,Não,Mensalista,45.0,917,0
PIEDADE,F,RIO DE JANEIRO,Brasileira,Casado,1948-09-30,RJ,MASCULINO,Não,,Art De Carp E Marcenaria,7574.63,Não,Mensalista,77.0,308,3
ENGENHEIRO PEDREIRA,F,JAPERI,BRASILEIRO,Casado,1949-12-21,RJ,MASCULINO,Não,,Art. De Mecanica,2550.19,Não,Mensalista,76.0,361,3
COLEGIO,F,RIO DE JANEIRO,BRASILEIRA,Solteiro,1963-08-29,RJ,MASCULINO,Não,,Copeiro (Sms),2443.57,Não,Mensalista,62.0,681,2
BANGU,F,RIO DE JANEIRO,Brasileira,Casado,1955-10-26,RJ,MASCULINO,Não,,Ag. De Vigiliança,2225.5,Não,Mensalista,70.0,141,3
IMBARIE,F,DUQUE DE CAXIAS,Brasileira,Casado,1958-04-25,RJ,MASCULINO,Não,,Ag De Portaria,2848.82,Não,Mensalista,67.0,56,3
PRAÇA SECA,F,RIO DE JANEIRO,Brasileira,União Estável,1958-08-01,RJ,MASCULINO,Não,,Ag De Portaria,1522.78,Não,Mensalista,67.0,56,3
PADRE MIGUEL,F,RIO DE JANEIRO,Brasileira,Casado,1965-11-24,RJ,MASCULINO,Não,,Trabalhador,2803.2,Não,Mensalista,60.0,1202,2
PADRE MIGUEL,F,RIO DE JANEIRO,Brasileira,Casado,1964-03-06,RJ,FEMININO,Não,,Art De Jard E Arboricultura,2260.14,Não,Mensalista,61.0,320,3
COSMOS,F,RIO DE JANEIRO,Brasileira,Casado,1954-03-11,RJ,MASCULINO,Não,,Trabalhador,1077.2,Não,Mensalista,71.0,1202,2
PADRE MIGUEL,F,RIO DE JANEIRO,Brasileira,Solteiro,1951-08-31,RJ,MASCULINO,Não,,Agente De Vigilancia,1926.5,Não,Mensalista,74.0,259,3
CENTRO,F,NILOPOLIS,Brasileira,Casado,1961-10-29,RJ,MASCULINO,Não,,Aux De Enfermagem - 2º G,10690.76,Não,Mensalista,64.0,464,1
PAQUETA,F,RIO DE JANEIRO,BRASILEIRA,Solteiro,1959-06-02,RJ,MASCULINO,Não,,Servente,1732.07,Não,Mensalista,66.0,1116,2
REALENGO,F,RIO DE JANEIRO,PORTUGAL,Casado,1953-01-08,RJ,MASCULINO,Não,,Pensionista,6172.46,Não,Mensalista,72.0,863,2
CENTRO,F,RIO DE JANEIRO,Brasileira,Solteiro,1939-04-15,RJ,MASCULINO,Não,,Trabalhador,1828.06,Não,Mensalista,86.0,1202,2
ANCHIETA,F,RIO DE JANEIRO,Brasileira,Casado,1957-03-04,RJ,MASCULINO,Não,,Agente De Adm.,2260.48,Não,Mensalista,68.0,211,3
REALENGO,F,RIO DE JANEIRO,BRASILEIRA,Solteiro,1967-02-13,RJ,MASCULINO,Não,,Guarda Municipal,5602.38,Não,Mensalista,58.0,776,0
TAQUARA,F,RIO DE JANEIRO,BRASILEIRA,Divorciado,1962-01-21,RJ,MASCULINO,Não,,Aux De Enfermagem,5869.68,Não,Mensalista,63.0,459,3
MARECHAL HERMES,F,RIO DE JANEIRO,BRASILEIRA,Solteiro,1975-06-13,RJ,MASCULINO,Não,,Prof - Educação Fisica,13328.8,Não,Mensalista,50.0,875,1
BANGU,F,RIO DE JANEIRO,Brasileira,Casado,1960-05-14,RJ,MASCULINO,Não,,Auxiliar De Serviço De Apoio,6580.8,Não,Mensalista,65.0,635,3
SANTA CRUZ,F,RIO DE JANEIRO,Brasileira,Casado,1961-04-14,RJ,MASCULINO,Não,,Trabalhador,1473.0,Não,Mensalista,64.0,1202,2
COSMOS,F,RIO DE JANEIRO,Brasileira,Solteiro,1935-10-25,RJ,MASCULINO,Não,,Motorista ( Lei 1561/90),3113.32,Não,Mensalista,90.0,828,2
GUARATIBA,F,RIO DE JANEIRO,BRASILEIRA,Casado,1954-09-13,RJ,MASCULINO,Não,,Agente De Vigilancia,2680.38,Não,Mensalista,71.0,259,3
SEPETIBA,F,RIO DE JANEIRO,Brasileira,Casado,1948-10-10,RJ,MASCULINO,Não,,Trabalhador,1544.41,Não,Mensalista,77.0,1202,2
NOVA CIDADE,F,NILOPOLIS,Brasileira,Viúvo,1948-11-16,RJ,MASCULINO,Não,,Art. De Carpint. E Marcenaria,3091.32,Não,Mensalista,77.0,347,3
REALENGO,F,RIO DE JANEIRO,BRASILEIRA,Casado,1978-07-04,RJ,MASCULINO,Não,Risco PLD/FT Baixo,Gari,2654.21,Não,Mensalista,47.0,769,0
ALTO DA BOA VISTA,F,RIO DE JANEIRO,Brasileira,Solteiro,1964-05-04,RJ,MASCULINO,Não,,Trabalhador,2653.44,Não,Mensalista,61.0,1202,2
CAMPO GRANDE,F,RIO DE JANEIRO,BRASILEIRA,Solteiro,1943-03-23,RJ,MASCULINO,Não,,Servente,1067.71,Não,Mensalista,82.0,1116,2
VILA ISABEL,F,RIO DE JANEIRO,Brasileira,Solteiro,1959-12-21,RJ,MASCULINO,Não,,Trabalhador,3217.66,Não,Mensalista,66.0,1202,2
INHAUMA,F,RIO DE JANEIRO,Brasileira,Solteiro,1943-01-28,RJ,MASCULINO,Não,,Art. De Jardim,2274.1,Não,Mensalista,82.0,359,3
LEOPOLDINA,F,RIO DE JANEIRO,Brasileira,Casado,1957-06-29,RJ,MASCULINO,Não,,Eng. Civil,8671.04,Não,Mensalista,68.0,731,1
CAMPO GRANDE,F,RIO DE JANEIRO,Brasileira,Casado,1940-01-19,RJ,FEMININO,Não,,Eletricista De Rede,4026.1,Não,Mensalista,85.0,713,2
REALENGO,F,RIO DE JANEIRO,Brasileira,Solteiro,1964-04-02,RJ,MASCULINO,Não,,Copeiro(Sms),2056.42,Não,Mensalista,61.0,682,2
POSSE,F,NOVA IGUAÇU,Brasileira,Casado,1941-12-18,RJ,MASCULINO,Não,,Operador De Maq. Auxiliares,1478.16,Não,Mensalista,84.0,853,2
PIEDADE,F,RIO DE JANEIRO,Brasileira,Casado,1948-10-23,RJ,MASCULINO,Não,,Professora Matematica,2301.92,Não,Mensalista,77.0,1077,2
VILA CENTENARIO,F,DUQUE DE CAXIAS,Brasileira,Casado,1962-11-29,RJ,MASCULINO,Não,,Aposentado,1157.75,Não,Mensalista,63.0,295,3
BENTO RIBEIRO,F,RIO DE JANEIRO,BRASILEIRA,Casado,1962-09-24,RJ,MASCULINO,Não,,Guarda Municipal,5493.3,Não,Mensalista,63.0,776,2
GUADALUPE,F,RIO DE JANEIRO,BRASILEIRA,Solteiro,1951-04-04,RJ,MASCULINO,Não,,Ag De Administração,2785.87,Não,Mensalista,74.0,40,3
RAMOS,F,RIO DE JANEIRO,BRASILEIRO,Viúvo,1960-02-16,RJ,MASCULINO,Não,,Trabalhador/Subgerente Iv,4705.75,Não,Mensalista,65.0,1221,2
JACAREPAGUA,F,RIO DE JANEIRO,BRASILEIRA,Divorciado,1959-09-01,RJ,MASCULINO,Não,,Aux De Serviços De Veterinaria,5708.14,Não,Mensalista,66.0,500,3
SANTA CRUZ,F,RIO DE JANEIRO,Brasileira,Casado,1958-11-28,RJ,MASCULINO,Não,,Servente,2183.56,Não,Mensalista,67.0,1116,2
REALENGO,F,RIO DE JANEIRO,Brasileira,Divorciado,1957-05-01,RJ,MASCULINO,Não,,Motorista (Rioluz),7010.04,Não,Mensalista,68.0,829,2
CAMPO GRANDE,F,RIO DE JANEIRO,BRASILEIRA,Casado,1984-09-04,RJ,MASCULINO,Não,Risco PLD/FT Baixo,Professor Docente I - 18 Hora,2970.0,Não,Mensalista,41.0,1013,0
COSMOS,F,RIO DE JANEIRO,Brasileira,Solteiro,1959-03-10,RJ,MASCULINO,Não,,Operadora De Camara Escura,2863.46,Não,Mensalista,66.0,858,2
ENGENHO DA RAINHA,F,RIO DE JANEIRO,Brasileira,Casado,1943-08-24,RJ,MASCULINO,Não,,Professor 1 E 2 Grau,10763.78,Não,Mensalista,82.0,986,1
SENADOR CAMARA,F,RIO DE JANEIRO,Brasileira,Viúvo,1952-07-08,RJ,FEMININO,Não,,Servente,1612.5,Não,Mensalista,73.0,1116,2
BANGU,F,RIO DE JANEIRO,BRASILEIRA,Viúva,1947-03-04,RJ,FEMININO,Não,,Servente,1639.43,Não,Mensalista,78.0,1116,2
INHOAIBA,F,RIO DE JANEIRO,BRASILEIRA,Separado judicialmente,1948-09-09,RJ,FEMININO,Não,,Auxiliar De Enfermagem,1812.95,Não,Mensalista,77.0,608,3
ANA CLARA,F,SAO GONCALO,Brasileira,Casado,1949-03-20,RJ,MASCULINO,Não,,Motorista,6222.34,Não,Mensalista,76.0,827,2
ANDARAI,F,RIO DE JANEIRO,BRASILEIRA,Divorciada,1959-12-15,RJ,FEMININO,Não,,Professora,12447.64,Não,Mensalista,66.0,1070,1
ANDARAI,F,RIO DE JANEIRO,Brasileira,Divorciada,1959-12-15,RJ,FEMININO,Não,,Professor Ii,12447.64,Não,Mensalista,66.0,1048,1
CACUIA,F,NOVA IGUAÇU,BRASILEIRA,Divorciada,1967-10-19,RJ,FEMININO,Não,,Professor Ii,10389.44,Não,Mensalista,58.0,1048,1
GALEÃO,F,RIO DE JANEIRO,BRASILEIRA,Casada,1968-09-11,RJ,FEMININO,Não,,Professor Ii,5389.68,Não,Mensalista,57.0,1048,2
GALEÃO,F,RIO DE JANEIRO,Brasileira,Casada,1968-09-11,RJ,FEMININO,Não,,Professor Ii,5389.68,Não,Mensalista,57.0,1048,2
JARDIM SULACAPE,F,RIO DE JANEIRO,BRASILEIRA,Viúva,1956-12-22,RJ,FEMININO,Não,,Professor Ii,11219.02,Não,Mensalista,69.0,1048,1
JARDIM SULACAPE,F,RIO DE JANEIRO,Brasileira,Viúva,1956-12-22,RJ,FEMININO,Não,,Prof Ii,11219.02,Não,Mensalista,69.0,930,1
PAVUNA,F,RIO DE JANEIRO,Brasileira,Solteiro,1963-02-26,RJ,FEMININO,Não,,Ag De Administração,2219.82,Não,Mensalista,62.0,40,3
PIEDADE,F,RIO DE JANEIRO,Brasileira,Casada,1955-09-24,RJ,FEMININO,Não,,Ag De Administração,2976.28,Não,Mensalista,70.0,40,3
PAULINE,F,BELFORD ROXO,BRASILEIRA,Casado,1962-01-04,RJ,MASCULINO,Não,,Trabalhador,3086.44,Não,Mensalista,63.0,1202,2
SANTISSIMO,F,RIO DE JANEIRO,Brasileira,Casado,1964-11-21,RJ,MASCULINO,Não,,Trabalhador,3115.49,Não,Mensalista,61.0,1202,2
PIEDADE,F,RIO DE JANEIRO,Brasileira,Solteira,1955-11-24,RJ,FEMININO,Não,,Servente,3402.25,Não,Mensalista,70.0,1116,2
CAMPO GRANDE,F,RIO DE JANEIRO,Brasileira,Viúvo,1950-06-21,RJ,MASCULINO,Não,,Trabalhador,4086.58,Não,Mensalista,75.0,1202,2
REALENGO,F,RIO DE JANEIRO,Brasileira,Solteira,1968-10-13,RJ,FEMININO,Não,,Merendeira,1624.27,Não,Mensalista,57.0,812,0
VILA DA PENHA,F,RIO DE JANEIRO,Brasileira,Divorciado,1965-12-03,RJ,MASCULINO,Não,,Aux De Enfermagem 2º Grau,3647.96,Não,Mensalista,60.0,474,3
CAMPO GRANDE,F,RIO DE JANEIRO,Brasileira,Casada,1959-05-22,RJ,FEMININO,Não,,Aux De Enfermgem 1º Grau,5111.19,Não,Mensalista,66.0,483,3
OLARIA,F,RIO DE JANEIRO,BRASILEIRA,Separada judicialmente,1962-03-19,RJ,FEMININO,Não,,Merendeira,1062.5,Não,Mensalista,63.0,812,2
PILARES,F,RIO DE JANEIRO,BRASILEIRA,Divorciada,1978-11-23,RJ,FEMININO,Não,,Ag De Educação Infantil,1100.0,Não,Mensalista,47.0,55,0
COSMOS,F,RIO DE JANEIRO,BRASILEIRA,Casado,1964-06-13,RJ,FEMININO,Não,,Merendeira,865.0,Não,Mensalista,61.0,812,2
PENHA,F,RIO DE JANEIRO,BRASILEIRA,Solteira,1963-12-20,RJ,FEMININO,Não,,Professor Ii,3715.22,Não,Mensalista,62.0,1048,2
RIO VARZEA,F,ITABORAI,BRASILEIRA,Solteira,1984-05-20,RJ,FEMININO,Não,,Recepcionista,5015.56,Não,Mensalista,41.0,1094,0
SANTA CRUZ,F,RIO DE JANEIRO,BRASILEIRA,Solteiro,1978-11-30,RJ,MASCULINO,Não,Risco PLD/FT Baixo,1º Sargento Pm,13346.67,Não,Mensalista,47.0,3,1
NOVA ERA,F,NOVA IGUAÇU,BRASILEIRA,Casado,1962-10-10,RJ,MASCULINO,Não,,Agente De Vigilancia,3630.09,Não,Mensalista,63.0,259,3
CAMPO GRANDE,F,RIO DE JANEIRO,Brasileira,Casado,1962-11-16,RJ,MASCULINO,Não,,Cozinheiro (Qs),2994.03,Não,Mensalista,63.0,684,2
TANQUE,F,RIO DE JANEIRO,BRASILEIRA,Solteira,1979-04-01,RJ,FEMININO,Não,,Agente De Educação Infantil,3043.24,Não,Mensalista,46.0,237,0
GUARATIBA,F,RIO DE JANEIRO,BRASILEIRA,Casada,1981-12-01,RJ,FEMININO,Não,,Merendeira,1047.9,Não,Mensalista,44.0,812,0
TOMAS COELHO,F,RIO DE JANEIRO,Brasileira,Solteira,1966-08-21,RJ,FEMININO,Não,,Copeiro,8885.87,Não,Mensalista,59.0,678,1
MIGUEL COUTO,F,NOVA IGUAÇU,BRASILEIRA,Solteiro,1962-02-25,RJ,MASCULINO,Não,,Copeiro ( Sms),3207.63,Não,Mensalista,63.0,680,2
PILARES,F,RIO DE JANEIRO,BRASILEIRA,Casado,1965-11-05,RJ,MASCULINO,Não,,Guarda Municipal,6071.56,Não,Mensalista,60.0,776,0
PADRE MIGUEL,F,RIO DE JANEIRO,Brasileira,Separado judicialmente,1946-11-18,RJ,FEMININO,Não,,Professora I,4941.92,Não,Mensalista,79.0,1072,2
PADRE MIGUEL,F,RIO DE JANEIRO,BRASILEIRA,Separada judicialmente,1946-11-18,RJ,FEMININO,Não,,Professor Ii,4941.92,Não,Mensalista,79.0,1048,2
BELFORD ROXO,F,RIO DE JANEIRO,Brasileira,Solteiro,1953-07-12,RJ,MASCULINO,Não,,Agente De Portaria,2921.9,Não,Mensalista,72.0,243,3
VILA DE CAVA,F,NOVA IGUACU,BRASILEIRA,Casado,1966-11-28,RJ,MASCULINO,Não,,Trabalhador,3950.95,Não,Mensalista,59.0,1202,2
COPACABANA,F,RIO DE JANEIRO,BRASILEIRA,Solteiro,1948-10-30,RJ,MASCULINO,Não,,Motorista,3661.48,Não,Mensalista,77.0,827,2
MARECHAL HERMES,F,RIO DE JANEIRO,BRASILEIRA,Separado judicialmente,1941-02-26,RJ,MASCULINO,Não,,Aposentado,2130.32,Não,Mensalista,84.0,295,3
MARECHAL HERMES,F,RIO DE JANEIRO,Brasileira,Divorciado,1950-02-12,RJ,MASCULINO,Não,,Ag. Adm,1587.42,Não,Mensalista,75.0,74,3
SANTA AMELIA,F,BELFORD ROXO,Brasileira,Solteiro,1960-10-27,RJ,MASCULINO,Não,,Trabalhador,2632.05,Não,Mensalista,65.0,1202,2
IRAJA,F,RIO DE JANEIRO,BRASILEIRA,Divorciado,1948-01-15,RJ,FEMININO,Não,,Professor,1679.12,Não,Mensalista,77.0,984,2
ITANHAGA,F,RIO DE JANEIRO,Brasileira,Solteiro,1950-10-09,RJ,MASCULINO,Não,,Trabalhador,1665.14,Não,Mensalista,75.0,1202,2
TIJUCA,F,RIO DE JANEIRO,BRASILEIRA,Solteira,1987-06-23,RJ,FEMININO,Não,,Prof. De Educação Infantil,7070.4,Não,Mensalista,38.0,952,0
PENHA,F,RIO DE JANEIRO,BRASILEIRA,Divorciada,1967-05-04,RJ,FEMININO,Não,,Aux De Enfermagem 2º Grau,3027.58,Não,Mensalista,58.0,474,3
PACIENCIA,F,RIO DE JANEIRO,BRASILEIRA,União Estável,1982-04-16,RJ,FEMININO,Não,,Professor De Educação Infantil,8852.93,Não,Mensalista,43.0,998,1
MIGUEL COUTO,F,NOVA IGUACU,Brasileira,Divorciado,1961-03-28,RJ,MASCULINO,Não,,Trabalhador,2482.69,Não,Mensalista,64.0,1202,2
REALENGO,F,RIO DE JANEIRO,BRASILEIRA,Solteiro,1996-04-23,RJ,MASCULINO,Não,Risco PLD/FT Baixo,Soldado Bm,5333.88,Não,Mensalista,29.0,1128,0
PIABETA,F,MAGE,BRASILEIRA,Casado,1955-04-09,RJ,MASCULINO,Não,,Agente De Vigilancia,3768.93,Não,Mensalista,70.0,259,3
PARADA DE LUCAS,F,RIO DE JANEIRO,Brasileira,Divorciado,1963-08-04,RJ,MASCULINO,Não,,Aux De Serviço De Saúde,3418.48,Não,Mensalista,62.0,498,3
ANA CLARA,F,RIO DE JANEIRO,Brasileira,Casado,1954-02-02,RJ,MASCULINO,Não,,Agnte Administrativo,2659.92,Não,Mensalista,71.0,279,3
REALENGO,F,RIO DE JANEIRO,Brasileira,Solteira,1968-01-23,RJ,FEMININO,Não,,Aux. De Enfermagem 2º Grau,5989.37,Não,Mensalista,57.0,539,0
ENCANTADO,F,RIO DE JANEIRO,BRASILEIRA,SOLTEIRO,1961-06-30,RJ,FEMININO,Não,,Secretaria Jr,1500.0,Não,Mensalista,64.0,1112,2
BANGU,F,RIO DE JANEIRO,Brasileira,Solteira,1954-04-26,RJ,FEMININO,Não,,Aux De Enfermagem 2º Grau,4663.44,Não,Mensalista,71.0,474,3
REALENGO,F,RIO DE JANEIRO,BRASILEIRA,Casada,1973-09-28,RJ,FEMININO,Não,,Aux De Enfermagem 1º Grau,2587.69,Não,Mensalista,52.0,468,0
INHOAIBA,F,RIO DE JANEIRO,BRASILEIRA,Casada,1962-10-08,RJ,FEMININO,Não,,Aux De Enfermagem 2º Grau,3793.94,Não,Mensalista,63.0,474,3
SANTA CRUZ,F,RIO DE JANEIRO,Brasileiro,Solteiro,1965-09-04,RJ,FEMININO,Não,,Aux. Operacional,1865.6,Não,Mensalista,60.0,575,3
REALENGO,F,RIO DE JANEIRO,Brasileira,Divorciada,1963-10-20,RJ,FEMININO,Não,,Aposentada,613.44,Não,Mensalista,62.0,294,3
INHAUMA,F,RIO DE JANEIRO,Brasileira,Solteiro,1949-03-15,RJ,FEMININO,Não,,Servente,1395.0,Não,Mensalista,76.0,1116,2
PACIENCIA,F,RIO DE JANEIRO,Brasileira,Casado,1946-12-01,RJ,FEMININO,Não,,Merendeira,1266.86,Não,Mensalista,79.0,812,2
CURICICA,F,RIO DE JANEIRO,BRASILEIRA,Solteiro,1986-02-05,RJ,FEMININO,Não,Risco PLD/FT Baixo,Professor Docente I - 18 Horas,4575.91,Não,Mensalista,39.0,1014,0
PACIENCIA,F,RIO DE JANEIRO,BRASILEIRA,Casada,1961-09-24,RJ,FEMININO,Não,,Auxiliar De Enfermagem,2246.07,Não,Mensalista,64.0,608,3
CAMPO GRANDE,F,RIO DE JANEIRO,Brasileira,Divorciada,1950-11-27,RJ,FEMININO,Não,,Professor Ii,4349.93,Não,Mensalista,75.0,1048,2
CAMPO GRANDE,F,RIO DE JANEIRO,BRASILEIRA,Divorciada,1950-11-27,RJ,FEMININO,Não,,Professor Ii,8351.2,Não,Mensalista,75.0,1048,1
CASCADURA,F,RIO DE JANEIRO,BRASILEIRA,Solteiro,1999-07-13,RJ,FEMININO,Não,Risco PLD/FT Baixo,Agente Educador Ii,2303.62,Não,,26.0,268,0
CAMPO GRANDE,F,RIO DE JANEIRO,BRASILEIRA,Divorciada,1969-10-28,RJ,FEMININO,Não,,Aux De Enfermagem ( Enq. Forma,5090.43,Não,Mensalista,56.0,460,0
SENADOR VASCONCELOS,F,RIO DE JANEIRO,Brasileira,Solteiro,1979-03-30,RJ,FEMININO,Não,,Professor,6296.06,Não,Mensalista,46.0,984,0
SANTA CRUZ,F,RIO DE JANEIRO,Brasileira,Solteiro,1983-06-16,RJ,FEMININO,Não,,Pensionista,5353.38,Não,Mensalista,42.0,863,0
BENFICA,F,RIO DE JANEIRO,BRASILEIRA,Solteira,1980-05-21,RJ,FEMININO,Não,,Professor Ii,11662.67,Não,Mensalista,45.0,1048,1
BENFICA,F,RIO DE JANEIRO,BRASILEIRA,Solteira,1980-05-21,RJ,FEMININO,Não,,Professor,9664.29,Não,Mensalista,45.0,984,1
COSME VELHO,F,RIO DE JANEIRO,BRASILEIRA,Casado,1983-04-22,RJ,FEMININO,Não,Risco PLD/FT Baixo,Assistente,7475.0,Não,Mensalista,42.0,421,0
BANGU,F,RIO DE JANEIRO,BRASILEIRA,Solteira,1982-01-02,RJ,FEMININO,Não,,Ag De Educação Infantil,2915.71,Não,Mensalista,43.0,55,0
SÃO JOAQUIM,F,ITABORAI,BRASILEIRA,Casada,1977-11-05,RJ,FEMININO,Não,,Merendeira,708.5,Não,Mensalista,48.0,812,0
PRAÇA SECA,F,RIO DE JANEIRO,BRASILEIRA,Divorciado,1990-11-01,RJ,FEMININO,Não,Risco PLD/FT Baixo,Professor De Educação Infantil,12266.08,Não,Mensalista,35.0,998,1
TAQUARA,F,RIO DE JANEIRO,BRASILEIRA,Casada,1988-07-01,RJ,FEMININO,Não,Risco PLD/FT Baixo,Professor Adjunto De Ed Infant,5040.21,Não,Mensalista,37.0,991,0
VILA VALQUEIRE,F,RIO DE JANEIRO,Brasileira,Casado,1961-01-29,RJ,MASCULINO,Não,,Agente De Vigilancia,1715.87,Não,Mensalista,64.0,259,3
FREGUESIA,F,RIO DE JANEIRO,BRASILEIRA,Casado,1949-07-01,RJ,MASCULINO,Não,,Agente Auxi. De Administração,1114.78,Não,Mensalista,76.0,190,3
REALENGO,F,RIO DE JANEIRO,BRASILEIRA,Divorciado,1964-10-07,RJ,MASCULINO,Não,,Aux De Enfermagem 2º Grau,2843.25,Não,Mensalista,61.0,474,3
CAMPO GRANDE,F,RIO DE JANEIRO,Brasileira,Solteiro,1962-06-15,RJ,MASCULINO,Não,,Eletricista De Rede,6693.47,Não,Mensalista,63.0,713,1
JARDIM AMERICA,F,RIO DE JANEIRO,BRASILEIRA,Divorciado,1962-02-17,RJ,MASCULINO,Não,,Trabalhador,1376.29,Não,Mensalista,63.0,1202,2
BARROS FILHOS,F,RIO DE JANEIRO,Brasileira,Casado,1955-11-03,RJ,MASCULINO,Não,,Agente De Administração,3230.16,Não,Mensalista,70.0,216,3
OSWALDO CRUZ,F,RIO DE JANEIRO,BRASILEIRA,Casada,1968-03-01,RJ,FEMININO,Não,,Merendeira,2578.09,Não,Mensalista,57.0,812,0
TIJUCA,F,RIO DE JANEIRO,BRASILEIRA,Solteira,1961-09-29,RJ,FEMININO,Não,,Merendeira,1163.12,Não,Mensalista,64.0,812,2
JARDIM AMERICA,F,ITAGUAI,Brasileira,Divorciada,1955-09-21,RJ,FEMININO,Não,,Aposentada,4862.25,Não,Mensalista,70.0,294,3
PIEDADE,F,MAGE,Brasileira,Casada,1946-09-16,RJ,FEMININO,Não,,Servente,2767.88,Não,Mensalista,79.0,1116,2
SEPETIBA,F,RIO DE JANEIRO,Brasileira,Solteiro,1961-06-13,RJ,FEMININO,Não,,Auxiliar De Enfermagem,3264.26,Não,Mensalista,64.0,608,3
REALENGO,F,RIO DE JANEIRO,BRASILEIRA,Desquitado,1953-10-01,RJ,MASCULINO,Não,,Trabalhador,2440.69,Não,Mensalista,72.0,1202,2
CAMPO GRANDE,F,RIO DE JANEIRO,Brasileira,Divorciado,1946-04-21,RJ,MASCULINO,Não,,Op.De Maq.Auxiliares,4088.16,Não,Mensalista,79.0,849,2
ENGENHO DE DENTRO,F,RIO DE JANEIRO,BRASILEIRA,Viúva,1938-07-04,RJ,FEMININO,Não,,Servente,1878.36,Não,Mensalista,87.0,1116,2
GUARATIBA,F,RIO DE JANEIRO,Brasileira,Casado,1958-07-14,RJ,MASCULINO,Não,,Motorista,2463.88,Não,Mensalista,67.0,827,2
INHOAIBA,F,RIO DE JANEIRO,Brasileira,Casado,1955-01-01,RJ,MASCULINO,Não,,Trabalhador,3044.84,Não,Mensalista,70.0,1202,2
CAMPO GRANDE,F,RIO DE JANEIRO,BRASILEIRA,Casada,1974-01-15,RJ,FEMININO,Não,,Merendeira,2578.09,Não,Mensalista,51.0,812,0
SANTA CRUZ,F,RIO DE JANEIRO,Brasileira,Casado,1963-05-16,RJ,FEMININO,Não,,Merendeira,1033.76,Não,Mensalista,62.0,812,2
BENTO RIBEIRO,F,RIO DE JANEIRO,BRASILEIRA,Solteira,1953-05-10,RJ,FEMININO,Não,,Assistente Social,8078.68,Não,Mensalista,72.0,430,3
PILARES,F,RIO DE JANEIRO,BRASILEIRA,Casada,1971-03-06,RJ,FEMININO,Não,,Merendeira,1954.76,Não,Mensalista,54.0,812,0
SANTA CRUZ,F,RIO DE JANEIRO,Brasileira,Casada,1968-07-24,RJ,FEMININO,Não,,Ascensorista,1114.47,Não,Mensalista,57.0,390,3
SOMEL,F,ITAGUAI,BRASILEIRA,Divorciada,1969-03-23,RJ,FEMININO,Não,,Aux De Controle De Endemias,2819.03,Não,Mensalista,56.0,452,0
CAMPO GRANDE,F,RIO DE JANEIRO,Brasileira,Casada,1965-05-28,RJ,FEMININO,Não,,Merendeira,1453.6,Não,Mensalista,60.0,812,2
CENTRO,F,NILOPOLIS,BRASILEIRA,Divorciada,1958-04-24,RJ,FEMININO,Não,,Merendeira,2638.56,Não,Mensalista,67.0,812,2
MARECHAL HERMES,F,RIO DE JANEIRO,Brasileira,Solteiro,1960-12-01,RJ,FEMININO,Não,,Aux.De Enfermagem,2523.72,Não,Mensalista,65.0,581,3
MARE,F,RIO DE JANEIRO,Brasileira,Casado,1957-04-28,RJ,FEMININO,Não,,Prof Ii,4946.58,Não,Mensalista,68.0,930,2
LEOPOLDINA,F,RIO DE JANEIRO,BRASILEIRA,Casado,1957-04-28,RJ,FEMININO,Não,,Professor Ii,4946.58,Não,Mensalista,68.0,1048,2
PIEDADE,F,RIO DE JANEIRO,BRASILEIRA,Casada,1959-07-30,RJ,FEMININO,Não,,Merendeira,2109.22,Não,Mensalista,66.0,812,2
PILARES,F,RIO DE JANEIRO,BRASILEIRA,Casada,1951-06-19,RJ,FEMININO,Não,,Professor Ii,4985.18,Não,Mensalista,74.0,1048,2
PILARES,F,RIO DE JANEIRO,BRASILEIRA,Casada,1951-06-19,RJ,FEMININO,Não,,Professor Ii,8938.67,Não,Mensalista,74.0,1048,1
ENCANTADO,F,RIO DE JANEIRO,Brasileira,União Estável,1958-07-07,RJ,FEMININO,Não,,Atendente Ao Público,1800.0,Não,CLT,67.0,443,3
SANTA CRUZ,F,RIO DE JANEIRO,BRASILEIRA,Divorciado,1972-07-06,RJ,FEMININO,Não,Risco PLD/FT Baixo,Aux De Controle De Endemias,5130.28,Não,Mensalista,53.0,452,0
BANGU,F,RIO DE JANEIRO,Brasileira,Viúva,1950-11-27,RJ,FEMININO,Não,,Servente,2561.34,Não,Mensalista,75.0,1116,2
MANGUINHOS,F,RIO DE JANEIRO,Brasileira,Casado,1964-02-28,RJ,FEMININO,Não,,Ag Comunitario,2945.56,Não,Mensalista,61.0,33,3
SANTA CRUZ,F,RIO DE JANEIRO,BRASILEIRA,Viúvo,1960-04-21,RJ,MASCULINO,Não,,Zelador,2274.71,Não,Mensalista,65.0,1238,2
PECHINCHA,F,RIO DE JANEIRO,Brasileira,Casado,1959-01-24,RJ,FEMININO,Não,,Auxiliar De Enfermagem,2515.56,Não,Mensalista,66.0,608,3
TAUA,F,RIO DE JANEIRO,Brasileira,Divorciada,1957-07-23,RJ,FEMININO,Não,,Professor Ii,3961.54,Não,Mensalista,68.0,1048,2
TAUA,F,RIO DE JANEIRO,BRASILEIRA,Divorciada,1957-07-23,RJ,FEMININO,Não,,Professor Ii,5134.46,Não,Mensalista,68.0,1048,2
OSWALDO CRUZ,F,RIO DE JANEIRO,Brasileira,Casada,1972-04-26,RJ,FEMININO,Não,,Professor Docente I,2056.84,Não,Mensalista,53.0,1012,0
CAMPO GRANDE,F,RIO DE JANEIRO,Brasileira,Divorciada,1957-08-31,RJ,FEMININO,Não,,Aposentada,6261.93,Não,Mensalista,68.0,294,3
SANTA CRUZ,F,RIO DE JANEIRO,BRASILEIRA,Casada,1965-05-20,RJ,FEMININO,Não,,Aux De Enfermagem 2º Grau,3482.28,Não,Mensalista,60.0,474,3
CAMPO GRANDE,F,RIO DE JANEIRO,Brasileira,Separada judicialmente,1960-01-19,RJ,FEMININO,Não,,Aux De Enfermagem,1797.49,Não,Mensalista,65.0,459,3
MANGUINHOS,F,RIO DE JANEIRO,Brasileira,Solteira,1966-07-04,RJ,FEMININO,Não,,Merendeira,2353.98,Não,Mensalista,59.0,812,2
SANTA CRUZ,F,RIO DE JANEIRO,Brasileira,Casada,1964-05-30,RJ,FEMININO,Não,,Agente Comunitaria Nivel Ii,3279.67,Não,Mensalista,61.0,197,3
IRAJA,F,RIO DE JANEIRO,BRASILEIRA,Divorciada,1957-12-17,RJ,FEMININO,Não,,Merendeira,2533.65,Não,Mensalista,68.0,812,2
GRAMACHO,F,DUQUE DE CAXIAS,BRASILEIRA,Casada,1958-11-03,RJ,FEMININO,Não,,Servente (Sms),2507.1,Não,Mensalista,67.0,1118,2
ANCHIETA,F,RIO DE JANEIRO,BRASILEIRA,Casada,1960-11-21,RJ,FEMININO,Não,,Ag De Administração,2377.72,Não,Mensalista,65.0,40,3
VILA CAMARIM,F,QUEIMADOS,Brasileira,Solteira,1959-12-24,RJ,FEMININO,Não,,Professor Ii,4415.09,Não,Mensalista,66.0,1048,2
JARDIM OLAVO BILAC,F,DUQUE DE CAXIAS,BRASILEIRA,Casada,1965-11-22,RJ,FEMININO,Não,,Auxiliar De Enfermagem 2ª Grau,3505.34,Não,Mensalista,60.0,618,0
HONORIO GURGEL,F,RIO DE JANEIRO,BRASILEIRA,Divorciada,1956-03-02,RJ,FEMININO,Não,,Aux De Enfermagem 2º Grau,2773.2,Não,Mensalista,69.0,474,3
INHOAIBA,F,RIO DE JANEIRO,BRASILEIRA,Solteiro,1960-01-14,RJ,FEMININO,Não,Risco PLD/FT Baixo,Asst Admin,5600.0,Não,Mensalista,65.0,441,3
PAVUNA,F,RIO DE JANEIRO,BRASILEIRA,Casada,1966-11-22,RJ,FEMININO,Não,,Professor De Ensino Fundamenta,1113.86,Não,Mensalista,59.0,1001,2
PAVUNA,F,RIO DE JANEIRO,Brasileira,Casada,1966-11-22,RJ,FEMININO,Não,,Professor Ii,1113.86,Não,Mensalista,59.0,1048,2
VILA DA PENHA,F,RIO DE JANEIRO,Brasileira,Solteira,1960-11-30,RJ,FEMININO,Não,,Aposentada,2866.44,Não,Mensalista,65.0,294,3
MEIER,F,RIO DE JANEIRO,BRASILEIRA,Casada,1953-04-22,RJ,FEMININO,Não,,Professor,6649.06,Não,Mensalista,72.0,984,2
CAMPINHO,F,RIO DE JANEIRO,Brasileira,Divorciado,1950-05-31,RJ,FEMININO,Não,,Professora,4674.34,Não,Mensalista,75.0,1070,2
BOA PERNA,F,ARARUAMA,BRASILEIRA,Casada,1970-10-04,RJ,FEMININO,Não,Risco PLD/FT Baixo,Professor Docente Ii,8360.49,Não,Mensalista,55.0,1018,1
FREGUESIA,F,RIO DE JANEIRO,BRASILEIRA,Divorciada,1953-04-14,RJ,FEMININO,Não,,Professor Ii,4221.75,Não,Mensalista,72.0,1048,2
FREGUESIA,F,RIO DE JANEIRO,BRASILEIRA,Divorciada,1953-04-14,RJ,FEMININO,Não,,Professor Ii,4221.75,Não,Mensalista,72.0,1048,2
SAMPAIO,F,RIO DE JANEIRO,Brasileira,Divorciada,1964-05-17,RJ,FEMININO,Não,,Ag Comunitario Nivel Ii (Qs),3191.8,Não,Mensalista,61.0,36,3
PADRE MIGUEL,F,RIO DE JANEIRO,Brasileira,Solteiro,1956-11-19,RJ,MASCULINO,Não,,Aposentado,1771.47,Não,Mensalista,69.0,295,3
PACIENCIA,F,RIO DE JANEIRO,Brasileira,Separado judicialmente,1963-08-19,RJ,FEMININO,Não,,Merendeira,1788.82,Não,Mensalista,62.0,812,2
JACAREPAGUA,F,RIO DE JANEIRO,BRASILEIRA,Solteiro,1988-02-18,RJ,FEMININO,Não,Risco PLD/FT Baixo,Prof I - Inglês,3313.81,Não,Mensalista,37.0,907,0
CERRADO,F,MANGARATIBA,BRASILEIRA,Casada,1981-05-21,RJ,FEMININO,Não,,Professor De Educação Infanti,7216.35,Não,Mensalista,44.0,997,1
PRAÇA SECA,F,RIO DE JANEIRO,BRASILEIRA,Solteira,1975-12-31,RJ,FEMININO,Não,,Professor Ii,3784.28,Não,Mensalista,50.0,1048,0
PENHA CIRCULAR,F,RIO DE JANEIRO,Brasileira,Divorciada,1977-10-27,RJ,FEMININO,Não,,Aux De Enfermagem,2548.02,Não,Mensalista,48.0,459,0
PORTO VELHO,F,SÃO GONÇALO,BRASILEIRA,Solteiro,1984-07-20,RJ,FEMININO,Não,Risco PLD/FT Baixo,Ajudante I,6665.8,Não,Mensalista,41.0,286,0
GRAJAU,F,RIO DE JANEIRO,BRASILEIRA,SOLTEIRO,1989-02-15,RJ,FEMININO,Não,,Aux Administrativo,527.5,Não,Mensalista,36.0,450,0
TIJUCA,F,RIO DE JANEIRO,BRASILEIRA,Divorciada,1967-09-29,RJ,FEMININO,Não,,Prof I - Historia,1848.44,Não,Mensalista,58.0,905,2
COLEGIO,F,RIO DE JANEIRO,BRASILEIRA,Solteira,1983-03-15,RJ,FEMININO,Não,,Professor Ii,2989.94,Não,Mensalista,42.0,1048,0
PENHA,F,RIO DE JANEIRO,BRASILEIRA,Casada,1972-05-26,RJ,FEMININO,Não,,Merendeira,1337.2,Não,Mensalista,53.0,812,0
INHOAIBA,F,RIO DE JANEIRO,BRASILEIRA,Solteira,1980-02-29,RJ,FEMININO,Não,,Professor,3989.78,Não,Mensalista,45.0,984,0
INHOAIBA,F,RIO DE JANEIRO,Brasileira,Solteiro,1980-02-29,RJ,FEMININO,Não,,Professor,3989.78,Não,Mensalista,45.0,984,0
OSWALDO CRUZ,F,RIO DE JANEIRO,BRASILEIRA,Solteira,1977-07-08,RJ,FEMININO,Não,,Professor Ii,10464.17,Não,Mensalista,48.0,1048,1
INHOAIBA,F,RIO DE JANEIRO,Brasileira,Solteira,1979-02-23,RJ,FEMININO,Não,,Professor Ii,6844.16,Não,Mensalista,46.0,1048,1
VISTA ALEGRE,F,RIO DE JANEIRO,BRASILEIRA,Solteira,1972-09-29,RJ,FEMININO,Não,,Aposentada,998.0,Não,Mensalista,53.0,294,0
INHAUMA,F,RIO DE JANEIRO,BRASILEIRA,Solteira,1984-03-12,RJ,FEMININO,Não,,Professor Ii,7869.56,Não,Mensalista,41.0,1048,1
INHAUMA,F,RIO DE JANEIRO,BRASILEIRA,Solteira,1984-03-12,RJ,FEMININO,Não,,Professor Ii,7838.76,Não,Mensalista,41.0,1048,1
BENTO RIBEIRO,F,RIO DE JANEIRO,BRASILEIRA,Casada,1983-12-20,RJ,FEMININO,Não,,Prof I,3733.51,Não,Mensalista,42.0,895,0
BENTO RIBEIRO,F,RIO DE JANEIRO,BRASILEIRA,Casada,1983-12-20,RJ,FEMININO,Não,,Professora,4111.51,Não,Mensalista,42.0,1070,0
AGUA SANTA,F,RIO DE JANEIRO,BRASILEIRA,Casada,1980-10-06,RJ,FEMININO,Não,,Professor Ii,5034.98,Não,Mensalista,45.0,1048,0
CACHAMBI,F,RIO DE JANEIRO,BRASILEIRA,Divorciada,1962-07-21,RJ,FEMININO,Não,,Professor Ii,4953.1,Não,Mensalista,63.0,1048,2
CACHAMBI,F,RIO DE JANEIRO,BRASILEIRA,Divorciada,1962-07-21,RJ,FEMININO,Não,,Professor Ii,4953.1,Não,Mensalista,63.0,1048,2
ENGENHO NOVO,F,RIO DE JANEIRO,BRASILEIRA,Viúva,1959-01-28,RJ,FEMININO,Não,,Ag. Educação Infantil,2748.09,Não,Mensalista,66.0,145,3
CAMPO GRANDE,F,RIO DE JANEIRO,BRASILEIRA,Solteira,1967-02-06,RJ,FEMININO,Não,,Aux. De Enfermagem - 2º Grau,2853.86,Não,Mensalista,58.0,532,0
PIEDADE,F,RIO DE JANEIRO,Brasileira,Casado,1948-05-15,RJ,FEMININO,Não,,Professor,2852.44,Não,Mensalista,77.0,984,2
FLAMENGO,F,RIO DE JANEIRO,Brasileira,Solteiro,1963-01-26,RJ,FEMININO,Não,,Tec. De Processador De Dados,8721.21,Não,Mensalista,62.0,1155,1
JARDIM BELVEDERE,F,VOLTA REDONDA,Brasileira,Casada,1962-11-27,RJ,FEMININO,Não,,Auxiliar De Enfermagem,2709.72,Não,Mensalista,63.0,608,3
CAMPO GRANDE,F,RIO DE JANEIRO,Brasileira,Divorciado,1963-06-23,RJ,FEMININO,Não,,Professor,10663.68,Não,Mensalista,62.0,984,1
MADUREIRA,F,RIO DE JANEIRO,Brasileira,Solteira,1967-04-11,RJ,FEMININO,Não,,Ag. Aux De Administração,5483.69,Não,Mensalista,58.0,80,3
IRAJA,F,RIO DE JANEIRO,BRASILEIRA,Casada,1962-03-11,RJ,FEMININO,Não,,Auxiliar De Enfermagem,2982.66,Não,Mensalista,63.0,608,3
SANTISSIMO,F,RIO DE JANEIRO,BRASILEIRA,Casada,1963-11-14,RJ,FEMININO,Não,,Aux. De Enfermagem,4589.19,Não,Mensalista,62.0,525,3
IRAJA,F,RIO DE JANEIRO,Brasileira,Casado,1963-09-01,RJ,FEMININO,Não,,Prof. Docente Ii,2374.88,Não,Mensalista,62.0,954,2
GUARATIBA,F,RIO DE JANEIRO,Brasileira,Divorciada,1956-05-08,RJ,FEMININO,Não,,Servente,1617.27,Não,Mensalista,69.0,1116,2
ROCHA MIRANDA,F,RIO DE JANEIRO,BRASILEIRA,Divorciada,1969-10-28,RJ,FEMININO,Não,,Professor Ii,6666.4,Não,Mensalista,56.0,1048,1
ROCHA MIRANDA,F,RIO DE JANEIRO,brasileira,Solteira,1961-11-07,RJ,FEMININO,Não,,Aux De Enfermagem 2º Grau,5276.3,Não,Mensalista,64.0,474,3
SEPETIBA,F,RIO DE JANEIRO,Brasileira,Solteira,1963-11-03,RJ,FEMININO,Não,,Ag. De Adminstração,1100.46,Não,Mensalista,62.0,116,3
OLARIA,F,RIO DE JANEIRO,BRASILEIRA,Solteira,1964-05-18,RJ,FEMININO,Não,,Aposentada,4355.48,Não,Mensalista,61.0,294,3
ROCHA SOBRINHO,F,RIO DE JANEIRO,Brasileira,Solteiro,1972-02-22,RJ,FEMININO,Não,,Prof. Ii,2028.26,Não,Mensalista,53.0,968,0
SEPETIBA,F,RIO DE JANEIRO,Brasileira,Separado judicialmente,1961-02-23,RJ,FEMININO,Não,,Professor,4733.78,Não,Mensalista,64.0,984,2
PRAÇA SECA,F,RIO DE JANEIRO,Brasileira,Solteira,1963-12-01,RJ,FEMININO,Não,,Professor Ii,2555.68,Não,Mensalista,62.0,1048,2
IRAJA,F,RIO DE JANEIRO,BRASILEIRA,Solteira,1970-05-06,RJ,FEMININO,Não,,"Ag, De Educação Infantil",4549.72,Não,Mensalista,55.0,73,3
SANTA CRUZ,F,RIO DE JANEIRO,Brasileira,Casado,1971-05-25,RJ,FEMININO,Não,,Auxiliar De Enfermagem,6012.74,Não,Mensalista,54.0,608,0
HONORIO GURGEL,F,RIO DE JANEIRO,BRASILEIRA,Solteira,1963-06-25,RJ,FEMININO,Não,,Enfermeiro,4921.33,Não,Mensalista,62.0,724,2
CENTRO,F,RIO DE JANEIRO,Brasileira,Solteira,1958-11-18,RJ,FEMININO,Não,,Ag. De Educação Infantil,3590.32,Não,Mensalista,67.0,129,3
REALENGO,F,RIO DE JANEIRO,BRASILEIRA,Solteira,1980-01-13,RJ,FEMININO,Não,,Professor Ii,7350.2,Não,Mensalista,45.0,1048,1
CAMPO GRANDE,F,RIO DE JANEIRO,Brasileira,Solteira,1959-04-25,RJ,FEMININO,Não,,Ag. De Portaria,1660.45,Não,Mensalista,66.0,133,3
ENGENHO NOVO,F,RIO DE JANEIRO,BRASILEIRA,Divorciada,1962-01-10,RJ,FEMININO,Não,,Professor Ii,9002.93,Não,Mensalista,63.0,1048,1
ENGENHO NOVO,F,RIO DE JANEIRO,Brasileira,Divorciada,1962-01-10,RJ,FEMININO,Não,,Professor Ii,10477.5,Não,Mensalista,63.0,1048,1
SANTA CRUZ,F,RIO DE JANEIRO,BRASILEIRA,Solteira,1970-06-14,RJ,FEMININO,Não,,Aposentada,1006.8,Não,Mensalista,55.0,294,3
SANTISSIMO,F,RIO DE JANEIRO,BRASILEIRA,Casada,1988-07-22,RJ,FEMININO,Não,Risco PLD/FT Baixo,Ag De Preparo De Alimentos,2621.47,Não,Mensalista,37.0,59,0
BANGU,F,RIO DE JANEIRO,Brasileira,Divorciada,1966-10-05,RJ,FEMININO,Não,,Inspetor De Alunos,1607.91,Não,Mensalista,59.0,789,0
CENTRO,F,RIO DE JANEIRO,BRASILEIRA,Solteira,1965-11-03,RJ,FEMININO,Não,,Prof De Educação Infantil,11962.49,Não,Mensalista,60.0,886,1
CENTRO,F,RIO DE JANEIRO,BRASILEIRA,Solteira,1965-11-03,RJ,FEMININO,Não,,Prof De Educação Infantil,11962.49,Não,Mensalista,60.0,886,1
INHOAIBA,F,RIO DE JANEIRO,BRASILEIRA,Divorciada,1964-01-08,RJ,FEMININO,Não,,Professor De Educação Infantil,6088.56,Não,Mensalista,61.0,998,2
PRADOS VERDES,F,NOVA IGUAÇU,BRASILEIRA,Solteira,1978-12-22,RJ,FEMININO,Não,,Professor Ii,6456.25,Não,Mensalista,47.0,1048,0
OLARIA,F,RIO DE JANEIRO,BRASILEIRA,Solteira,1963-05-26,RJ,FEMININO,Não,,Aux De Enfermagem 1º Grau,2912.02,Não,Mensalista,62.0,468,3
CAMPINHO,F,RIO DE JANEIRO,BRASILEIRA,Solteiro,1965-05-26,RJ,MASCULINO,Não,,Auxiliar De Serviços De Apoio,5339.76,Não,Mensalista,60.0,638,0
OSWALDO CRUZ,F,RIO DE JANEIRO,BRASILEIRA,Divorciada,1977-03-28,RJ,FEMININO,Não,,Professor Ii,9595.38,Não,Mensalista,48.0,1048,1
OSWALDO CRUZ,F,RIO DE JANEIRO,BRASILEIRA,Solteira,1973-03-07,RJ,FEMININO,Não,,Auxilair De Enfermagem 2º Grau,3146.64,Não,Mensalista,52.0,599,0
SANTA ROSA,F,NITEROI,BRASILEIRA,Solteiro,1975-09-21,RJ,FEMININO,Não,Risco PLD/FT Baixo,Professor De Ensino Fundamenta,6743.95,Não,,50.0,1001,1
PQ SAO FRANKM32,F,NOVA IGUAÇU,BRASILEIRA,Solteira,1973-05-01,RJ,FEMININO,Não,,Ag De Educação Infantil,2490.45,Não,Mensalista,52.0,55,3
PILARES,F,RIO DE JANEIRO,BRASILEIRA,Solteiro,1983-08-17,RJ,FEMININO,Não,Risco PLD/FT Baixo,Aux. De Enfermagem,4435.53,Não,Mensalista,42.0,525,0
COELHO DA ROCHA,F,RIO DE JANEIRO,Brasileira,União Estável,1976-07-13,RJ,FEMININO,Não,,Auxiliar De Enfermagen,3177.22,Não,Mensalista,49.0,628,0
CACUIA,F,RIO DE JANEIRO,BRASILEIRA,Divorciada,1974-12-23,RJ,FEMININO,Não,,Ag De Educação Infantil,1887.48,Não,Mensalista,51.0,55,3
SANTA CRUZ,F,RIO DE JANEIRO,Brasileira,Solteira,1973-08-20,RJ,FEMININO,Não,,Prof Ii,2900.13,Não,Mensalista,52.0,930,0
SANTA CRUZ,F,RIO DE JANEIRO,BRASILEIRA,Solteira,1973-08-20,RJ,FEMININO,Não,,Professor Ii,3088.4,Não,Mensalista,52.0,1048,0
BRAZ DE PINA,F,RIO DE JANEIRO,BRASILEIRA,Casada,1984-02-24,RJ,FEMININO,Não,,Prof. De Educação Infantil,3299.08,Não,Mensalista,41.0,952,0
IRAJA,F,RIO DE JANEIRO,Brasileira,Casado,1975-01-06,RJ,FEMININO,Não,,Merendeira,1446.54,Não,Mensalista,50.0,812,0
PACIENCIA,F,RIO DE JANEIRO,BRASILEIRA,Solteira,1979-05-10,RJ,FEMININO,Não,,Merendeira,1425.28,Não,Mensalista,46.0,812,0
BANGU,F,RIO DE JANEIRO,Brasileira,Solteiro,1972-05-09,RJ,FEMININO,Não,,Agente De Administração,2392.62,Não,Mensalista,53.0,216,3
CARAMUJO,F,NITEROI,BRASILEIRA,SOLTEIRO,1973-04-23,RJ,FEMININO,Não,,Ag Aux De Creche,1157.7,Não,Mensalista,52.0,27,3
CENTRO,F,RIO DE JANEIRO,BRASILEIRA,Solteiro,1992-06-29,RJ,FEMININO,Não,Risco PLD/FT Baixo,3º Sargento Bm,7168.31,Não,Mensalista,33.0,10,0
SANTA CRUZ,F,RIO DE JANEIRO,Brasileira,Casado,1961-09-28,RJ,FEMININO,Não,,Prof. Ii,4750.1,Não,Mensalista,64.0,968,2
GUADALUPE,F,RIO DE JANEIRO,Brasileira,Solteiro,1959-04-05,RJ,MASCULINO,Não,,Tecnico De Laboratório,4188.62,Não,Mensalista,66.0,1179,2
BANGU,F,RIO DE JANEIRO,Brasileira,Casado,1965-04-14,RJ,MASCULINO,Não,,Trabalhador,3053.88,Não,Mensalista,60.0,1202,2
NOVO HORIZONTE,F,NILOPOLIS,BRASILEIRA,Casado,1960-05-03,RJ,MASCULINO,Não,Risco PLD/FT Baixo,Investigador Policial,12741.62,Não,Mensalista,65.0,796,1
BANGU,F,RIO DE JANEIRO,BRASILEIRA,Solteiro,1957-01-18,RJ,MASCULINO,Não,,Agente De Administração,2330.79,Não,Mensalista,68.0,216,3
CARAMUJO,F,DUQUE DE CAXIAS,Brasileira,Solteiro,1959-09-16,RJ,MASCULINO,Não,,Aux.De Enfermagem,2581.0,Não,Mensalista,66.0,581,3
BANGU,F,RIO DE JANEIRO,Brasileira,Solteiro,1950-08-04,RJ,MASCULINO,Não,,Trabalhador,4135.55,Não,Mensalista,75.0,1202,2
CENTRO,F,MARICA,BRASILEIRA,Casado,1975-12-11,RJ,MASCULINO,Não,Risco PLD/FT Baixo,Tecnico De Enfermagem,1668.85,Não,Mensalista,50.0,1172,0
MADUREIRA,F,RIO DE JANEIRO,Brasileira,Casado,1951-09-16,RJ,MASCULINO,Não,,Trabalhador,1964.38,Não,Mensalista,74.0,1202,2
ANIL,F,SAO GONCALO,Brasileira,Casado,1978-08-19,RJ,MASCULINO,Não,,Terceiro Sargento,3023.68,Não,Mensalista,47.0,1200,0
SANTA ISABEL,F,SÃO GONÇALO,Brasileira,Solteiro,1964-08-09,RJ,MASCULINO,Não,,Aux De Enfermagem 2º Grau,4372.63,Não,Mensalista,61.0,474,3
CAMPO GRANDE,F,RIO DE JANEIRO,Brasileira,Solteiro,1966-03-30,RJ,MASCULINO,Não,,Trabalhador,3738.52,Não,Mensalista,59.0,1202,2
TIJUCA,F,RIO DE JANEIRO,Brasileira,Casado,1939-07-19,RJ,MASCULINO,Não,,Aposentado,6033.86,Não,Mensalista,86.0,295,3
SANTA CRUZ,F,RIO DE JANEIRO,Brasileira,Divorciado,1956-01-01,RJ,MASCULINO,Não,,Feitor (Sms),3213.49,Não,Mensalista,69.0,761,2
CURICICA,F,RIO DE JANEIRO,BRASILEIRA,Casado,1950-12-26,RJ,MASCULINO,Não,,Feitor,1400.93,Não,Mensalista,75.0,760,2
CAMPO GRANDE,F,RIO DE JANEIRO,Brasileira,Solteiro,1942-09-15,RJ,FEMININO,Não,,Prof Ii,4424.34,Não,Mensalista,83.0,930,2
MOQUETA,F,NOVA IGUACU,BRASILEIRA,Solteiro,1993-05-18,RJ,FEMININO,Não,Risco PLD/FT Baixo,Assistente,12075.0,Não,Mensalista,32.0,421,1
IMBARIE,F,DUQUE DE CAXIAS,BRASILEIRA,Casada,1987-05-30,RJ,FEMININO,Não,Risco PLD/FT Baixo,Agente De Educação Infantil,3912.55,Não,Mensalista,38.0,237,0
BANGU,F,RIO DE JANEIRO,Brasileira,Casada,1962-09-10,RJ,FEMININO,Não,,Aux De Enfermagem 2º Grau,5481.07,Não,Mensalista,63.0,474,3
SENADOR VASCONCELOS,F,RIO DE JANEIRO,BRASILEIRA,Casada,1992-06-21,RJ,FEMININO,Não,,Aux. De Enfermagem,3018.68,Não,Mensalista,33.0,525,0
RANCHO NOVO,F,NOVA IGUAÇU,Brasileira,Solteira,1981-04-17,RJ,FEMININO,Não,,Professor Ii,6665.96,Não,Mensalista,44.0,1048,0
BANGU,F,RIO DE JANEIRO,BRASILEIRA,Divorciado,1948-06-04,RJ,FEMININO,Não,,Professor Ii,3429.54,Não,Mensalista,77.0,1048,2
BANGU,F,RIO DE JANEIRO,Brasileira,Divorciado,1948-06-04,RJ,FEMININO,Não,,Prof Ii,3429.54,Não,Mensalista,77.0,930,2
LEOPOLDINA,F,RIO DE JANEIRO,Brasileira,Casado,1946-07-08,RJ,FEMININO,Não,,Servente,1395.06,Não,Mensalista,79.0,1116,2
GUARATIBA,F,RIO DE JANEIRO,BRASILEIRA,Solteira,1975-04-19,RJ,FEMININO,Não,,Professor Ii,1914.81,Não,Mensalista,50.0,1048,0
ANA CLARA,F,SAO GONCALO,Brasileira,Viúvo,1941-02-23,RJ,FEMININO,Não,,Professora,5433.56,Não,Mensalista,84.0,1070,2
CAMORIM,F,RIO DE JANEIRO,BRASILEIRA,Divorciado,1967-02-26,RJ,FEMININO,Não,,Professor,3397.55,Não,Mensalista,58.0,984,2
OURO PRETO,F,NOVA IGUAÇU,BRASILEIRA,Solteira,1969-06-30,RJ,FEMININO,Não,,Professor Ii,7216.35,Não,Mensalista,56.0,1048,1
PACIENCIA,F,RIO DE JANEIRO,BRASILEIRA,Casada,1958-03-29,RJ,FEMININO,Não,,Professor Ii/Diretor Adjunto,6145.18,Não,Mensalista,67.0,1064,2
COSMOS,F,RIO DE JANEIRO,Brasileira,Casado,1947-07-15,RJ,MASCULINO,Não,,Art. De Alvenaria E Pintura,4472.32,Não,Mensalista,78.0,340,3
SANTA CRUZ,F,RIO DE JANEIRO,BRASILEIRA,Casada,1963-09-23,RJ,FEMININO,Não,,Servente,2494.74,Não,Mensalista,62.0,1116,2
BANGU,F,RIO DE JANEIRO,Brasileira,Solteiro,1944-02-16,RJ,FEMININO,Não,,Aux. De Enfermagem,2668.76,Não,Mensalista,81.0,525,3
JARDIM SUMARE,F,SAO JOAO DE MERITI,BRASILEIRA,Casado,1966-02-24,RJ,MASCULINO,Não,,Agente De Documentação Medica,5853.85,Não,Mensalista,59.0,227,3
CAMPO GRANDE,F,RIO DE JANEIRO,Brasileira,União Estável,1967-11-02,RJ,FEMININO,Não,,Merendeira,1520.82,Não,Mensalista,58.0,812,0
CACHAMBI,F,RIO DE JANEIRO,BRASILEIRA,Casada,1963-01-26,RJ,FEMININO,Não,,Aposentada,11283.97,Não,Mensalista,62.0,294,1
IRAJA,F,RIO DE JANEIRO,BRASILEIRA,Solteira,1960-11-24,RJ,FEMININO,Não,,Auxiliar De Enfermagem,4102.12,Não,Mensalista,65.0,608,3
REALENGO,F,RIO DE JANEIRO,BRASILEIRA,Casada,1963-07-29,RJ,FEMININO,Não,,Merendeira,3184.12,Não,Mensalista,62.0,812,2
JARDIM CARIOCA,F,RIO DE JANEIRO,BRASILEIRA,Casado,1950-04-21,RJ,MASCULINO,Não,,Art De Alvenaria E Pintura,2351.52,Não,Mensalista,75.0,304,3
PACIENCIA,F,RIO DE JANEIRO,Brasileira,Solteiro,1955-05-08,RJ,FEMININO,Não,,Prof Ii,5902.98,Não,Mensalista,70.0,930,2
PACIENCIA,F,RIO DE JANEIRO,Brasileira,Divorciada,1959-11-17,RJ,FEMININO,Não,,Servente,2145.47,Não,Mensalista,66.0,1116,2
TIJUCA,F,RIO DE JANEIRO,Brasileira,Viúvo,1946-03-30,RJ,FEMININO,Não,,Professor Ii,3263.02,Não,Mensalista,79.0,1048,2
SANTA CRUZ,F,RIO DE JANEIRO,Brasileira,Viúvo,1931-04-09,RJ,FEMININO,Não,,Aposentado,4370.68,Não,Mensalista,94.0,295,3
COELHO NETO,F,RIO DE JANEIRO,BRASILEIRA,Solteira,1945-06-07,RJ,FEMININO,Não,,Agente De Administração,2467.0,Não,Mensalista,80.0,216,3
REALENGO,F,RIO DE JANEIRO,Brasileira,Divorciada,1951-05-26,RJ,FEMININO,Não,,Merendeira,3251.08,Não,Mensalista,74.0,812,2
PENHA CIRCULAR,F,RIO DE JANEIRO,Brasileira,Solteiro,1952-10-29,RJ,FEMININO,Não,,Servente,4336.5,Não,Mensalista,73.0,1116,2
PADRE MIGUEL,F,RIO DE JANEIRO,Brasileira,Solteira,1954-11-27,RJ,FEMININO,Não,,Merendeira,1681.3,Não,Mensalista,71.0,812,2
CENTRO,F,RIO DE JANEIRO,BRASILEIRA,Casada,1943-07-13,RJ,FEMININO,Não,,Servente,1219.35,Não,Mensalista,82.0,1116,2
OSWALDO CRUZ,F,RIO DE JANEIRO,Brasileira,Viúva,1947-08-05,RJ,FEMININO,Não,,Especialista Em Educação,3297.94,Não,Mensalista,78.0,754,2
TAQUARA,F,RIO DE JANEIRO,Brasileira,Solteira,1949-07-14,RJ,FEMININO,Não,,Auxiliar De Enfermagem,3746.64,Não,Mensalista,76.0,608,3
SANTA CRUZ,F,RIO DE JANEIRO,BRASILEIRA,Solteira,1989-07-18,RJ,FEMININO,Não,,Ag. De Educação Infantil,2791.01,Não,Mensalista,36.0,129,0
GUARATIBA,F,RIO DE JANEIRO,BRASILEIRA,Casado,1979-07-06,RJ,MASCULINO,Não,Risco PLD/FT Baixo,2º Sargento Bm,10200.86,Não,,46.0,6,1
CAMPO GRANDE,F,RIO DE JANEIRO,BRASILEIRA,Solteiro,1981-01-27,RJ,MASCULINO,Não,,Técnico Em Radiologia,2868.4,Não,Mensalista,44.0,1232,0
GAVEA,F,RIO DE JANEIRO,BRASILEIRA,Solteiro,1982-10-22,RJ,MASCULINO,Não,Risco PLD/FT Baixo,Aux De Controle De Endemias,4414.99,Não,Mensalista,43.0,452,0
VILA ISABEL,F,RIO DE JANEIRO,BRASILEIRA,Casado,1979-06-04,RJ,MASCULINO,Não,,Ag De Administração,1746.62,Não,Mensalista,46.0,40,0
NOSSA SENHORA DE FATIMA,F,BARRA MANSA,BRASILEIRA,Solteiro,1973-04-07,RJ,MASCULINO,Não,Risco PLD/FT Baixo,Engenheiro,16225.6,Não,Mensalista,52.0,733,1
AGOSTINHO PORTO,F,SÃO JOÃO DE MERITI,BRASILEIRA,Casado,1975-12-23,RJ,MASCULINO,Não,,Aux. Controle De Endemias,1217.75,Não,Mensalista,50.0,516,0
VILA CAMARIM,F,QUEIMADOS,BRASILEIRO,Solteiro,1997-02-14,RJ,MASCULINO,Não,Risco PLD/FT Baixo,Soldado Bm,4052.93,Não,Mensalista,28.0,1128,0
PENHA,F,RIO DE JANEIRO,BRASILEIRA,Solteiro,1982-10-06,RJ,MASCULINO,Não,,Aux. Controle De Endemias,2584.82,Não,Mensalista,43.0,516,0
JARDIM PALMARES,F,RIO DE JANEIRO,BRASILEIRA,Casado,1977-12-10,RJ,MASCULINO,Não,,Auxiliar De Enfermagem,1361.26,Não,Mensalista,48.0,608,0
LEOPOLDINA,F,RIO DE JANEIRO,Brasileira,Casado,1950-04-13,RJ,FEMININO,Não,,Pensionista,6828.32,Não,Mensalista,75.0,863,2
SANTISSIMO,F,RIO DE JANEIRO,BRASILEIRA,Solteiro,1957-09-28,RJ,FEMININO,Não,Risco PLD/FT Baixo,Auxiliar De Laboratório,4019.77,Não,Mensalista,68.0,633,3
CACHAMBI,F,RIO DE JANEIRO,Brasileira,Casado,1950-07-25,RJ,FEMININO,Não,,Ag. De Escritorio,3119.3,Não,Mensalista,75.0,130,3
COPACABANA,F,RIO DE JANEIRO,Brasileira,Solteiro,1948-06-16,RJ,FEMININO,Não,,Tecnico,7353.46,Não,Mensalista,77.0,1169,2
LINS DE VASCONCELOS,F,RIO DE JANEIRO,BRASILEIRA,Solteiro,1965-05-11,RJ,MASCULINO,Não,,Aux De Controle De Endemias,2229.25,Não,Mensalista,60.0,452,3
MADUREIRA,F,RIO DE JANEIRO,Brasileira,Solteiro,1946-03-31,RJ,FEMININO,Não,,Especialista De Educaçao - Lic,3478.0,Não,Mensalista,79.0,750,2
SONHO DE VIDA,F,ARARUAMA,BRASILEIRA,Solteiro,1965-09-27,RJ,FEMININO,Não,Risco PLD/FT Baixo,Professor Ii,6038.81,Não,Mensalista,60.0,1048,2
PILARES,F,RIO DE JANEIRO,BRASILEIRA,SOLTEIRO,1950-03-20,RJ,FEMININO,Não,,Servente,2403.49,Não,Mensalista,75.0,1116,2
PITANGUEIRAS,F,RIO DE JANEIRO,BRASILEIRA,Divorciada,1955-08-23,RJ,FEMININO,Não,,Professor Ii,10208.68,Não,Mensalista,70.0,1048,1
BONSUCESSO,F,RIO DE JANEIRO,Brasileira,Solteira,1963-12-05,RJ,FEMININO,Não,,Merendeir,2567.7,Não,Mensalista,62.0,811,2
MARECHAL HERMES,F,RIO DE JANEIRO,BRASILEIRA,Casada,1963-03-27,RJ,FEMININO,Não,,Aposentada,5618.02,Não,Mensalista,62.0,294,3
ENGENHO NOVO,F,RIO DE JANEIRO,Brasileira,Solteira,1959-11-13,RJ,FEMININO,Não,,Enfermeiro,3702.62,Não,Mensalista,66.0,724,2
PRAÇA SECA,F,RIO DE JANEIRO,Brasileira,Divorciada,1960-04-25,RJ,FEMININO,Não,,Aux De Enfermagem 2º Grau,4710.11,Não,Mensalista,65.0,474,3
MANGUINHOS,F,RIO DE JANEIRO,BRASILEIRA,Solteira,1967-01-06,RJ,FEMININO,Não,,Aux De Enfermagem 2º Grau,2751.94,Não,Mensalista,58.0,474,3
OSWALDO CRUZ,F,RIO DE JANEIRO,Brasileira,Solteira,1954-08-04,RJ,FEMININO,Não,,Aux De Enfermagem 1º Grau,1419.49,Não,Mensalista,71.0,468,3
RIACHUELO,F,RIO DE JANEIRO,Brasileira,Solteiro,1955-11-01,RJ,FEMININO,Não,,Assist. Social,3160.0,Não,Mensalista,70.0,419,3
HONORIO GURGEL,F,RIO DE JANEIRO,BRASILEIRA,Casada,1973-02-08,RJ,FEMININO,Não,,Professor Ii,6590.54,Não,Mensalista,52.0,1048,1
TIJUCA,F,RIO DE JANEIRO,Brasileira,Solteira,1960-10-18,RJ,FEMININO,Não,,Servente,3154.58,Não,Mensalista,65.0,1116,2
FREGUESIA,F,RIO DE JANEIRO,Brasileira,Casada,1964-10-09,RJ,FEMININO,Não,,Professor Ii,3812.75,Não,Mensalista,61.0,1048,2
BARRA DA TIJUCA,F,RIO DE JANEIRO,Brasileira,Solteira,1949-06-27,RJ,FEMININO,Não,,Professor Ii,7325.27,Não,Mensalista,76.0,1048,2
BARRA DA TIJUCA,F,RIO DE JANEIRO,BRASILEIRA,Solteira,1949-06-27,RJ,FEMININO,Não,,Professor Ii,7325.27,Não,Mensalista,76.0,1048,2
BANGU,F,RIO DE JANEIRO,Brasileira,Viúvo,1952-10-20,RJ,FEMININO,Não,,Professor,8228.36,Não,Mensalista,73.0,984,1
RECREIO DOS BANDEIRANTES,F,RIO DE JANEIRO,BRASILEIRA,Solteiro,1969-04-20,RJ,FEMININO,Não,Risco PLD/FT Baixo,Tecnico De Laboratorio Lei 794,4571.44,Não,Mensalista,56.0,1178,2
PAVUNA,F,RIO DE JANEIRO,BRASILEIRA,Casada,1966-05-08,RJ,FEMININO,Não,Risco PLD/FT Baixo,Professor Ii,10661.68,Não,Mensalista,59.0,1048,1
PAVUNA,F,RIO DE JANEIRO,BRASILEIRA,Casada,1966-05-08,RJ,FEMININO,Não,Risco PLD/FT Baixo,Professor Ii,7135.9,Não,Mensalista,59.0,1048,1
BOTAFOGO,F,RIO DE JANEIRO,BRASILEIRA,Casada,1958-04-01,RJ,FEMININO,Não,,Professor Ii,7648.39,Não,Mensalista,67.0,1048,1
PADRE MIGUEL,F,RIO DE JANEIRO,Brasileira,Casado,1956-02-20,RJ,FEMININO,Não,,Ag Aux De Adm,2175.52,Não,Mensalista,69.0,23,3
BOAÇU,F,NITEROI,Brasileira,Casada,1972-10-26,RJ,FEMININO,Não,,Merendeira,1375.72,Não,Mensalista,53.0,812,0
ABOLIÇÃO,F,RIO DE JANEIRO,Brasileira,Solteira,1960-06-24,RJ,FEMININO,Não,,Prof,4278.32,Não,Mensalista,65.0,874,2
GALEÃO,F,RIO DE JANEIRO,BRASILEIRA,Casado,1983-10-23,RJ,FEMININO,Não,Risco PLD/FT Baixo,Auxiliar De Controle De Endemi,6415.35,Não,Mensalista,42.0,603,0
REALENGO,F,RIO DE JANEIRO,BRASILEIRA,Solteira,1959-09-25,RJ,FEMININO,Não,,Auxiliar De Enfermagem,3115.47,Não,Mensalista,66.0,608,3
ICARAI - NITERÓI,F,NITEROI,Brasileira,Solteiro,1941-04-18,RJ,FEMININO,Não,,Oficial De Fazenda,8627.2,Não,Mensalista,84.0,843,2
CAMPO GRANDE,F,RIO DE JANEIRO,BRASILEIRA,Divorciado,1962-02-12,RJ,FEMININO,Não,Risco PLD/FT Baixo,Professor Ii,6639.67,Não,Mensalista,63.0,1048,2
ANCHIETA,F,RIO DE JANEIRO,BRASILEIRA,Viúva,1955-03-13,RJ,FEMININO,Não,,Merendeira,1933.52,Não,Mensalista,70.0,812,2
CAMPO GRANDE,F,RIO DE JANEIRO,Brasileira,Casada,1958-05-05,RJ,FEMININO,Não,,Professor,4259.1,Não,Mensalista,67.0,984,2
BANGU,F,RIO DE JANEIRO,BRASILEIRA,Casada,1962-08-23,RJ,FEMININO,Não,,Servente,2040.42,Não,Mensalista,63.0,1116,2
SENADOR CAMARA,F,RIO DE JANEIRO,BRASILEIRA,Casado,1966-09-18,RJ,FEMININO,Não,,Merendeira,749.83,Não,Mensalista,59.0,812,2
SANTA CRUZ,F,RIO DE JANEIRO,Brasileira,Casada,1966-02-08,RJ,FEMININO,Não,,Aux De Enfermagem 2º Grau,4167.13,Não,Mensalista,59.0,474,3
QUINTINO BOCAIUVA,F,RIO DE JANEIRO,Brasileira,Casado,1958-06-30,RJ,FEMININO,Não,,Aux. De Enfermagem,2602.52,Não,Mensalista,67.0,525,3
BANGU,F,RIO DE JANEIRO,BRASILEIRA,Casada,1952-08-27,RJ,FEMININO,Não,,Merendeira,1781.93,Não,Mensalista,73.0,812,2
VAZ LOBO,F,RIO DE JANEIRO,BRASILEIRA,Solteira,1981-07-01,RJ,FEMININO,Não,,Professor Ii,5999.43,Não,Mensalista,44.0,1048,0
BARBUDA,F,MAGE,BRASILEIRA,Casado,1990-06-26,RJ,MASCULINO,Não,Risco PLD/FT Baixo,Soldado Bm,5333.88,Não,Mensalista,35.0,1128,0
CAMPO GRANDE,F,RIO DE JANEIRO,BRASILEIRA,Solteiro,1964-10-22,RJ,MASCULINO,Não,,Servente,1973.54,Não,Mensalista,61.0,1116,2
JACAREPAGUA,F,RIO DE JANEIRO,Brasileira,Solteiro,1959-07-14,RJ,FEMININO,Não,,Inspetor De Alunos,1896.78,Não,Mensalista,66.0,789,2
PACIENCIA,F,RIO DE JANEIRO,Brasileira,Viúvo,1943-05-16,RJ,FEMININO,Não,,Auxiliar De Enfermagem,3233.32,Não,Mensalista,82.0,608,3
CAMPO GRANDE,F,RIO DE JANEIRO,BRASILEIRA,Divorciada,1947-06-15,RJ,FEMININO,Não,,Prof I Educação De Musica,4999.96,Não,Mensalista,78.0,918,2
CAMPO GRANDE,F,RIO DE JANEIRO,BRASILEIRA,Divorciada,1947-06-15,RJ,FEMININO,Não,,Prof I Educação Musical,4761.86,Não,Mensalista,78.0,920,2
LEOPOLDINA,F,RIO DE JANEIRO,Brasileira,Viúvo,1944-01-12,RJ,FEMININO,Não,,Merendeira,2336.44,Não,Mensalista,81.0,812,2
VILAR DOS TELLES,F,SÃO JOÃO DE MERITI,Brasileira,Casado,1968-10-24,RJ,FEMININO,Não,,Aux. De Enfermagem,0.0,Não,Mensalista,57.0,525,0
SENADOR CAMARA,F,RIO DE JANEIRO,Brasileira,Solteiro,1944-03-06,RJ,FEMININO,Não,,Agente De Portaria,1533.78,Não,Mensalista,81.0,243,3
TAQUARA,F,RIO DE JANEIRO,Brasileira,Casado,1952-03-23,RJ,FEMININO,Não,,Art. De Cost. E Confeccao,1595.4,Não,Mensalista,73.0,349,3
MADUREIRA,F,RIO DE JANEIRO,BRASILEIRA,Solteiro,1977-02-12,RJ,MASCULINO,Não,,Prof. I - História,3093.44,Não,Mensalista,48.0,961,0
BARROSO,F,VALENÇA,BRASILEIRA,Solteiro,1986-12-03,RJ,MASCULINO,Não,Risco PLD/FT Baixo,Prossefor Docente,3533.2,Não,Mensalista,39.0,1090,0
ROCHA,F,RIO DE JANEIRO,BRASILEIRA,Casado,1975-12-17,RJ,MASCULINO,Não,,Agente De Administração,2932.37,Não,Mensalista,50.0,216,0
TANQUE,F,RIO DE JANEIRO,BRASILEIRA,Casado,1983-04-26,RJ,MASCULINO,Não,Risco PLD/FT Baixo,Gari,2780.2,Não,Mensalista,42.0,769,0
TANQUE,F,RIO DE JANEIRO,BRASILEIRA,Solteiro,1981-11-25,RJ,MASCULINO,Não,Risco PLD/FT Baixo,Agente De Administração,16295.56,Não,Mensalista,44.0,216,1
CAMPINHO,F,RIO DE JANEIRO,BRASILEIRA,Solteiro,1986-10-20,RJ,MASCULINO,Não,Risco PLD/FT Baixo,Cabo Pm,7334.13,Não,Mensalista,39.0,658,0
PAVUNA,F,RIO DE JANEIRO,BRASILEIRA,Solteira,1957-07-30,RJ,FEMININO,Não,,Aux De Enfermagem 2º Grau,3656.0,Não,Mensalista,68.0,474,3
BARRA DA TIJUCA,F,RIO DE JANEIRO,Brasileira,Casado,1958-10-25,RJ,FEMININO,Não,,Assist.Ciencia Tec F.Ibge,0.0,Não,Mensalista,67.0,420,3
REALENGO,F,RIO DE JANEIRO,BRASILEIRA,Casado,1959-10-17,RJ,MASCULINO,Não,,Trabalhador,2932.65,Não,Mensalista,66.0,1202,2
REALENGO,F,RIO DE JANEIRO,BRASILEIRA,Casada,1951-11-04,RJ,FEMININO,Não,,Merendeira,804.32,Não,Mensalista,74.0,812,2
SANTA CRUZ,F,RIO DE JANEIRO,Brasileira,Casada,1974-08-25,RJ,FEMININO,Não,,Professor Ii,3303.84,Não,Mensalista,51.0,1048,0
GUARATIBA,F,RIO DE JANEIRO,Brasileira,Divorciada,1959-01-19,RJ,FEMININO,Não,,Aposentada,3197.18,Não,Mensalista,66.0,294,3
BANGU,F,RIO DE JANEIRO,Brasileira,Casada,1971-12-31,RJ,FEMININO,Não,,Prof Ii,7204.59,Não,Mensalista,54.0,930,1
BANGU,F,RIO DE JANEIRO,BRASILEIRA,Casada,1971-12-31,RJ,FEMININO,Não,,Professor Ii,7204.59,Não,Mensalista,54.0,1048,1
PARQUE DUQUE,F,DUQUE DE CAXIAS,BRASILEIRA,Casada,1983-10-04,RJ,FEMININO,Não,,Aposentada,2200.0,Não,Mensalista,42.0,294,0
VILA ISABEL,F,RIO DE JANEIRO,BRASILEIRA,Divorciada,1972-07-09,RJ,FEMININO,Não,,Professor Ii,2650.91,Não,Mensalista,53.0,1048,0
MIGUEL COUTO,F,NOVA IGUAÇU,BRASILEIRA,Solteira,1989-10-02,RJ,FEMININO,Não,,Ag De Educação Infantil,4350.36,Não,Mensalista,36.0,55,0
CAMPO GRANDE,F,RIO DE JANEIRO,Brasileira,Solteira,1977-07-08,RJ,FEMININO,Não,,Professor Ii,11647.61,Não,Mensalista,48.0,1048,1
CAMPO GRANDE,F,RIO DE JANEIRO,BRASILEIRA,Solteira,1977-07-08,RJ,FEMININO,Não,,Professor Ii,11647.61,Não,Mensalista,48.0,1048,1
ENGENHO DE DENTRO,F,RIO DE JANEIRO,BRASILEIRA,Casada,1984-07-01,RJ,FEMININO,Não,,Prof. De Ensino Fundamental,8393.18,Não,Mensalista,41.0,953,1
SANTA CRUZ,F,RIO DE JANEIRO,Brasileira,Casada,1961-10-11,RJ,FEMININO,Não,,Aux De Enfermagem 2 º Grau,3838.06,Não,Mensalista,64.0,470,3
LEOPOLDINA,F,RIO DE JANEIRO,Brasileira,Viúvo,1946-09-09,RJ,FEMININO,Não,,Servente,1599.26,Não,Mensalista,79.0,1116,2
JARDIM ATLANTICO,F,MARICA,Brasileira,Casada,1970-06-10,RJ,FEMININO,Não,,Professor Ii,2597.35,Não,Mensalista,55.0,1048,0
VILA LAGE,F,SAO GONCALO,BRASILEIRA,Casada,1975-04-09,RJ,FEMININO,Não,,Aux De Enfermagem 2º Grau,4076.86,Não,Mensalista,50.0,474,0
CURICICA,F,RIO DE JANEIRO,BRASILEIRA,Casado,1949-03-11,RJ,FEMININO,Não,,Merendeira,853.48,Não,Mensalista,76.0,812,2
BANGU,F,RIO DE JANEIRO,BRASILEIRA,Casado,1963-04-04,RJ,FEMININO,Não,,Aux. Creche,1286.63,Não,Mensalista,62.0,517,3
PACIENCIA,F,RIO DE JANEIRO,BRASILEIRA,SOLTEIRO,1957-02-10,RJ,FEMININO,Não,,Aux. Creche,857.25,Não,Mensalista,68.0,517,3
ANCHIETA,F,RIO DE JANEIRO,Brasileira,Solteiro,1975-06-26,RJ,MASCULINO,Não,,Aux De Enfermagem 2º Grau,3635.25,Não,Mensalista,50.0,474,0
BOA VISTA,F,RIO DE JANEIRO,Brasileira,Solteira,1957-09-11,RJ,FEMININO,Não,,Auxiliar De Enfermagem,1891.9,Não,Mensalista,68.0,608,3
PRAÇA SECA,F,RIO DE JANEIRO,Brasileira,Solteiro,1977-04-28,RJ,FEMININO,Não,,Prof Ii,4204.72,Não,Mensalista,48.0,930,0
MEIER,F,RIO DE JANEIRO,BRASILEIRA,Solteira,1980-05-29,RJ,FEMININO,Não,,Ag. De Doc. Médica / Ghefe Ii,2647.27,Não,Mensalista,45.0,123,0
TIJUCA,F,RIO DE JANEIRO,Brasileira,União Estável,1948-05-23,RJ,FEMININO,Não,,Professor Ii,3465.33,Não,Mensalista,77.0,1048,2
TIJUCA,F,RIO DE JANEIRO,BRASILEIRA,Solteira,1948-05-23,RJ,FEMININO,Não,,Professor Ii,3012.6,Não,Mensalista,77.0,1048,2
CENTRO,F,ITAGUAI,Brasileira,Viúva,1944-07-13,RJ,FEMININO,Não,,Prof I - Historia,2499.93,Não,Mensalista,81.0,905,2
PECHINCHA,F,RIO DE JANEIRO,Brasileira,Casado,1944-02-06,RJ,FEMININO,Não,,Aux. Oper. Serv. Div.,3048.0,Não,Mensalista,81.0,570,3
PILARES,F,RIO DE JANEIRO,Brasileira,Divorciada,1958-08-19,RJ,FEMININO,Não,,Professor Ii,4449.2,Não,Mensalista,67.0,1048,2
PILARES,F,RIO DE JANEIRO,BRASILEIRA,Divorciada,1958-08-19,RJ,FEMININO,Não,,Professor Ii,4449.2,Não,Mensalista,67.0,1048,2
CAMPO GRANDE,F,RIO DE JANEIRO,BRASILEIRA,Casada,1979-08-15,RJ,FEMININO,Não,Risco PLD/FT Baixo,2º Sargento Pm,10200.86,Não,Mensalista,46.0,8,1
DEODORO,F,RIO DE JANEIRO,BRASILEIRA,Divorciada,1960-05-09,RJ,FEMININO,Não,,Aposentada,3417.68,Não,Mensalista,65.0,294,3
FREGUESIA JACAREPAGUA,F,RIO DE JANEIRO,BRASILEIRA,Solteiro,1954-10-09,RJ,FEMININO,Não,Risco PLD/FT Baixo,Oficial De Cartório Policial,14295.54,Não,Mensalista,71.0,842,1
BANGU,F,RIO DE JANEIRO,Brasileira,Divorciado,1962-07-30,RJ,FEMININO,Não,,Aux. De Enfermagem,2381.36,Não,Mensalista,63.0,525,3
SANTA CRUZ,F,RIO DE JANEIRO,Brasileira,Casado,1952-04-12,RJ,FEMININO,Não,,Ag Comunitario,2791.0,Não,Mensalista,73.0,33,3
SANTA CRUZ,F,RIO DE JANEIRO,BRASILEIRA,Casada,1956-04-11,RJ,FEMININO,Não,,Agente De Portaria,892.97,Não,Mensalista,69.0,243,3
VILA ISABEL,F,RIO DE JANEIRO,Brasileira,Viúva,1948-10-18,RJ,FEMININO,Não,,Ag De Administraçao,2654.7,Não,Mensalista,77.0,39,3
ROCHA,F,RIO DE JANEIRO,BRASILEIRA,Casada,1960-05-12,RJ,FEMININO,Não,,Aposentada,3899.04,Não,Mensalista,65.0,294,3
JACAREPAGUA,F,RIO DE JANEIRO,Brasileira,Solteiro,1946-06-01,RJ,FEMININO,Não,,Pencionista/Ag Pol Fed 1º,10254.4,Não,Mensalista,79.0,862,1
PRATA,F,CURITIBA,Brasileira,Casado,1955-01-21,PR,FEMININO,Não,,Prof. Classe 2,0.0,Não,Mensalista,70.0,948,2
CAJU,F,RIO DE JANEIRO,BRASILEIRA,Casado,1980-01-31,RJ,FEMININO,Não,,Auxiliar De Serviços Gerais,1000.0,Não,Mensalista,45.0,642,0
ANA CLARA,F,RIO DE JANEIRO,Brasileira,Desquitado,1954-05-10,RJ,FEMININO,Não,,Aux De Enfermagem,2585.28,Não,Mensalista,71.0,459,3
ICARAI - NITERÓI,F,NITERÓI,Brasileira,Casada,1958-02-22,RJ,FEMININO,Não,,Ag. De Administração,2858.71,Não,Mensalista,67.0,109,3
BONSUCESSO,F,RIO DE JANEIRO,Brasileira,Solteiro,1958-09-30,RJ,FEMININO,Não,,Assist. Administracao,2760.78,Não,Mensalista,67.0,418,3
VARGEM GRANDE,F,RIO DE JANEIRO,Brasileira,Divorciada,1952-09-05,RJ,FEMININO,Não,,Professora Ii,1860.85,Não,Mensalista,73.0,1074,2
VARGEM GRANDE,F,RIO DE JANEIRO,BRASILEIRA,Divorciada,1952-09-05,RJ,FEMININO,Não,,Professor Ii,1486.6,Não,Mensalista,73.0,1048,2
CACHAMBI,F,RIO DE JANEIRO,Brasileira,Viúvo,1947-04-13,RJ,FEMININO,Não,,Professor,5944.1,Não,Mensalista,78.0,984,2
TODOS OS SANTOS,F,RIO DE JANEIRO,Brasileira,Solteiro,1951-05-01,RJ,FEMININO,Não,,Ag. De Comunicação,2490.4,Não,Mensalista,74.0,118,3
CACUIA,F,RIO DE JANEIRO,BRASILEIRA,Solteira,1974-05-08,RJ,FEMININO,Não,,Agente De Educação Infantil,3286.9,Não,Mensalista,51.0,237,0
SEPETIBA,F,RIO DE JANEIRO,BRASILEIRA,Solteira,1958-03-01,RJ,FEMININO,Não,,Merendeira,1904.93,Não,Mensalista,67.0,812,2
OLARIA,F,RIO DE JANEIRO,BRASILEIRA,Divorciada,1956-12-22,RJ,FEMININO,Não,,Prof. De Educação Infantil,9027.9,Não,Mensalista,69.0,952,1
RAMOS,F,RIO DE JANEIRO,Brasileira,Solteira,1958-01-30,RJ,FEMININO,Não,,Aux De Enfermagem 2º Grau,3218.33,Não,Mensalista,67.0,474,3
VARGEM GRANDE,F,RIO DE JANEIRO,BRASILEIRA,Solteira,1959-02-02,RJ,FEMININO,Não,,Professor Ii,4770.63,Não,Mensalista,66.0,1048,2
VARGEM GRANDE,F,RIO DE JANEIRO,Brasileira,Solteira,1959-02-02,RJ,FEMININO,Não,,Professor Ii,5618.02,Não,Mensalista,66.0,1048,2
GRAJAU,F,RIO DE JANEIRO,BRASILEIRA,Solteira,1979-07-06,RJ,FEMININO,Não,,Professor De Educação Infantil,6608.48,Não,Mensalista,46.0,998,0
ANCHIETA,F,RIO DE JANEIRO,Brasileira,Solteira,1977-12-17,RJ,FEMININO,Não,,Aux. De Enfermagem,3036.39,Não,Mensalista,48.0,525,0
INHOAIBA,F,RIO DE JANEIRO,Brasileira,Solteiro,1967-01-12,RJ,FEMININO,Não,,Professor,11131.58,Não,Mensalista,58.0,984,1
CAMPO GRANDE,F,RIO DE JANEIRO,BRASILEIRA,Divorciada,1952-05-29,RJ,FEMININO,Não,,Aux De Enfermagem 2º Grau,5451.59,Não,Mensalista,73.0,474,3
GUADALUPE,F,RIO DE JANEIRO,BRASILEIRA,Casado,1963-08-16,RJ,FEMININO,Não,Risco PLD/FT Baixo,Datilografo ( Sms ),1320.34,Não,Mensalista,62.0,691,2
CAMPO GRANDE,F,RIO DE JANEIRO,BRASILEIRA,Viúvo,1947-03-20,RJ,FEMININO,Não,,Servente,1116.0,Não,Mensalista,78.0,1116,2
GRAÇAS,F,DUQUE DE CAXIAS,BRASILEIRA,Solteira,1979-10-22,RJ,FEMININO,Não,,Professor Ii,6269.63,Não,Mensalista,46.0,1048,0
CAMPINHO,F,RIO DE JANEIRO,BRASILEIRA,Casada,1973-09-03,RJ,FEMININO,Não,,Professor Ii,3241.15,Não,Mensalista,52.0,1048,0
SANTA CRUZ,F,RIO DE JANEIRO,Brasileira,Casada,1969-08-20,RJ,FEMININO,Não,,Professor Ii,10024.82,Não,Mensalista,56.0,1048,1
SANTA CRUZ,F,RIO DE JANEIRO,BRASILEIRA,Casada,1969-08-20,RJ,FEMININO,Não,,Professor Ii,10024.82,Não,Mensalista,56.0,1048,1
VILA DA PENHA,F,RIO DE JANEIRO,Brasileira,Casado,1960-03-29,RJ,FEMININO,Não,,Professora Ii,4596.54,Não,Mensalista,65.0,1074,2
VILA KOSMOS,F,RIO DE JANEIRO,BRASILEIRA,União Estável,1982-08-27,RJ,FEMININO,Não,,Professor Ii,3154.54,Não,Mensalista,43.0,1048,0
PENHA,F,RIO DE JANEIRO,Brasileira,Casado,1967-01-03,RJ,MASCULINO,Não,,Trabalhador,4869.47,Não,Mensalista,58.0,1202,2
JARDIM CARIOCA,F,RIO DE JANEIRO,Brasileira,Casado,1950-05-26,RJ,FEMININO,Não,,Aux.De Enfermagem,1750.94,Não,Mensalista,75.0,581,3
SENADOR CAMARA,F,RIO DE JANEIRO,Brasileira,Solteiro,1961-04-01,RJ,FEMININO,Não,,Agente Auxiliar De Administrac,2054.56,Não,Mensalista,64.0,193,3
REALENGO,F,RIO DE JANEIRO,BRASILEIRA,Casada,1963-07-23,RJ,FEMININO,Não,,Professor Ii,6099.2,Não,Mensalista,62.0,1048,2
REALENGO,F,RIO DE JANEIRO,BRASILEIRA,Casada,1963-07-23,RJ,FEMININO,Não,,Prof. I - Lingua Portuguesa,5470.01,Não,Mensalista,62.0,962,2
INHOAIBA,F,RIO DE JANEIRO,Brasileira,Divorciada,1955-09-12,RJ,FEMININO,Não,,Datilografo,5524.48,Não,Mensalista,70.0,690,2
QUINTINO BOCAIUVA,F,RIO DE JANEIRO,Brasileira,Casado,1970-09-03,RJ,FEMININO,Não,,Aux. De Enfermagem,2901.9,Não,Mensalista,55.0,525,0
RECREIO DOS BANDEIRANTES,F,RIO DE JANEIRO,BRASILEIRA,Solteira,1972-02-07,RJ,FEMININO,Não,,Prof. De Educação Infantil,9470.32,Não,Mensalista,53.0,952,1
JARDIM CENTRAL,F,SEROPEDICA,Brasileira,Separado judicialmente,1943-12-23,RJ,MASCULINO,Não,,Art De Alvenaria E Pintura,2505.9,Não,Mensalista,82.0,304,3
CARAMUJO,F,RIO DE JANEIRO,BRASILEIRA,SOLTEIRO,1957-03-27,RJ,MASCULINO,Não,,Agente De Vigilancia,2311.88,Não,Mensalista,68.0,259,3
LEOPOLDINA,F,RIO DE JANEIRO,Brasileira,Solteiro,1977-07-06,RJ,FEMININO,Não,,Professor,4876.48,Não,Mensalista,48.0,984,0
PEDRA DE GUARATIBA,F,RIO DE JANEIRO,Brasileira,Solteiro,1981-04-28,RJ,FEMININO,Não,,Professor,5748.02,Não,Mensalista,44.0,984,0
RECANTO DOS MAGALHÃES,F,ITABORAI,BRASILEIRA,Divorciada,1982-03-25,RJ,FEMININO,Não,,Aux De Controle De Endemias,4652.78,Não,Mensalista,43.0,452,0
RECANTO DOS MAGALHÃES,F,ITABORAI,Brasileira,Divorciada,1982-03-25,RJ,FEMININO,Não,,Aux De Controle Endemias,4652.78,Não,Mensalista,43.0,454,0
BANGU,F,RIO DE JANEIRO,BRASILEIRA,Casada,1987-08-18,RJ,FEMININO,Não,,Professor Ii,6826.68,Não,Mensalista,38.0,1048,0
BANGU,F,RIO DE JANEIRO,BRASILEIRA,Casada,1987-08-18,RJ,FEMININO,Não,,Professor Ii,6826.68,Não,Mensalista,38.0,1048,0
ANIL,F,RIO DE JANEIRO,BRASILEIRA,Casada,1988-06-07,RJ,FEMININO,Não,,Professor Ii,7367.63,Não,Mensalista,37.0,1048,0
GAVEA,F,RIO DE JANEIRO,BRASILEIRA,Não informado,1931-05-17,RJ,FEMININO,Não,,Aposentada,0.0,Não,Mensalista,94.0,294,3
LEOPOLDINA,F,RIO DE JANEIRO,Brasileira,Casado,1946-04-22,RJ,FEMININO,Não,,Aux. Operac. Serv. Divs,6605.8,Não,Mensalista,79.0,572,3
CAMPO GRANDE,F,RIO DE JANEIRO,Brasileira,Solteiro,1964-08-30,RJ,FEMININO,Não,,Ag. Comun.,2154.58,Não,Mensalista,61.0,90,3
GUARATIBA,F,RIO DE JANEIRO,BRASILEIRA,Solteira,1960-03-19,RJ,FEMININO,Não,,Servente,1748.56,Não,Mensalista,65.0,1116,2
MEIER,F,RIO DE JANEIRO,BRASILEIRA,SOLTEIRO,1951-08-18,RJ,FEMININO,Não,,Merendeira,972.17,Não,Mensalista,74.0,812,2
MARQUES DE MARICA,F,MARICA,Brasileira,Viúva,1951-01-17,RJ,FEMININO,Não,,Telefonista,1572.42,Não,Mensalista,74.0,1197,2
VICENTE DE CARVALHO,F,RIO DE JANEIRO,Brasileira,Solteira,1944-08-16,RJ,FEMININO,Não,,Aux De Enfermagem 2º Grau,2645.78,Não,Mensalista,81.0,474,3
TANQUE,F,RIO DE JANEIRO,BRASILEIRA,Divorciada,1956-04-12,RJ,FEMININO,Não,,Auxiliar De Enfermagem 2º Grau,3229.62,Não,Mensalista,69.0,620,3
SANTA CRUZ,F,RIO DE JANEIRO,BRASILEIRA,Solteira,1984-04-18,RJ,FEMININO,Não,,Aux De Enfermagem 2º Grau,2971.05,Não,Mensalista,41.0,474,0
ENGENHO NOVO,F,RIO DE JANEIRO,Brasileira,Solteira,1981-08-28,RJ,FEMININO,Não,,Agente De Administração,6072.37,Não,Mensalista,44.0,216,0
IRAJA,F,RIO DE JANEIRO,BRASILEIRA,SOLTEIRO,1982-06-16,RJ,FEMININO,Não,,Aux. Creche,882.75,Não,Mensalista,43.0,517,0
PORTO NOVO,F,SAO GONCALO,BRASILEIRA,Solteira,1986-08-24,RJ,FEMININO,Não,Risco PLD/FT Baixo,Professor Docente I - 18 Horas,4518.68,Não,Mensalista,39.0,1014,0
VILAR DOS TELLES,F,SAO JOAO DE MERITI,BRASILEIRA,Divorciada,1968-02-04,RJ,FEMININO,Não,,Professor Ii,6119.68,Não,Mensalista,57.0,1048,1
BENTO RIBEIRO,F,RIO DE JANEIRO,BRASILEIRA,Solteiro,1994-03-05,RJ,MASCULINO,Não,Risco PLD/FT Baixo,Assistente,3064.0,Não,Mensalista,31.0,421,0
PARQUE PRADO,F,CAMPOS DE GOYTACAZES,BRASILEIRA,Solteiro,1997-02-13,RJ,MASCULINO,Não,Risco PLD/FT Baixo,Professor Faetec I 40 H,3591.59,Não,Mensalista,28.0,1027,0
CAMPO GRANDE,F,RIO DE JANEIRO,BRASILEIRA,SOLTEIRO,1991-09-13,RJ,MASCULINO,Não,,Ag. Educador Ii,1230.18,Não,Mensalista,34.0,144,0
CENTRO,F,PETROPOLIS,Brasileira,Casado,1955-01-12,RJ,FEMININO,Não,,Pensionista,5455.14,Não,Mensalista,70.0,863,2
CAMPO GRANDE,F,RIO DE JANEIRO,Brasileira,Casado,1960-02-27,RJ,MASCULINO,Não,,Servente,1142.32,Não,Mensalista,65.0,1116,2
CAMPO GRANDE,F,RIO DE JANEIRO,BRASILEIRA,Solteira,1965-05-16,RJ,FEMININO,Não,,Ag. De Educação Infantil,2545.76,Não,Mensalista,60.0,129,3
SEPETIBA,F,RIO DE JANEIRO,BRASILEIRA,Solteiro,1972-03-02,RJ,FEMININO,Não,Risco PLD/FT Baixo,Professor Ii,12139.6,Não,,53.0,1048,1
SANTA CRUZ,F,RIO DE JANEIRO,Brasileira,Casado,1953-11-28,RJ,FEMININO,Não,,Copeira,1807.02,Não,Mensalista,72.0,677,2
PACIENCIA,F,RIO DE JANEIRO,BRASILEIRA,Solteira,1966-03-09,RJ,FEMININO,Não,,Professor Ii,9164.36,Não,Mensalista,59.0,1048,1
CENTRO,F,QUEIMADOS,Brasileira,Solteira,1955-12-12,RJ,FEMININO,Não,,Professor Ii,5024.33,Não,Mensalista,70.0,1048,2
CAMPO GRANDE,F,RIO DE JANEIRO,Brasileira,Separado judicialmente,1945-06-30,RJ,FEMININO,Não,,Aposentada,6472.64,Não,Mensalista,80.0,294,3
TREVO DAS MISSOES,F,DUQUE DE CAXIAS,Brasileira,Casado,1963-12-26,RJ,FEMININO,Não,,Inspetor De Alunos,1343.4,Não,Mensalista,62.0,789,2
COSMOS,F,RIO DE JANEIRO,BRASILEIRA,Casado,1964-08-27,RJ,FEMININO,Não,,Auxiliar De Enfermagem,3805.06,Não,Mensalista,61.0,608,3
BANGU,F,RIO DE JANEIRO,BRASILEIRA,Viúva,1960-01-08,RJ,FEMININO,Não,,Merendeira,888.34,Não,Mensalista,65.0,812,2
SANTA EUGENIA,F,NOVA IGUAÇU,BRASILEIRA,Divorciada,1974-11-03,RJ,FEMININO,Não,,Professor Ii,4515.95,Não,Mensalista,51.0,1048,0
LAMBERT,F,NOVA IGUAÇU,BRASILEIRA,Divorciada,1974-11-03,RJ,FEMININO,Não,,Professor Ii,10893.54,Não,Mensalista,51.0,1048,1
MADUREIRA,F,RIO DE JANEIRO,Brasileira,Casada,1946-01-15,RJ,FEMININO,Não,,Merendeira,707.64,Não,Mensalista,79.0,812,2
PARQUE SÃO FRANCISCO,F,NOVA IGUAÇU,Brasileira,Casada,1960-04-25,RJ,FEMININO,Não,,Agente De Administracão,2317.45,Não,Mensalista,65.0,214,3
TIJUCA,F,RIO DE JANEIRO,Brasileira,Desquitado,1957-03-13,RJ,FEMININO,Não,,Prof Ii,6456.06,Não,Mensalista,68.0,930,2
LEOPOLDINA,F,SAO GONCALO,Brasileira,Solteira,1957-08-23,RJ,FEMININO,Não,,Ag Exe,8501.84,Não,Mensalista,68.0,71,3
GUARATIBA,F,RIO DE JANEIRO,Brasileira,Casada,1951-12-25,RJ,FEMININO,Não,,Merendeira,1205.93,Não,Mensalista,74.0,812,2
TODOS OS SANTOS,F,RIO DE JANEIRO,Brasileira,Viúva,1945-06-09,RJ,FEMININO,Não,,Professor Ii,3224.67,Não,Mensalista,80.0,1048,2
PONTE DOS LEITES,F,ARARUAMA,Brasileira,Divorciada,1946-03-29,RJ,FEMININO,Não,,Aux. De Enfermagem 2° Grau,2741.19,Não,Mensalista,79.0,538,3
ROCHA,F,RIO DE JANEIRO,BRASILEIRA,Divorciada,1964-11-05,RJ,FEMININO,Não,,Professor Ii,11920.3,Não,Mensalista,61.0,1048,1
ROCHA,F,RIO DE JANEIRO,BRASILEIRA,Divorciada,1964-11-05,RJ,FEMININO,Não,,Aposentada,6832.36,Não,Mensalista,61.0,294,3
JARDIM GUANABARA,F,RIO DE JANEIRO,BRASILEIRA,Solteira,1971-08-06,RJ,FEMININO,Não,,Professor Ii,9661.88,Não,Mensalista,54.0,1048,1
JARDIM GUANABARA,F,RIO DE JANEIRO,BRASILEIRA,Solteira,1971-08-06,RJ,FEMININO,Não,,Professor Ii,9661.88,Não,Mensalista,54.0,1048,1
PARQUE ANCHIETA,F,RIO DE JANEIRO,BRASILEIRA,Solteira,1968-05-10,RJ,FEMININO,Não,Risco PLD/FT Baixo,Tecnico De Laboratorio,4560.05,Não,Mensalista,57.0,1176,2
PARQUE ANCHIETA,F,RIO DE JANEIRO,BRASILEIRA,Solteiro,1968-05-10,RJ,FEMININO,Não,Risco PLD/FT Baixo,Técnico De Laboratorio Lei 794,4332.6,Não,Mensalista,57.0,1229,2
RIO COMPRIDO,F,RIO DE JANEIRO,BRASILEIRA,Viúva,1959-10-24,RJ,FEMININO,Não,,Professor Ii,6608.03,Não,Mensalista,66.0,1048,2
RIO COMPRIDO,F,RIO DE JANEIRO,BRASILEIRA,Viúva,1959-10-24,RJ,FEMININO,Não,,Professor Ii,6387.77,Não,Mensalista,66.0,1048,2
MARACANA,F,RIO DE JANEIRO,BRASILEIRA,Divorciada,1950-08-28,RJ,FEMININO,Não,,Professora,5152.73,Não,Mensalista,75.0,1070,2
ICARAI - NITERÓI,F,NITEROI,Brasileira,Solteira,1957-10-02,RJ,FEMININO,Não,,Prof. I,2418.2,Não,Mensalista,68.0,958,2
ICARAI - NITERÓI,F,NITEROI,BRASILEIRA,Solteiro,1957-10-02,RJ,FEMININO,Não,,Professor,2418.2,Não,Mensalista,68.0,984,2
BARRETO,F,NITEROI,Brasileira,Casado,1955-03-02,RJ,FEMININO,Não,,Agente Administrativo,2314.8,Não,Mensalista,70.0,178,3
ENGENHO DE DENTRO,F,RIO DE JANEIRO,BRASILEIRA,Solteira,1966-02-19,RJ,FEMININO,Não,,Agente Educador Ii,1313.67,Não,Mensalista,59.0,268,3
RAMOS,F,RIO DE JANEIRO,Brasileira,Casado,1974-02-14,RJ,FEMININO,Não,,Professor,4981.08,Não,Mensalista,51.0,984,0
PARQUE SÃO VICENTE,F,RIO DE JANEIRO,BRASILEIRA,Divorciada,1960-11-19,RJ,FEMININO,Não,,Copeiro (Sms),2087.53,Não,Mensalista,65.0,681,2
SENADOR CAMARA,F,RIO DE JANEIRO,BRASILEIRA,Casada,1962-11-03,RJ,FEMININO,Não,,Agente De Administração,4696.79,Não,Mensalista,63.0,216,3
SANTA CRUZ,F,RIO DE JANEIRO,Brasileira,Casada,1959-03-06,RJ,FEMININO,Não,,Prof Ii,3923.33,Não,Mensalista,66.0,930,2
JARDIM SULACAPE,F,RIO DE JANEIRO,Brasileira,Solteira,1959-11-07,RJ,FEMININO,Não,,Aux De Enfermagem,3141.48,Não,Mensalista,66.0,459,3
CAMPO GRANDE,F,RIO DE JANEIRO,BRASILEIRA,Desquitada,1962-04-25,RJ,FEMININO,Não,,Servente,2203.24,Não,Mensalista,63.0,1116,2
ANDARAI,F,RIO DE JANEIRO,BRASILEIRA,Viúva,1952-08-07,RJ,FEMININO,Não,,Servente,1419.24,Não,Mensalista,73.0,1116,2
PACIENCIA,F,RIO DE JANEIRO,Brasileira,Solteira,1953-06-01,RJ,FEMININO,Não,,Servente,2751.62,Não,Mensalista,72.0,1116,2
CAMPO GRANDE,F,RIO DE JANEIRO,BRASILEIRA,Solteira,1963-02-16,RJ,FEMININO,Não,,Professor Ii,9108.49,Não,Mensalista,62.0,1048,1
CAMPO GRANDE,F,RIO DE JANEIRO,Brasileira,Solteira,1963-02-16,RJ,FEMININO,Não,,Professor Ii,9108.49,Não,Mensalista,62.0,1048,1
OSWALDO CRUZ,F,RIO DE JANEIRO,BRASILEIRA,Solteiro,1965-02-22,RJ,MASCULINO,Não,Risco PLD/FT Baixo,Agente Comunitario Nivel Ii (Q,4318.12,Não,Mensalista,60.0,203,3
CAMPO GRANDE,F,RIO DE JANEIRO,BRASILEIRA,Separada judicialmente,1951-03-22,RJ,FEMININO,Não,,Professor Ii,9218.62,Não,Mensalista,74.0,1048,1
LEOPOLDINA,F,RIO DE JANEIRO,Brasileira,Solteiro,1954-02-04,RJ,FEMININO,Não,,Aux De Enfermagem 2° Grau,2497.88,Não,Mensalista,71.0,473,3
ANA CLARA,F,RIO DE JANEIRO,Brasileira,Divorciado,1951-03-06,RJ,FEMININO,Não,,Prof Ii,8542.32,Não,Mensalista,74.0,930,1
CAMPO GRANDE,F,RIO DE JANEIRO,Brasileira,Solteira,1948-05-04,RJ,FEMININO,Não,,Professor I - Lingua Portugues,10653.64,Não,Mensalista,77.0,1039,1
CAMPO GRANDE,F,RIO DE JANEIRO,BRASILEIRA,Solteira,1948-05-04,RJ,FEMININO,Não,,Professor I,2731.07,Não,Mensalista,77.0,1028,2
TOMAS COELHO,F,RIO DE JANEIRO,Brasileira,Solteiro,1962-01-27,RJ,FEMININO,Não,,Professor Ii,10626.2,Não,Mensalista,63.0,1048,1
LEOPOLDINA,F,RIO DE JANEIRO,Brasileira,Solteira,1948-04-17,RJ,FEMININO,Não,,Pensionista,2322.36,Não,Mensalista,77.0,863,2
QUEIMADOS,F,RIO DE JANEIRO,BRASILEIRA,Casada,1959-06-17,RJ,FEMININO,Não,,Prof. De Ensino Fundamental,6770.2,Não,Mensalista,66.0,953,2
PARADA DE LUCAS,F,RIO DE JANEIRO,BRASILEIRA,Casado,1962-07-03,RJ,FEMININO,Não,,Promotor De Vendas,670.0,Não,Mensalista,63.0,1089,2
SENADOR VASCONCELOS,F,RIO DE JANEIRO,BRASILEIRA,Viúva,1943-02-06,RJ,FEMININO,Não,,Professor Ii,7881.7,Não,Mensalista,82.0,1048,2
CAMPO GRANDE,F,RIO DE JANEIRO,Brasileira,Casada,1959-09-24,RJ,FEMININO,Não,,Servente(Sms),1127.7,Não,Mensalista,66.0,1121,2
TIJUCA,F,RIO DE JANEIRO,Brasileira,Casado,1945-05-12,RJ,FEMININO,Não,,Professora,2595.0,Não,Mensalista,80.0,1070,2
ALTO DA BOA VISTA,F,VISCONDE DO RIO BRANCO,Brasileira,Casado,1945-11-11,MG,FEMININO,Não,,Servente,2173.24,Não,Mensalista,80.0,1116,2
MEIER,F,RIO DE JANEIRO,BRASILEIRA,Solteira,1962-02-20,RJ,FEMININO,Não,Risco PLD/FT Baixo,Aposentada,11787.9,Não,Mensalista,63.0,294,1
BANGU,F,RIO DE JANEIRO,BRASILEIRA,Casada,1967-05-04,RJ,FEMININO,Não,,Ag. De Educação Infantil,2679.23,Não,Mensalista,58.0,129,3
GUARATIBA - PONTA NEGRA,F,MARICA,BRASILEIRA,Solteira,1958-05-06,RJ,FEMININO,Não,,Merendeira,1855.23,Não,Mensalista,67.0,812,2
MANGUINHOS,F,RIO DE JANEIRO,BRASILEIRA,Solteira,1961-11-03,RJ,FEMININO,Não,,Agente De Educação Infantil,2889.46,Não,Mensalista,64.0,237,3
BARROCO (ITAIPUAÇÚ),F,MARICA,BRASILEIRA,Solteira,1971-10-30,RJ,FEMININO,Não,,Professor Ii,5925.24,Não,Mensalista,54.0,1048,0
CACHAMBI,F,RIO DE JANEIRO,BRASILEIRA,Divorciada,1973-07-08,RJ,FEMININO,Não,,Secretario Escolar,2976.46,Não,Mensalista,52.0,1113,0
SENADOR CAMARA,F,RIO DE JANEIRO,BRASILEIRA,Solteira,1965-08-25,RJ,FEMININO,Não,,Fisioterapeuta,6892.16,Não,Mensalista,60.0,764,1
TIJUCA,F,RIO DE JANEIRO,BRASILEIRA,Casado,1980-12-09,RJ,MASCULINO,Não,Risco PLD/FT Baixo,Agente De Documentação Médica,3488.28,Não,Mensalista,45.0,228,0
ENGENHO DO PORTO,F,DUQUE DE CAXIAS,BRASILEIRA,Solteira,1979-10-08,RJ,FEMININO,Não,,Ag De Administração,1921.07,Não,Mensalista,46.0,40,0
SÃO FRANCISCO XAVIER,F,RIO DE JANEIRO,BRASILEIRA,Solteira,1973-01-16,RJ,FEMININO,Não,,Professora Ii,14474.57,Não,Mensalista,52.0,1074,1
SÃO FRANCISCO XAVIER,F,RIO DE JANEIRO,BRASILEIRA,Solteira,1973-01-16,RJ,FEMININO,Não,,Professora Ii,14474.57,Não,Mensalista,52.0,1074,1
ANCHIETA,F,RIO DE JANEIRO,Brasileira,Solteira,1979-11-20,RJ,FEMININO,Não,,Professor Ii,9530.35,Não,Mensalista,46.0,1048,1
PADRE MIGUEL,F,RIO DE JANEIRO,BRASILEIRA,Divorciada,1975-12-08,RJ,FEMININO,Não,,Prof De Ensino Fundamental,5597.83,Não,Mensalista,50.0,887,0
BENTO RIBEIRO,F,RIO DE JANEIRO,Brasileira,Casado,1972-04-09,RJ,FEMININO,Não,,Cabo P.M.,2239.66,Não,Mensalista,53.0,657,0
CAMPO GRANDE,F,RIO DE JANEIRO,BRASILEIRA,Solteira,1974-06-22,RJ,FEMININO,Não,,Aux De Enfermagem 2º Grau,4896.52,Não,Mensalista,51.0,474,0
OLARIA,F,RIO DE JANEIRO,BRASILEIRA,Solteira,1980-12-22,RJ,FEMININO,Não,,Prof De Educação Infantil,3121.48,Não,Mensalista,45.0,886,0
OLARIA,F,RIO DE JANEIRO,BRASILEIRA,Solteira,1980-12-22,RJ,FEMININO,Não,,Professor Ii,3517.01,Não,Mensalista,45.0,1048,0
BANGU,F,RIO DE JANEIRO,BRASILEIRA,Casada,1972-03-16,RJ,FEMININO,Não,,Merendeira,1385.87,Não,Mensalista,53.0,812,0
PIEDADE,F,RIO DE JANEIRO,BRASILEIRA,Casada,1979-11-14,RJ,FEMININO,Não,Risco PLD/FT Baixo,Professor De Ensino Fundamenta,6700.61,Não,Mensalista,46.0,1001,0
VILA ISABEL,F,RIO DE JANEIRO,Brasileira,Casada,1970-05-25,RJ,FEMININO,Não,,Professor Ii,7403.19,Não,Mensalista,55.0,1048,1
CASCADURA,F,RIO DE JANEIRO,BRASILEIRA,Casada,1975-09-12,RJ,FEMININO,Não,,Agente Educador Ii,1967.86,Não,Mensalista,50.0,268,0
REALENGO,F,RIO DE JANEIRO,BRASILEIRA,Casada,1980-12-19,RJ,FEMININO,Não,,Ag. De Educação Infantil,3253.91,Não,Mensalista,45.0,129,0
CENTRO,F,NILOPOLIS,BRASILEIRA,Solteiro,1978-07-09,RJ,FEMININO,Não,Risco PLD/FT Baixo,Agente De Preparo De Alimentos,2562.86,Não,Mensalista,47.0,250,0
MEIER,F,RIO DE JANEIRO,BRASILEIRA,União Estável,1969-07-25,RJ,FEMININO,Não,,Professor Ii,4331.59,Não,Mensalista,56.0,1048,2
TOMAS COELHO,F,RIO DE JANEIRO,BRASILEIRA,Casada,1978-10-04,RJ,FEMININO,Não,,Professor Ii,9220.5,Não,Mensalista,47.0,1048,1
TOMAS COELHO,F,RIO DE JANEIRO,BRASILEIRA,Casada,1978-10-04,RJ,FEMININO,Não,,Professor Ii,9220.5,Não,Mensalista,47.0,1048,1
CAMPO GRANDE,F,RIO DE JANEIRO,BRASILEIRA,Casada,1969-07-12,RJ,FEMININO,Não,,Aux De Enfermagem 2º Grau,3367.13,Não,Mensalista,56.0,474,0
GLAUCIA,F,BELFORD ROXO,BRASILEIRA,Casada,1980-02-06,RJ,FEMININO,Não,,Agente De Educador Ii,1722.52,Não,Mensalista,45.0,234,0
ANA CLARA,F,RIO DE JANEIRO,Brasileira,Solteiro,1975-03-06,RJ,FEMININO,Não,,Enfermeiro,5258.98,Não,Mensalista,50.0,724,0
SENADOR CAMARA,F,RIO DE JANEIRO,Brasileira,Casado,1972-07-24,RJ,FEMININO,Não,,Aux De Enfermagem,1831.12,Não,Mensalista,53.0,459,0
RIO COMPRIDO,F,RIO DE JANEIRO,Brasileira,Viúva,1945-07-29,RJ,FEMININO,Não,,Professor - Frances,6749.54,Não,Mensalista,80.0,985,2
VILA ISABEL,F,RIO DE JANEIRO,BRASILEIRA,Solteira,1964-09-16,RJ,FEMININO,Não,,Aposentada,7648.53,Não,Mensalista,61.0,294,3
VILA ISABEL,F,RIO DE JANEIRO,Brasileira,Solteira,1964-09-16,RJ,FEMININO,Não,,Aposentada,7648.53,Não,Mensalista,61.0,294,3
ROCHA MIRANDA,F,RIO DE JANEIRO,Brasileira,Divorciado,1972-05-08,RJ,FEMININO,Não,,Professor,4967.5,Não,Mensalista,53.0,984,0
ANA CLARA,F,RIO DE JANEIRO,Brasileira,Casado,1969-03-05,RJ,FEMININO,Não,,Prof / Secretaria,5032.28,Não,Mensalista,56.0,878,0
CENTRO,F,NILOPOLIS,BRASILEIRA,Casada,1976-04-20,RJ,FEMININO,Não,,Professor Ii,8440.57,Não,Mensalista,49.0,1048,1
CENTRO,F,NILOPOLIS,BRASILEIRA,Casada,1976-04-20,RJ,FEMININO,Não,,Prof. De Ed. Infantil,8440.57,Não,Mensalista,49.0,949,1
VILAR DOS TELLES,F,SÃO JOÃO DE MERITI,Brasileira,Casada,1978-03-05,RJ,FEMININO,Não,,Professor Ii,3024.58,Não,Mensalista,47.0,1048,0
CACHAMBI,F,RIO DE JANEIRO,BRASILEIRA,Solteiro,1973-08-19,RJ,FEMININO,Não,Risco PLD/FT Baixo,Professor Docente Ii,10581.27,Não,,52.0,1018,1
RAMOS,F,RIO DE JANEIRO,BRASILEIRA,Solteira,1980-07-02,RJ,FEMININO,Não,,Merendeira,1954.76,Não,Mensalista,45.0,812,0
CENTRO,F,DUQUE DE CAXIAS,Brasileira,Solteira,1977-04-17,RJ,FEMININO,Não,,Enfermeira,5103.53,Não,Mensalista,48.0,720,0
CAMPO GRANDE,F,RIO DE JANEIRO,BRASILEIRA,Casada,1978-12-07,RJ,FEMININO,Não,,Professor Ii,2423.17,Não,Mensalista,47.0,1048,0
CAMPO GRANDE,F,RIO DE JANEIRO,BRASILEIRA,Casada,1978-12-07,RJ,FEMININO,Não,,Professor Ii,2423.17,Não,Mensalista,47.0,1048,0
PARQUE BEIRA MAR,F,DUQUE DE CAXIAS,BRASILEIRA,Casada,1977-07-24,RJ,FEMININO,Não,,Merendeira,2432.64,Não,Mensalista,48.0,812,0
MADUREIRA,F,RIO DE JANEIRO,Brasileira,Casado,1961-08-02,RJ,FEMININO,Não,,Auxiliar De Enfermagem,3191.54,Não,Mensalista,64.0,608,3
ROCINHA,F,RIO DE JANEIRO,BRASILEIRA,Solteira,1986-12-07,RJ,FEMININO,Não,,Professor De Educação Infantil,6479.21,Não,Mensalista,39.0,998,0
ROCINHA,F,RIO DE JANEIRO,BRASILEIRA,Solteira,1986-12-07,RJ,FEMININO,Não,,Professor De Educação Infantil,7045.45,Não,Mensalista,39.0,998,0
RIACHUELO,F,RIO DE JANEIRO,Brasileira,Casado,1977-05-04,RJ,FEMININO,Não,,Aux. De Laboratorio,1608.14,Não,Mensalista,48.0,551,0
COPACABANA,F,RIO DE JANEIRO,Brasileira,Solteiro,1980-05-03,RJ,FEMININO,Não,,Recepcionista,2358.92,Não,Mensalista,45.0,1094,0
GUARATIBA,F,RIO DE JANEIRO,BRASILEIRA,Solteira,1975-05-03,RJ,FEMININO,Não,,Professor I,8946.12,Não,Mensalista,50.0,1028,1
GUARATIBA,F,RIO DE JANEIRO,BRASILEIRA,Solteira,1975-05-03,RJ,FEMININO,Não,,Professor Ii,8946.12,Não,Mensalista,50.0,1048,1
CAMPO GRANDE,F,RIO DE JANEIRO,BRASILEIRA,Solteiro,1976-07-03,RJ,FEMININO,Não,Risco PLD/FT Baixo,Auxiliar De Enfermagem Enq. Fo,4269.82,Não,Mensalista,49.0,621,0
PIEDADE,F,RIO DE JANEIRO,BRASILEIRA,Solteira,1972-12-31,RJ,FEMININO,Não,,Professor Ii,15541.55,Não,Mensalista,53.0,1048,1
PIEDADE,F,RIO DE JANEIRO,Brasileira,Solteira,1972-12-31,RJ,FEMININO,Não,,Professor Ii,15541.55,Não,Mensalista,53.0,1048,1
MAGALHÃES BASTOS,F,RIO DE JANEIRO,BRASILEIRA,Solteira,1968-10-18,RJ,FEMININO,Não,,Merendeira,1354.5,Não,Mensalista,57.0,812,0
OLARIA,F,RIO DE JANEIRO,BRASILEIRA,Solteira,1973-02-09,RJ,FEMININO,Não,,Agente De Educação Infantil,1939.4,Não,Mensalista,52.0,237,0
VAZ LOBO,F,RIO DE JANEIRO,BRASILEIRA,Casada,1965-09-14,RJ,FEMININO,Não,,Merendeira,1963.55,Não,Mensalista,60.0,812,2
MARECHAL HERMES,F,RIO DE JANEIRO,Brasileira,Casado,1959-09-16,RJ,MASCULINO,Não,,Tecnica De Laboratorio,4083.86,Não,Mensalista,66.0,1167,2
PARQUE SÃO LUIZ,F,TERESOPOLIS,Brasileira,Casado,1967-08-27,RJ,FEMININO,Não,,Aux De Enfermagem,5238.24,Não,Mensalista,58.0,459,3
ROCHA MIRANDA,F,RIO DE JANEIRO,BRASILEIRA,Casado,1979-06-09,RJ,MASCULINO,Não,,Professor Ii,5141.36,Não,Mensalista,46.0,1048,0
RICARDO DE ALBUQUERQUE,F,RIO DE JANEIRO,Brasileira,Divorciado,1965-04-06,RJ,MASCULINO,Não,,Trabalhador/Subgerente Iii,2710.03,Não,Mensalista,60.0,1220,2
ENGENHO NOVO,F,RIO DE JANEIRO,Brasileira,Divorciado,1957-10-19,RJ,MASCULINO,Não,,Trabalhador,2340.78,Não,Mensalista,68.0,1202,2
EDSON PASSOS,F,MESQUITA,Brasileira,Casado,1955-06-06,RJ,MASCULINO,Não,,Servente,2109.78,Não,Mensalista,70.0,1116,2
SANTA CRUZ,F,RIO DE JANEIRO,BRASILEIRA,Solteiro,1988-11-05,RJ,MASCULINO,Não,,Guarda Municipal,3517.55,Não,Mensalista,37.0,776,0
GUARATIBA,F,RIO DE JANEIRO,BRASILEIRA,Casada,1965-04-22,RJ,FEMININO,Não,,Agente De Educação Infantil,4097.06,Não,Mensalista,60.0,237,3
GRAJAU,F,RIO DE JANEIRO,BRASILEIRA,Divorciada,1968-02-28,RJ,FEMININO,Não,,Professor Ii,3424.14,Não,Mensalista,57.0,1048,2
CAMPO GRANDE,F,RIO DE JANEIRO,BRASILEIRA,Casada,1971-02-15,RJ,FEMININO,Não,,Professor Educação Infantil,6735.06,Não,Mensalista,54.0,1022,1
INHAUMA,F,RIO DE JANEIRO,Brasileira,Casada,1978-05-02,RJ,FEMININO,Não,,Professor Ii,3980.31,Não,Mensalista,47.0,1048,0
CORDOVIL,F,RIO DE JANEIRO,Brasileira,Solteira,1964-01-02,RJ,FEMININO,Não,,Agente De Administração,12415.98,Não,Mensalista,61.0,216,1
ENGENHO DA RAINHA,F,RIO DE JANEIRO,BRASILEIRA,Casada,1960-06-23,RJ,FEMININO,Não,,Professor Ii,4456.83,Não,Mensalista,65.0,1048,2
ENGENHO DA RAINHA,F,RIO DE JANEIRO,BRASILEIRA,Casada,1960-06-23,RJ,FEMININO,Não,,Professor Ii,4456.83,Não,Mensalista,65.0,1048,2
ANDARAI,F,RIO DE JANEIRO,BRASILEIRA,Solteira,1963-03-28,RJ,FEMININO,Não,,Servente,1723.01,Não,Mensalista,62.0,1116,2
TIJUCA,F,RIO DE JANEIRO,Brasileira,Solteira,1948-06-05,RJ,FEMININO,Não,,Merendeira,786.84,Não,Mensalista,77.0,812,2
PACIENCIA,F,RIO DE JANEIRO,Brasileira,Viúvo,1951-03-19,RJ,FEMININO,Não,,Ag. Comunitario,1769.92,Não,Mensalista,74.0,95,3
SÃO CRISTOVÃO,F,RIO DE JANEIRO,Brasileira,Divorciada,1966-01-15,RJ,FEMININO,Não,,Merendeira,2541.73,Não,Mensalista,59.0,812,2
CACUIA,F,NOVA IGUAÇU,Brasileira,Casado,1973-04-18,RJ,FEMININO,Não,,Professor Ii,3644.68,Não,Mensalista,52.0,1048,0
JARDIM MERITI,F,VILAR DOS TELES,BRASILEIRA,Casada,1966-04-14,RJ,FEMININO,Não,,Aux De Enfermagem 2ª Grau,2138.35,Não,Mensalista,59.0,471,3
PARQUE ANCHIETA,F,RIO DE JANEIRO,BRASILEIRA,Casada,1971-03-17,RJ,FEMININO,Não,,Agente De Educação Infantil,3041.54,Não,Mensalista,54.0,237,3
RAMOS,F,RIO DE JANEIRO,BRASILEIRA,Divorciada,1965-10-17,RJ,FEMININO,Não,,Ag.Comunitario Nivel Ii,3762.39,Não,Mensalista,60.0,158,3
CAMPO GRANDE,F,RIO DE JANEIRO,Brasileira,Casada,1965-07-17,RJ,FEMININO,Não,,Merendeira,1476.31,Não,Mensalista,60.0,812,2
CAMPO GRANDE,F,RIO DE JANEIRO,BRASILEIRA,Casada,1960-07-16,RJ,FEMININO,Não,,Agente De Educação Infantil,3394.44,Não,Mensalista,65.0,237,3
TODOS OS SANTOS,F,RIO DE JANEIRO,BRASILEIRA,Viúva,1954-12-04,RJ,FEMININO,Não,,Aposentada,1896.94,Não,Mensalista,71.0,294,3
PRAÇA DA BANDEIRA,F,RIO DE JANEIRO,BRASILEIRA,Casada,1968-09-18,RJ,FEMININO,Não,,Agente De Educação Infantil,2866.67,Não,Mensalista,57.0,237,3
VILA DO TINGUA,F,NOVA IGUACU,BRASILEIRA,Solteiro,1970-04-23,RJ,FEMININO,Não,Risco PLD/FT Baixo,Ajudante I,1800.0,Não,Mensalista,55.0,286,3
COPACABANA,F,RIO DE JANEIRO,BRASILEIRA,Viúva,1963-03-29,RJ,FEMININO,Não,,Aposentada,3765.45,Não,Mensalista,62.0,294,3
ANA CLARA,F,RIO DE JANEIRO,BRASILEIRA,Casada,1956-03-14,RJ,FEMININO,Não,,Merendeira,2343.42,Não,Mensalista,69.0,812,2
SANTA TERESA,F,RIO DE JANEIRO,Brasileira,Solteira,1969-09-29,RJ,FEMININO,Não,,Recepcionista,1527.77,Não,Mensalista,56.0,1094,2
PADRE MIGUEL,F,RIO DE JANEIRO,BRASILEIRA,Casada,1967-06-10,RJ,FEMININO,Não,,Aux. De Enfermagem-2ª Grau,1516.32,Não,Mensalista,58.0,545,0
GUADALUPE,F,RIO DE JANEIRO,Brasileira,Casado,1981-09-24,RJ,FEMININO,Não,,Professor,4729.18,Não,Mensalista,44.0,984,0
SANTISSIMO,F,RIO DE JANEIRO,BRASILEIRA,Solteira,1975-11-21,RJ,FEMININO,Não,,Ag Aux De Creche,1020.96,Não,Mensalista,50.0,27,3
SÃO CRISTOVÃO,F,RIO DE JANEIRO,Brasileira,Casada,1963-02-23,RJ,FEMININO,Não,,Ag. Aux De Administração,13954.6,Não,Mensalista,62.0,80,1
PACIENCIA,F,RIO DE JANEIRO,Brasileira,Separada judicialmente,1953-09-06,RJ,FEMININO,Não,,Copeiro,1413.88,Não,Mensalista,72.0,678,2
TANQUE,F,RIO DE JANEIRO,Brasileira,Solteiro,1935-07-26,RJ,FEMININO,Não,,Agente De Portaria,2003.58,Não,Mensalista,90.0,243,3
BANGU,F,RIO DE JANEIRO,Brasileira,Solteiro,1959-12-25,RJ,FEMININO,Não,,Datiligrafo,2942.42,Não,Mensalista,66.0,688,2
CURICICA,F,RIO DE JANEIRO,BRASILEIRA,Divorciada,1967-08-17,RJ,FEMININO,Não,,Professor Ii,9154.34,Não,Mensalista,58.0,1048,1
CAMPO GRANDE,F,RIO DE JANEIRO,BRASILEIRA,Solteiro,1962-05-13,RJ,MASCULINO,Não,,Perito Papiloscopista,18507.54,Não,Mensalista,63.0,864,1
PACIENCIA,F,RIO DE JANEIRO,BRASILEIRA,Solteira,1974-09-22,RJ,FEMININO,Não,,Professor Ii,3710.67,Não,Mensalista,51.0,1048,0
TAQUARA,F,RIO DE JANEIRO,Brasileira,Casada,1961-07-03,RJ,FEMININO,Não,,Servente,1399.84,Não,Mensalista,64.0,1116,2
SEPETIBA,F,RIO DE JANEIRO,Brasileira,Viúva,1944-06-15,RJ,FEMININO,Não,,Agente De Administração,2093.55,Não,Mensalista,81.0,216,3
SANTA TEREZA,F,RIO DE JANEIRO,Brasileira,Solteiro,1946-06-20,RJ,FEMININO,Não,,Professor Ii,2176.82,Não,Mensalista,79.0,1048,2
VILA KOSMOS,F,RIO DE JANEIRO,BRASILEIRA,Solteiro,1983-09-24,RJ,MASCULINO,Não,Risco PLD/FT Baixo,Professor De Ensino Fundamenta,11046.38,Não,,42.0,1001,1
ICARAI,F,NITEROI,BRASILEIRA,Casada,1964-02-02,RJ,FEMININO,Não,,Merendeira,1800.77,Não,Mensalista,61.0,812,2
VILAR DOS TELLES,F,SAO JOAO DE MERITI,Brasileira,Solteiro,1952-03-27,RJ,MASCULINO,Não,,Art. De Alvenaria E Pintura,3511.54,Não,Mensalista,73.0,340,3
PIABETA,F,MAGE,Brasileira,Casado,1965-01-29,RJ,MASCULINO,Não,,Trabalhador,3756.98,Não,Mensalista,60.0,1202,2
PORTUGUESA,F,RIO DE JANEIRO,BRASILEIRA,Viúvo,1958-11-04,RJ,MASCULINO,Não,,Professor Ii - Historia,4697.56,Não,Mensalista,67.0,1049,2
BANGU,F,RIO DE JANEIRO,Brasileira,Casado,1962-06-17,RJ,MASCULINO,Não,,Trabalhador,2173.06,Não,Mensalista,63.0,1202,2
CAMPO GRANDE,F,RIO DE JANEIRO,Brasileira,Casado,1950-12-22,RJ,MASCULINO,Não,,Trabalhador,2965.82,Não,Mensalista,75.0,1202,2
CAMPO GRANDE,F,RIO DE JANEIRO,BRASILEIRA,Desquitado,1953-02-16,RJ,MASCULINO,Não,,Art De Jardim E Arboricultura,1934.63,Não,Mensalista,72.0,321,3
PACIENCIA,F,RIO DE JANEIRO,Brasileira,Casado,1963-06-09,RJ,MASCULINO,Não,,Datilografo/Assistente Ii,4462.02,Não,Mensalista,62.0,696,2
ENGENHO DA RAINHA,F,RIO DE JANEIRO,Brasileira,Viúvo,1962-09-27,RJ,MASCULINO,Não,,Trabalhador,3211.16,Não,Mensalista,63.0,1202,2
SANTA TEREZA,F,RIO DE JANEIRO,Brasileira,Solteiro,1962-04-11,RJ,MASCULINO,Não,,Ag. De Administração,16453.16,Não,Mensalista,63.0,109,1
INGÁ,F,NITEROI,BRASILEIRA,Casado,1979-05-13,RJ,MASCULINO,Não,Risco PLD/FT Baixo,Assistente Administrativo De S,3711.84,Não,Mensalista,46.0,423,0
TOYOTA II,F,RESENDE,Brasileira,Solteiro,1962-12-25,RJ,MASCULINO,Não,,Aposentado,6198.01,Não,Mensalista,63.0,295,3
COSMOS,F,RIO DE JANEIRO,BRASILEIRA,Casado,1976-07-25,RJ,MASCULINO,Não,,Ag. De Administração,6662.09,Não,Mensalista,49.0,109,0
CENTRO,F,BELFORD ROXO,BRASILEIRA,Casado,1969-11-01,RJ,MASCULINO,Não,,Agente Educador Ii,2810.03,Não,Mensalista,56.0,268,3
RECREIO DOS BANDEIRANTES,F,RIO DE JANEIRO,BRASILEIRA,Casada,1978-11-12,RJ,FEMININO,Não,,Ag. De Administraçao,4244.46,Não,Mensalista,47.0,108,0
CAMPO GRANDE,F,RIO DE JANEIRO,Brasileira,Divorciada,1948-11-13,RJ,FEMININO,Não,,Prof Ii,2966.78,Não,Mensalista,77.0,930,2
CAMPO GRANDE,F,RIO DE JANEIRO,BRASILEIRA,Divorciada,1948-11-13,RJ,FEMININO,Não,,Especialista De Educação,3819.8,Não,Mensalista,77.0,751,2
ALTO DA BOA VISTA,F,RIO DE JANEIRO,Brasileira,Casado,1959-01-01,RJ,MASCULINO,Não,,Trabalhador,2438.94,Não,Mensalista,66.0,1202,2
MARACANA,F,RIO DE JANEIRO,Brasileira,Casado,1964-01-08,RJ,MASCULINO,Não,,Ass. Adm,8344.32,Não,Mensalista,61.0,396,1
MAGE,F,RIO DE JANEIRO,Brasileira,Casado,1960-06-08,RJ,MASCULINO,Não,,Eletricista Instalador,4427.78,Não,Mensalista,65.0,716,2
SANTA CRUZ,F,RIO DE JANEIRO,Brasileira,Casado,1965-04-22,RJ,MASCULINO,Não,,Trabalhador,3774.63,Não,Mensalista,60.0,1202,2
CAMPO GRANDE,F,RIO DE JANEIRO,Brasileira,Viúvo,1949-02-19,RJ,MASCULINO,Não,,Art. De Servços De Garagem,1893.23,Não,Mensalista,76.0,370,3
DEL CASTILHO,F,RIO DE JANEIRO,Brasileira,Casado,1942-12-30,RJ,MASCULINO,Não,,Ag. De Portaria,3962.63,Não,Mensalista,83.0,133,3
VILA ISABEL,F,RIO DE JANEIRO,Brasileira,Casado,1953-10-13,RJ,MASCULINO,Não,,Auxiliar ( Dec 14174/95),3215.07,Não,Mensalista,72.0,600,3
BANGU,F,RIO DE JANEIRO,BRASILEIRA,Casado,1952-01-31,RJ,MASCULINO,Não,,Trabalhador,3025.92,Não,Mensalista,73.0,1202,2
SANTA CRUZ,F,RIO DE JANEIRO,Brasileira,Casado,1954-12-04,RJ,MASCULINO,Não,,Agente Operador De Transito,5399.95,Não,Mensalista,71.0,275,3
MADUREIRA,F,RIO DE JANEIRO,BRASILEIRA,Casado,1951-11-03,RJ,MASCULINO,Não,,Tecnico Em Radiologia,6132.2,Não,Mensalista,74.0,1185,2
BANGU,F,RIO DE JANEIRO,Brasileira,Casado,1958-05-23,RJ,MASCULINO,Não,,Motorista,1514.7,Não,Mensalista,67.0,827,2
VILAR NOVO,F,CURITIBA,Brasileira,Casado,1957-11-26,PR,MASCULINO,Não,,Trabalhador,1866.48,Não,Mensalista,68.0,1202,2
SÃO MATEUS,F,SÃO JOÃO DE MERITI,Brasileira,Solteiro,1954-11-10,RJ,MASCULINO,Não,,Trabalhador,2072.81,Não,Mensalista,71.0,1202,2
RIACHUELO,F,RIO DE JANEIRO,Brasileira,Casado,1946-02-26,RJ,MASCULINO,Não,,Auxiliar De Enfermagem,3587.74,Não,Mensalista,79.0,608,3
BARRO VERMELHO,F,BELFORD ROXO,Brasileira,Separado judicialmente,1950-08-11,RJ,MASCULINO,Não,,Art De Pav E Pintura,2332.15,Não,Mensalista,75.0,326,3
ENGENHO PEQUENO,F,RIO DE JANEIRO,Brasileira,Casado,1959-08-24,RJ,MASCULINO,Não,,Art. De Jardim E Arboricultura,1608.52,Não,Mensalista,66.0,360,3
VILA ROSALI,F,SÃO JOÃO DE MERITI,Brasileira,Casado,1968-02-21,RJ,MASCULINO,Não,,Chefe De Setor,3161.8,Não,Mensalista,57.0,668,0
BANGU,F,RIO DE JANEIRO,Brasileira,Casado,1944-04-19,RJ,MASCULINO,Não,,Agente De Vigilancia,1611.86,Não,Mensalista,81.0,259,3
VILA LEOPOLDINA,F,DUQUE DE CAXIAS,Brasileira,Casado,1961-03-01,RJ,MASCULINO,Não,,Trabalhador,2191.68,Não,Mensalista,64.0,1202,2
COELHO DA ROCHA,F,RIO DE JANEIRO,Brasileira,Casado,1959-12-13,RJ,MASCULINO,Não,,Aux. De Ser. Gerais,3591.88,Não,Mensalista,66.0,555,3
QUINTINO BOCAIUVA,F,RIO DE JANEIRO,Brasileira,Casado,1959-04-17,RJ,MASCULINO,Não,,Art. De Alvenaria E Pintura,1969.6,Não,Mensalista,66.0,340,3
NEVES,F,SAO GONCALO,Brasileira,Casado,1948-07-22,RJ,MASCULINO,Não,,Oficial De Fazenda,0.0,Não,Mensalista,77.0,843,2
PITANGUEIRAS,F,RIO DE JANEIRO,Brasileira,Casado,1951-11-19,RJ,MASCULINO,Não,,Trabalhador,1664.35,Não,Mensalista,74.0,1202,2
COPACABANA,F,RIO DE JANEIRO,Brasileira,Casado,1949-09-03,RJ,MASCULINO,Não,,Agente De Administração,4086.74,Não,Mensalista,76.0,216,3
SANTISSIMO,F,RIO DE JANEIRO,Brasileira,Casado,1961-11-05,RJ,MASCULINO,Não,,Ag. Vigilancia,1982.03,Não,Mensalista,64.0,152,3
ANTONINA,F,SÃO GONÇALO,Brasileira,Casado,1951-05-04,RJ,MASCULINO,Não,,Art De Mecanica,1443.25,Não,Mensalista,74.0,323,3
NOVA CAMPINA,F,DUQUE DE CAXIAS,Brasileira,Casado,1953-03-24,RJ,MASCULINO,Não,,Trabalhador,3682.94,Não,Mensalista,72.0,1202,2
REALENGO,F,RIO DE JANEIRO,BRASILEIRA,Casado,1984-05-18,RJ,MASCULINO,Não,,Guarda Municipal,3815.49,Não,Mensalista,41.0,776,0
SÃO MATEUS,F,SÃO JOÃO DE MERITI,Brasileira,Solteiro,1965-10-01,RJ,MASCULINO,Não,,Trabalhador,3143.33,Não,Mensalista,60.0,1202,2
PARACAMBI,F,RIO DE JANEIRO,Brasileira,Casado,1946-02-17,RJ,MASCULINO,Não,,Servente,4390.72,Não,Mensalista,79.0,1116,2
SANTA CRUZ,F,RIO DE JANEIRO,Brasileira,Solteiro,1951-03-11,RJ,MASCULINO,Não,,Art. De Carp. Marcenaria,3600.63,Não,Mensalista,74.0,345,3
NOVA IGUACU,F,RIO DE JANEIRO,Brasileira,Solteiro,1961-10-08,RJ,MASCULINO,Não,,Aux. Op. Serv. Div.,2995.22,Não,Mensalista,64.0,568,3
BELFORD ROXO,F,RIO DE JANEIRO,Brasileira,Solteiro,1953-10-12,RJ,MASCULINO,Não,,Auxiliar De Enfermagem,3525.14,Não,Mensalista,72.0,608,3
JACAREPAGUA,F,RIO DE JANEIRO,BRASILEIRA,Casado,1964-06-20,RJ,MASCULINO,Não,,Professor De Ens. Fundamental,9822.76,Não,Mensalista,61.0,999,1
CENTRO,F,MENDES,Brasileira,Separado judicialmente,1970-04-10,RJ,MASCULINO,Não,,Aux De Enfermagem,2356.94,Não,Mensalista,55.0,459,0
CAMPO GRANDE,F,RIO DE JANEIRO,BRASILEIRA,Casado,1957-01-16,RJ,MASCULINO,Não,,Trabalhador/Subgerente Iii,3179.26,Não,Mensalista,68.0,1220,2
INHOAIBA,F,RIO DE JANEIRO,Brasileira,Divorciado,1965-09-10,RJ,MASCULINO,Não,,Trabalhador,3202.21,Não,Mensalista,60.0,1202,2
COELHO NETO,F,RIO DE JANEIRO,Brasileira,Solteiro,1958-03-08,RJ,MASCULINO,Não,,Trabalhador,4904.37,Não,Mensalista,67.0,1202,2
CAMPO GRANDE,F,RIO DE JANEIRO,BRASILEIRA,Divorciado,1955-10-13,RJ,MASCULINO,Não,,Ag. De Saúde Pública,2506.58,Não,Mensalista,70.0,137,3
LEOPOLDINA,F,RIO DE JANEIRO,Brasileira,Casado,1957-04-23,RJ,MASCULINO,Não,,Trabalhador,2796.34,Não,Mensalista,68.0,1202,2
PIEDADE,F,RIO DE JANEIRO,BRASILEIRA,Casado,1966-07-14,RJ,MASCULINO,Não,,Aux De Enfermagem 2º Grau,3419.41,Não,Mensalista,59.0,474,3
SANTA CRUZ,F,RIO DE JANEIRO,BRASILEIRA,Solteiro,1964-06-26,RJ,MASCULINO,Não,,Professor Ii Educação Fisica,7845.68,Não,Mensalista,61.0,1057,1
COLUMBANDÊ,F,SÃO GONÇALO,Brasileira,Viúvo,1959-05-07,RJ,MASCULINO,Não,,Motorista,4698.36,Não,Mensalista,66.0,827,2
PIABETA,F,MAGE,Brasileira,Solteiro,1960-06-19,RJ,MASCULINO,Não,,Ag. De Vigilancia,1548.69,Não,Mensalista,65.0,140,3
PIEDADE,F,RIO DE JANEIRO,BRASILEIRA,Casado,1969-06-29,RJ,MASCULINO,Não,,Guarda Municipal,5242.96,Não,Mensalista,56.0,776,0
LEOPOLDINA,F,RIO DE JANEIRO,Brasileira,Casado,1967-03-11,RJ,MASCULINO,Não,,Militar,2545.06,Não,Mensalista,58.0,821,0
DEL CASTILHO,F,RIO DE JANEIRO,BRASILEIRA,Casado,1965-04-21,RJ,MASCULINO,Não,,Aux De Procuradoria,7797.17,Não,Mensalista,60.0,490,1
PENHA CIRCULAR,F,RIO DE JANEIRO,BRASILEIRA,Divorciado,1956-09-30,RJ,MASCULINO,Não,,Aux De Enfermagem 2º Grau,3504.52,Não,Mensalista,69.0,474,3
CAMPO GRANDE,F,RIO DE JANEIRO,BRASILEIRA,Solteiro,1958-05-15,RJ,MASCULINO,Não,Risco PLD/FT Baixo,Prof I - Historia,4969.86,Não,Mensalista,67.0,905,2
VILA DO TINGUA,F,NOVA IGUAÇU,BRASILEIRA,Solteiro,1982-03-02,RJ,MASCULINO,Não,Risco PLD/FT Baixo,Professor Docente I - 18 Horas,5938.0,Não,,43.0,1014,0
PAVUNA,F,RIO DE JANEIRO,BRASILEIRA,Casado,1989-01-05,RJ,MASCULINO,Não,,Auxiliar De Controle De Endemi,2418.68,Não,Mensalista,36.0,603,0
CAMPO LINDO,F,SEROPEDICA,BRASILEIRA,Casado,1964-01-17,RJ,MASCULINO,Não,,Trabalhador,3217.66,Não,Mensalista,61.0,1202,2
INHOAIBA,F,RIO DE JANEIRO,BRASILEIRA,Solteiro,1978-02-24,RJ,MASCULINO,Não,,Professor De Educação Infantil,7585.75,Não,Mensalista,47.0,998,1
IRAJA,F,RIO DE JANEIRO,Brasileira,Casado,1976-12-26,RJ,MASCULINO,Não,,Ag De Administração,3071.55,Não,Mensalista,49.0,40,0
SAMPAIO,F,RIO DE JANEIRO,BRASILEIRA,Casado,1962-10-23,RJ,MASCULINO,Não,Risco PLD/FT Baixo,Gari,3455.5,Não,Mensalista,63.0,769,2
XAVANTE,F,CURITIBA,Brasileira,Casado,1956-03-16,PR,MASCULINO,Não,,Trabalhador,3202.68,Não,Mensalista,69.0,1202,2
MARAPICU,F,NOVA IGUACU,Brasileira,Solteiro,1967-11-26,RJ,MASCULINO,Não,,Trabalhador,2096.08,Não,Mensalista,58.0,1202,2
COPACABANA,F,RIO DE JANEIRO,Brasileira,Solteiro,1957-06-19,RJ,MASCULINO,Não,,Assit. Adm.,3341.44,Não,Mensalista,68.0,440,3
SÃO CRISTOVÃO,F,RIO DE JANEIRO,Brasileira,Solteiro,1953-04-17,RJ,MASCULINO,Não,,Servente,1804.47,Não,Mensalista,72.0,1116,2
TIJUCA,F,RIO DE JANEIRO,BRASILEIRA,Casado,1982-05-16,RJ,MASCULINO,Não,Risco PLD/FT Baixo,Técnico Executivo,9809.53,Não,Mensalista,43.0,1233,1
CENTRO,F,NILOPOLIS,Brasileira,Casado,1947-03-04,RJ,MASCULINO,Não,,Servente,5914.77,Não,Mensalista,78.0,1116,2
CARAMUJO,F,RIO DE JANEIRO,Brasileira,Desquitado,1956-10-27,RJ,MASCULINO,Não,,Emfermeiro,5643.9,Não,Mensalista,69.0,717,2
NOVA CAMPINA,F,DUQUE DE CAXIAS,Brasileira,Casado,1949-12-02,RJ,MASCULINO,Não,,Aux De Laboratorio,4251.34,Não,Mensalista,76.0,488,3
HIGIENOPOLIS,F,RIO DE JANEIRO,Brasileira,Casado,1949-07-21,RJ,MASCULINO,Não,,Aponsentado,3046.42,Não,Mensalista,76.0,292,3
TIJUCA,F,RIO DE JANEIRO,Brasileira,Casada,1937-01-23,RJ,FEMININO,Não,,Professor,6303.18,Não,Mensalista,88.0,984,2
CAIOABA,F,BARRA DO PIRAÍ,BRASILEIRA,Solteira,1944-11-05,RJ,FEMININO,Não,,Ag De Saude Publica,2508.84,Não,Mensalista,81.0,60,3
OLARIA,F,RIO DE JANEIRO,Brasileira,Casado,1946-10-31,RJ,FEMININO,Não,,Ass.Ciencia E Tec. Ii,4110.82,Não,Mensalista,79.0,405,3
GAVEA,F,RIO DE JANEIRO,BRASILEIRA,Solteira,1951-02-23,RJ,FEMININO,Não,,Agente Comunitário - Nivel Ii,3591.3,Não,Mensalista,74.0,205,3
CAMPO GRANDE,F,RIO DE JANEIRO,BRASILEIRA,Divorciada,1963-03-20,RJ,FEMININO,Não,,Merendeira,1510.72,Não,Mensalista,62.0,812,2
TOMAS COELHO,F,RIO DE JANEIRO,Brasileira,Divorciada,1953-03-29,RJ,FEMININO,Não,,Agente De Administração,3321.15,Não,Mensalista,72.0,216,3
PENHA,F,RIO DE JANEIRO,Brasileira,Solteiro,1954-10-20,RJ,FEMININO,Não,,Ag. Documentaçao Medica,1964.24,Não,Mensalista,71.0,142,3
PORTUGUESA,F,RIO DE JANEIRO,BRASILEIRA,Casada,1967-11-21,RJ,FEMININO,Não,,Tecnico De Laboratorio,4804.41,Não,Mensalista,58.0,1176,2
CAVALCANTI,F,RIO DE JANEIRO,Brasileira,Solteira,1957-12-14,RJ,FEMININO,Não,,Tecnico De Laboratorio,5473.68,Não,Mensalista,68.0,1176,2
PEDRA DE GUARATIBA,F,RIO DE JANEIRO,BRASILEIRA,SOLTEIRO,1946-07-25,RJ,FEMININO,Não,,Ascensorista,1202.68,Não,Mensalista,79.0,390,3
CAMPO GRANDE,F,RIO DE JANEIRO,BRASILEIRA,Viúva,1950-12-14,RJ,FEMININO,Não,,Professor Ii,8021.51,Não,Mensalista,75.0,1048,2
CAMPO GRANDE,F,RIO DE JANEIRO,BRASILEIRA,Viúva,1950-12-14,RJ,FEMININO,Não,,Especialista De Educação,8021.51,Não,Mensalista,75.0,751,2
CAMPO GRANDE,F,RIO DE JANEIRO,Brasileira,Solteiro,1954-07-23,RJ,FEMININO,Não,,Servente,1085.98,Não,Mensalista,71.0,1116,2
MADUREIRA,F,RIO DE JANEIRO,Brasileira,Divorciada,1961-12-13,RJ,FEMININO,Não,,Merendeira,1028.63,Não,Mensalista,64.0,812,2
OLARIA,F,RIO DE JANEIRO,BRASILEIRA,Divorciada,1970-01-21,RJ,FEMININO,Não,,Professor Ii,6822.07,Não,Mensalista,55.0,1048,1
OLARIA,F,RIO DE JANEIRO,BRASILEIRA,Divorciada,1970-01-21,RJ,FEMININO,Não,,Professor Ii,6822.07,Não,Mensalista,55.0,1048,1
PACIENCIA,F,RIO DE JANEIRO,Brasileira,Casada,1957-06-24,RJ,FEMININO,Não,,Aux De Enfermagem 2º Grau,3527.93,Não,Mensalista,68.0,474,3
SENADOR CAMARA,F,RIO DE JANEIRO,Brasileira,Casado,1963-04-07,RJ,FEMININO,Não,,Agente De Portaria,3326.0,Não,Mensalista,62.0,243,3
VICENTE DE CARVALHO,F,RIO DE JANEIRO,Brasileira,Divorciado,1965-11-16,RJ,MASCULINO,Não,,Trabalhador,2948.5,Não,Mensalista,60.0,1202,2
SENADOR CAMARA,F,RIO DE JANEIRO,BRASILEIRA,Viúva,1956-11-20,RJ,FEMININO,Não,,Trabalhador,3262.78,Não,Mensalista,69.0,1202,2
CENTRO,F,NILOPOLIS,BRASILEIRA,Casada,1969-11-22,RJ,FEMININO,Não,,Aux De Enfermagem 2º Grau,4880.41,Não,Mensalista,56.0,474,0
COPACABANA,F,RIO DE JANEIRO,Brasileira,Solteiro,1935-07-31,RJ,FEMININO,Não,,Proc Federal Incra,17707.62,Não,Mensalista,90.0,870,1
BRAZ DE PINA,F,RIO DE JANEIRO,BRASILEIRA,Casado,1964-01-17,RJ,FEMININO,Não,,Professor Ii,4840.66,Não,Mensalista,61.0,1048,2
JARDIM GUANABARA,F,RIO DE JANEIRO,BRASILEIRA,Solteira,1964-01-28,RJ,FEMININO,Não,,Prof I - Ciencias,8423.13,Não,Mensalista,61.0,897,1
SANTA CRUZ,F,RIO DE JANEIRO,Brasileira,Divorciada,1950-08-29,RJ,FEMININO,Não,,Datilografo,2198.16,Não,Mensalista,75.0,690,2
BANGU,F,RIO DE JANEIRO,BRASILEIRA,SOLTEIRO,1972-08-26,RJ,FEMININO,Não,,Professora,2899.91,Não,Mensalista,53.0,1070,0
TAQUARA,F,RIO DE JANEIRO,Brasileira,Divorciado,1943-10-26,RJ,FEMININO,Não,,Prof.Ii,5516.48,Não,Mensalista,82.0,977,2
TAQUARA,F,RIO DE JANEIRO,BRASILEIRA,Divorciado,1943-10-26,RJ,FEMININO,Não,,Professor,5516.48,Não,Mensalista,82.0,984,2
SEPETIBA,F,RIO DE JANEIRO,BRASILEIRA,Divorciada,1966-10-01,RJ,FEMININO,Não,,Professor Ii,3834.52,Não,Mensalista,59.0,1048,2
SANTO CRISTO,F,RIO DE JANEIRO,Brasileira,Viúvo,1963-07-26,RJ,FEMININO,Não,,Tec Judiciario 1,4703.92,Não,Mensalista,62.0,1148,2
SENADOR CAMARA,F,RIO DE JANEIRO,BRASILEIRA,Casada,1959-03-31,RJ,FEMININO,Não,,Professor Ii,3280.9,Não,Mensalista,66.0,1048,2
CATUMBI,F,RIO DE JANEIRO,BRASILEIRA,Solteira,1953-12-13,RJ,FEMININO,Não,,Aux De Enfermagem,2416.92,Não,Mensalista,72.0,459,3
TURIAÇU,F,RIO DE JANEIRO,BRASILEIRA,Casado,1966-08-28,RJ,MASCULINO,Não,,Trabalhador,1941.19,Não,Mensalista,59.0,1202,2
SANTA CRUZ,F,RIO DE JANEIRO,Brasileira,Casado,1953-06-17,RJ,MASCULINO,Não,,Art De Pav E Pedreira,2171.55,Não,Mensalista,72.0,325,3
CAMPO GRANDE,F,RIO DE JANEIRO,BRASILEIRA,Divorciado,1964-12-26,RJ,MASCULINO,Não,,Guarda Miunicipal,9304.44,Não,Mensalista,61.0,775,1
GARDENIA AZUL,F,RIO DE JANEIRO,Brasileira,Casado,1944-06-08,RJ,MASCULINO,Não,,Ag De Portaria,0.0,Não,Mensalista,81.0,56,3
ANCHIETA,F,RIO DE JANEIRO,BRASILEIRA,Desquitado,1955-08-25,RJ,MASCULINO,Não,,Aux. De Enfermagem,3568.21,Não,Mensalista,70.0,525,3
ANCHIETA,F,RIO DE JANEIRO,Brasileira,Casado,1942-04-19,RJ,MASCULINO,Não,,Trabalhador,1162.42,Não,Mensalista,83.0,1202,2
REALENGO,F,RIO DE JANEIRO,Brasileira,Solteiro,1964-12-21,RJ,MASCULINO,Não,,Ag. De Administração,3429.46,Não,Mensalista,61.0,109,3
LARANJEIRAS,F,RIO DE JANEIRO,BRASILEIRA,Solteiro,1967-04-13,RJ,MASCULINO,Não,Risco PLD/FT Baixo,Bailarino,9978.58,Não,,58.0,649,1
HONORIO GURGEL,F,RIO DE JANEIRO,Brasileira,Casado,1968-03-16,RJ,MASCULINO,Não,,Ag. De Vig.,1768.42,Não,Mensalista,57.0,139,3
PAVUNA,F,RIO DE JANEIRO,BRASILEIRA,Solteiro,1964-12-01,RJ,MASCULINO,Não,,Guarda Municipal,5965.88,Não,Mensalista,61.0,776,2
PAVUNA,F,RIO DE JANEIRO,BRASILEIRA,Divorciado,1939-04-07,RJ,MASCULINO,Não,,Aposentado,1933.45,Não,Mensalista,86.0,295,3
CAMPO GRANDE,F,RIO DE JANEIRO,BRASILEIRA,Divorciado,1962-05-16,RJ,MASCULINO,Não,,Ag. Comunitário Nivel Ii (Qs),1691.59,Não,Mensalista,63.0,103,3
CAMPO GRANDE,F,RIO DE JANEIRO,Brasileira,Solteira,1955-03-08,RJ,FEMININO,Não,,Merendeira,1560.72,Não,Mensalista,70.0,812,2
TIJUCA,F,RIO DE JANEIRO,Brasileira,Separado judicialmente,1953-11-22,RJ,FEMININO,Não,,Professor,3645.98,Não,Mensalista,72.0,984,2
MADUREIRA,F,RIO DE JANEIRO,Brasileira,Solteira,1970-12-06,RJ,FEMININO,Não,,Aux De Enfermagem 1º Grau,2717.6,Não,Mensalista,55.0,468,0
PARQUE ANCHIETA,F,RIO DE JANEIRO,BRASILEIRA,Casada,1958-04-10,RJ,FEMININO,Não,Risco PLD/FT Baixo,Professor Ii,5122.38,Não,Mensalista,67.0,1048,2
CAMPO GRANDE,F,RIO DE JANEIRO,Brasileira,Viúva,1958-01-16,RJ,FEMININO,Não,,Aposentada,3307.43,Não,Mensalista,67.0,294,3
BANGU,F,RIO DE JANEIRO,Brasileira,Casado,1955-10-13,RJ,FEMININO,Não,,Prof I,8322.1,Não,Mensalista,70.0,895,1
PENHA CIRCULAR,F,RIO DE JANEIRO,BRASILEIRA,Solteira,1959-12-11,RJ,FEMININO,Não,,Professor I - Historia,7327.23,Não,Mensalista,66.0,1036,1
PENHA CIRCULAR,F,RIO DE JANEIRO,BRASILEIRA,Solteira,1959-12-11,RJ,FEMININO,Não,,Professor I - História,7327.23,Não,Mensalista,66.0,1037,1
BANGU,F,RIO DE JANEIRO,Brasileira,Solteira,1955-06-16,RJ,FEMININO,Não,,Professor Ii,2645.49,Não,Mensalista,70.0,1048,2
ENGENHO NOVO,F,RIO DE JANEIRO,BRASILEIRA,Viúva,1951-04-06,RJ,FEMININO,Não,,Professor Ii,3713.09,Não,Mensalista,74.0,1048,2
PADRE MIGUEL,F,RIO DE JANEIRO,Brasileira,Solteira,1964-06-07,RJ,FEMININO,Não,,Aposentada,2967.39,Não,Mensalista,61.0,294,3
JARDIM GUANABARA,F,RIO DE JANEIRO,Brasileira,Divorciada,1952-04-07,RJ,FEMININO,Não,,Datilografo,1554.8,Não,Mensalista,73.0,690,2
SANTISSIMO,F,RIO DE JANEIRO,BRASILEIRA,Casado,1987-02-11,RJ,FEMININO,Não,Risco PLD/FT Baixo,Professor Ii,9836.14,Não,Mensalista,38.0,1048,1
BANGU,F,RIO DE JANEIRO,BRASILEIRA,Casada,1976-07-30,RJ,FEMININO,Não,,Agente De Administração,3365.26,Não,Mensalista,49.0,216,0
PRAÇA SECA,F,RIO DE JANEIRO,BRASILEIRA,Divorciado,1973-08-31,RJ,FEMININO,Não,,Prof.Ii,2385.26,Não,Mensalista,52.0,977,0
CENTRO,F,NOVA IGUACU,BRASILEIRA,Solteiro,1980-10-07,RJ,FEMININO,Não,Risco PLD/FT Baixo,Coordenador,5333.33,Não,Mensalista,45.0,676,0
OSWALDO CRUZ,F,RIO DE JANEIRO,Brasileira,Solteira,1975-03-22,RJ,FEMININO,Não,,Merendeira,2687.18,Não,Mensalista,50.0,812,0
BANGU,F,RIO DE JANEIRO,BRASILEIRA,Casada,1987-10-08,RJ,FEMININO,Não,,Professor De Ensino Fundamenta,5675.34,Não,Mensalista,38.0,1001,0
RAMOS,F,RIO DE JANEIRO,BRASILEIRA,Casada,1981-09-17,RJ,FEMININO,Não,,Professor Ii,5910.36,Não,Mensalista,44.0,1048,0
BONSUCESSO,F,RIO DE JANEIRO,BRASILEIRA,Divorciada,1976-04-23,RJ,FEMININO,Não,,Enfermeira,6456.26,Não,Mensalista,49.0,720,0
ROCHA,F,RIO DE JANEIRO,Brasileira,Solteiro,1984-08-06,RJ,FEMININO,Não,,Professor,2296.44,Não,Mensalista,41.0,984,0
CAMPO GRANDE,F,RIO DE JANEIRO,Brasileira,Divorciada,1973-06-06,RJ,FEMININO,Não,,Professor Ii,4226.7,Não,Mensalista,52.0,1048,0
ENGENHO NOVO,F,RIO DE JANEIRO,BRASILEIRA,Divorciada,1975-03-03,RJ,FEMININO,Não,,Professor,10385.34,Não,Mensalista,50.0,984,1
JACAREPAGUA,F,RIO DE JANEIRO,BRASILEIRA,Solteira,1976-09-30,RJ,FEMININO,Não,,Professor De Educação Infantil,11761.95,Não,Mensalista,49.0,998,1
JACAREPAGUA,F,RIO DE JANEIRO,BRASILEIRA,Solteira,1976-09-30,RJ,FEMININO,Não,,Professor De Educação Infantil,11761.95,Não,Mensalista,49.0,998,1
IRAJA,F,RIO DE JANEIRO,BRASILEIRA,Solteiro,1977-11-26,RJ,MASCULINO,Não,Risco PLD/FT Baixo,Professor Docente I - 18 Horas,3233.55,Não,Mensalista,48.0,1014,0
MARECHAL HERMES,F,RIO DE JANEIRO,BRASILEIRA,Divorciado,1972-03-01,RJ,MASCULINO,Não,,Guarda Municipal,4294.1,Não,Mensalista,53.0,776,0
VILA VALQUEIRE,F,RIO DE JANEIRO,Brasileira,Solteiro,1957-02-16,RJ,MASCULINO,Não,,Trabalhador,5385.12,Não,Mensalista,68.0,1202,2
NOVA ERA,F,NOVA IGUACU,BRASILEIRA,Solteiro,1971-09-05,RJ,MASCULINO,Não,Risco PLD/FT Baixo,Professor Docente I - 18 Horas,4530.13,Não,Mensalista,54.0,1014,0
LINS DE VASCONCELOS,F,RIO DE JANEIRO,Brasileira,Casado,1945-04-15,RJ,MASCULINO,Não,,Ag De Administração,4777.29,Não,Mensalista,80.0,40,3
BENTO RIBEIRO,F,RIO DE JANEIRO,Brasileira,Solteiro,1956-10-19,RJ,MASCULINO,Não,,Agente De Vigilancia,2781.68,Não,Mensalista,69.0,259,3
BRAZ DE PINA,F,RIO DE JANEIRO,BRASILEIRA,Casado,1968-04-11,RJ,MASCULINO,Não,,Guarda Municipal,9484.84,Não,Mensalista,57.0,776,1
PAVUNA,F,RIO DE JANEIRO,Brasileira,Solteiro,1976-07-12,RJ,MASCULINO,Não,,Soldado Classe A,2135.38,Não,Mensalista,49.0,1129,0
PARQUE SANTA ELISA,F,NOVA FRIBURGO,BRASILEIRA,Solteiro,1972-04-05,RJ,MASCULINO,Não,Risco PLD/FT Baixo,Professor Docente I - 18 Horas,3274.55,Não,Mensalista,53.0,1014,0
BANGU,F,RIO DE JANEIRO,BRASILEIRA,Solteiro,1966-07-29,RJ,MASCULINO,Não,,Ag. De Administração,4845.9,Não,Mensalista,59.0,109,3
SAQUAREMA,F,NITEROI,Brasileira,Divorciado,1965-05-15,RJ,MASCULINO,Não,,Assist. Administracao,4594.0,Não,Mensalista,60.0,418,3
ENGENHO DE DENTRO,F,RIO DE JANEIRO,BRASILEIRA,Solteiro,1975-12-29,RJ,MASCULINO,Não,Risco PLD/FT Baixo,Inspetor De Policia Penal,7982.58,Não,Mensalista,50.0,794,1
CAMPO GRANDE,F,RIO DE JANEIRO,BRASILEIRA,Casado,1975-12-01,RJ,MASCULINO,Não,,1º Sargento Da Pm,13638.93,Não,Mensalista,50.0,2,1
FAZENDA SOBRADINHO,F,MAGE,BRASILEIRA,Solteira,1969-12-05,RJ,FEMININO,Não,,Aux De Enfermagem 1º Grau,3512.39,Não,Mensalista,56.0,468,0
CENTRO,F,NOVA IGUAÇU,BRASILEIRA,Divorciada,1972-12-30,RJ,FEMININO,Não,,Agente De Administração,964.17,Não,Mensalista,53.0,216,3
CAMPO GRANDE,F,RIO DE JANEIRO,Brasileira,Divorciada,1966-08-01,RJ,FEMININO,Não,,Professor Ii,8165.28,Não,Mensalista,59.0,1048,1
BANGU,F,RIO DE JANEIRO,BRASILEIRA,Viúva,1963-07-04,RJ,FEMININO,Não,,Professor Ii,8186.6,Não,Mensalista,62.0,1048,1
BANGU,F,RIO DE JANEIRO,BRASILEIRA,Viúva,1963-07-04,RJ,FEMININO,Não,,Professor Ii,12297.56,Não,Mensalista,62.0,1048,1
GRAJAU,F,RIO DE JANEIRO,BRASILEIRA,SOLTEIRO,1964-01-08,RJ,FEMININO,Não,,Auxiliar De Enfermagem,2727.81,Não,Mensalista,61.0,608,3
CAMPO GRANDE,F,RIO DE JANEIRO,Brasileira,Casada,1966-12-02,RJ,FEMININO,Não,,Professor Ii,7883.4,Não,Mensalista,59.0,1048,1
GRAJAU,F,RIO DE JANEIRO,BRASILEIRA,Casada,1955-05-23,RJ,FEMININO,Não,,Professor Ii,10748.24,Não,Mensalista,70.0,1048,1
GRAJAU,F,RIO DE JANEIRO,Brasileira,Casada,1955-05-23,RJ,FEMININO,Não,,Professor Ii,10748.24,Não,Mensalista,70.0,1048,1
TODOS OS SANTOS,F,RIO DE JANEIRO,BRASILEIRA,Viúva,1964-12-03,RJ,FEMININO,Não,,Aposentada,15227.85,Não,Mensalista,61.0,294,1
TODOS OS SANTOS,F,RIO DE JANEIRO,Brasileira,Viúva,1964-12-03,RJ,FEMININO,Não,,Professor Ii,15227.85,Não,Mensalista,61.0,1048,1
VILA ROSALI,F,SÃO JOÃO DE MERITI,BRASILEIRA,Casada,1968-10-05,RJ,FEMININO,Não,,Professor Ii,5710.82,Não,Mensalista,57.0,1048,2
MARECHAL HERMES,F,RIO DE JANEIRO,Brasileira,Casado,1967-05-18,RJ,FEMININO,Não,,Aux De Enfermagem,5304.36,Não,Mensalista,58.0,459,3
SANTA CRUZ,F,RIO DE JANEIRO,Brasileira,Divorciado,1965-03-19,RJ,FEMININO,Não,,Aux De Enfermagem,2202.38,Não,Mensalista,60.0,459,3
SANTA CRUZ,F,RIO DE JANEIRO,BRASILEIRA,Solteiro,1967-06-30,RJ,FEMININO,Não,,Merendeira,796.62,Não,Mensalista,58.0,812,0
PIEDADE,F,RIO DE JANEIRO,Brasileira,Solteiro,1968-06-13,RJ,FEMININO,Não,,Datilografo,2274.42,Não,Mensalista,57.0,690,0
CAMPO GRANDE,F,RIO DE JANEIRO,BRASILEIRA,Divorciada,1978-01-31,RJ,FEMININO,Não,,Prof. De Educação Infantil,6282.44,Não,Mensalista,47.0,952,0
CARAMUJO,F,RIO DE JANEIRO,Brasileira,Solteiro,1963-08-19,RJ,FEMININO,Não,,Ag. Adm,2537.32,Não,Mensalista,62.0,74,3
REALENGO,F,RIO DE JANEIRO,BRASILEIRA,Casado,1965-04-13,RJ,FEMININO,Não,,Professor,4476.96,Não,Mensalista,60.0,984,2
CARAMUJO,F,RIO DE JANEIRO,Brasileira,Desquitado,1965-03-25,RJ,FEMININO,Não,,Prof Ii,3071.88,Não,Mensalista,60.0,930,2
RECREIO DOS BANDEIRANTES,F,RIO DE JANEIRO,Brasileira,Divorciada,1968-03-20,RJ,FEMININO,Não,,Professora Ii,1443.2,Não,Mensalista,57.0,1074,2
TAQUARA,F,RIO DE JANEIRO,BRASILEIRA,Divorciada,1969-10-26,RJ,FEMININO,Não,,Merendeira,1077.0,Não,Mensalista,56.0,812,0
BANGU,F,RIO DE JANEIRO,Brasileira,Casado,1967-05-23,RJ,FEMININO,Não,,Professor,2580.38,Não,Mensalista,58.0,984,2
BANGU,F,RIO DE JANEIRO,Brasileira,Divorciada,1968-02-05,RJ,FEMININO,Não,,Aux De Enfermagem 2º Grau,3645.09,Não,Mensalista,57.0,474,0
BANGU,F,RIO DE JANEIRO,BRASILEIRA,Casada,1964-02-13,RJ,FEMININO,Não,,Aposentada,1739.27,Não,Mensalista,61.0,294,3
MARECHAL HERMES,F,RIO DE JANEIRO,BRASILEIRA,Casada,1975-05-25,RJ,FEMININO,Não,,Professor Ii,8228.71,Não,Mensalista,50.0,1048,1
RIBEIRA,F,RIO DE JANEIRO,BRASILEIRA,Solteira,1979-01-17,RJ,FEMININO,Não,Risco PLD/FT Baixo,Professor Docente I - 18 Horas,3473.72,Não,Mensalista,46.0,1014,0
PARQUE DOM BOSCO,F,SEROPEDICA,BRASILEIRA,Casado,1971-07-11,RJ,FEMININO,Não,,Recepcionista,900.0,Não,Mensalista,54.0,1094,0
BENTO RIBEIRO,F,RIO DE JANEIRO,Brasileira,Solteira,1962-09-10,RJ,FEMININO,Não,,Professor Ii,5194.62,Não,Mensalista,63.0,1048,2
BENTO RIBEIRO,F,RIO DE JANEIRO,BRASILEIRA,SOLTEIRO,1962-09-10,RJ,FEMININO,Não,,Professor,2731.07,Não,Mensalista,63.0,984,2
PADRE MIGUEL,F,RIO DE JANEIRO,BRASILEIRA,Divorciada,1966-08-20,RJ,FEMININO,Não,,Professor Ii,9579.61,Não,Mensalista,59.0,1048,1
PADRE MIGUEL,F,RIO DE JANEIRO,BRASILEIRA,Divorciada,1966-08-20,RJ,FEMININO,Não,,Professor Ii,8181.72,Não,Mensalista,59.0,1048,1
PADRE MIGUEL,F,RIO DE JANEIRO,BRASILEIRA,Divorciada,1963-10-05,RJ,FEMININO,Não,,Auxiliar De Enfermagem 2º Grau,3594.32,Não,Mensalista,62.0,620,3
BANGU,F,RIO DE JANEIRO,Brasileira,Divorciada,1955-03-20,RJ,FEMININO,Não,,Ag Comunitario Nivel Ii (Qs),3889.33,Não,Mensalista,70.0,36,3
ESTÁCIO,F,RIO DE JANEIRO,BRASILEIRA,Solteiro,1969-08-16,RJ,FEMININO,Não,,Professor,3385.42,Não,Mensalista,56.0,984,0
TURIAÇU,F,RIO DE JANEIRO,Brasileira,Divorciado,1957-03-13,RJ,FEMININO,Não,,Prof. I,3744.66,Não,Mensalista,68.0,958,2
MARECHAL HERMES,F,RIO DE JANEIRO,Brasileira,Divorciada,1960-10-07,RJ,FEMININO,Não,,Auxiliar De Enfermagem 2° Grau,4997.94,Não,Mensalista,65.0,619,3
CENTRO,F,BELFORD ROXO,BRASILEIRA,Divorciado,1976-05-08,RJ,FEMININO,Não,Risco PLD/FT Baixo,Sub Tenente Bm,14831.88,Não,Mensalista,49.0,1133,1
GUARATIBA,F,RIO DE JANEIRO,BRASILEIRA,Solteira,1959-02-03,RJ,FEMININO,Não,,Datilografo,5397.63,Não,Mensalista,66.0,690,2
TIJUCA,F,RIO DE JANEIRO,Brasileira,Solteiro,1964-01-13,RJ,FEMININO,Não,,Ass. Adm.,8517.92,Não,Mensalista,61.0,397,1
BARRA DA TIJUCA,F,RIO DE JANEIRO,BRASILEIRA,Solteira,1964-11-09,RJ,FEMININO,Não,,Psicologo,3567.46,Não,Mensalista,61.0,1091,2
FONSECA,F,NITEROI,Brasileira,Solteira,1967-05-06,RJ,FEMININO,Não,,Aux. Enfermagem,2460.94,Não,Mensalista,58.0,564,0
CAMPO GRANDE,F,RIO DE JANEIRO,Brasileira,Solteiro,1957-11-16,RJ,FEMININO,Não,,Datilografo,8565.04,Não,Mensalista,68.0,690,1
LEOPOLDINA,F,RIO DE JANEIRO,Brasileira,Não informado,1965-03-02,RJ,FEMININO,Não,,Sec. Saude Aux.Enfermagem,4541.18,Não,Mensalista,60.0,1107,2
VILA DA PENHA,F,RIO DE JANEIRO,BRASILEIRA,Casada,1960-02-16,RJ,FEMININO,Não,,Agente De Administração,4486.76,Não,Mensalista,65.0,216,3
JABOUR,F,RIO DE JANEIRO,Brasileira,Casado,1967-08-01,RJ,FEMININO,Não,,Aux De Enfermagem,2901.9,Não,Mensalista,58.0,459,3
GUADALUPE,F,RIO DE JANEIRO,BRASILEIRA,Solteira,1969-06-02,RJ,FEMININO,Não,,Merendeira,3130.27,Não,Mensalista,56.0,812,0
COPACABANA,F,RIO DE JANEIRO,Brasileira,Solteira,1960-12-30,RJ,FEMININO,Não,,Professor Ii,11695.88,Não,Mensalista,65.0,1048,1
COPACABANA,F,RIO DE JANEIRO,BRASILEIRA,Solteira,1960-12-30,RJ,FEMININO,Não,,Professor Ii,11695.88,Não,Mensalista,65.0,1048,1
VILA DA PENHA,F,RIO DE JANEIRO,BRASILEIRA,Solteira,1968-09-24,RJ,FEMININO,Não,,Professor Ii,5119.46,Não,Mensalista,57.0,1048,2
VILA DA PENHA,F,RIO DE JANEIRO,BRASILEIRA,Solteira,1968-09-24,RJ,FEMININO,Não,,Professor Ii,5119.46,Não,Mensalista,57.0,1048,2
COSME VELHO,F,RIO DE JANEIRO,BRASILEIRA,Solteira,1969-01-05,RJ,FEMININO,Não,,Agente De Educação Infantil,3814.13,Não,Mensalista,56.0,237,3
EDEN,F,SAO JOAO DE MERITI,BRASILEIRA,Solteira,1975-05-20,RJ,FEMININO,Não,,Aux De Enfermagem 2º Grau,2990.5,Não,Mensalista,50.0,474,0
LAVAPES,F,RESENDE,Brasileira,Casada,1966-02-06,RJ,FEMININO,Não,,Assistente Social,6520.71,Não,Mensalista,59.0,430,3
PORTUGUESA,F,RIO DE JANEIRO,Brasileira,Casada,1964-08-15,RJ,FEMININO,Não,,Professor Ii / Diretoprofessor,5423.65,Não,Mensalista,61.0,1051,2
BENFICA,F,RIO DE JANEIRO,BRASILEIRA,Solteira,1960-07-12,RJ,FEMININO,Não,Risco PLD/FT Baixo,Aposentada,3484.37,Não,Mensalista,65.0,294,3
POSSE,F,PETROPOLIS,BRASILEIRA,Solteiro,1983-12-17,RJ,FEMININO,Não,Risco PLD/FT Baixo,Inspetor De Aluno 2 G,2608.61,Não,Mensalista,42.0,788,0
PAQUETA,F,RIO DE JANEIRO,Brasileira,Solteira,1956-06-18,RJ,FEMININO,Não,,Telefonista,3714.42,Não,Mensalista,69.0,1197,2
SANTA CRUZ,F,RIO DE JANEIRO,BRASILEIRA,União Estável,1961-08-14,RJ,FEMININO,Não,,Merendeira,1703.28,Não,Mensalista,64.0,812,2
TAGUARA,F,RIO DE JANEIRO,Brasileira,Solteiro,1966-01-11,RJ,FEMININO,Não,,Auxiliar De Enfermagem,4030.0,Não,Mensalista,59.0,608,0
ENGENHO DA RAINHA,F,RIO DE JANEIRO,Brasileira,Solteira,1958-10-20,RJ,FEMININO,Não,,Aux De Enfermagem 2º Grau,6593.16,Não,Mensalista,67.0,474,3
OSWALDO CRUZ,F,RIO DE JANEIRO,Brasileira,Solteira,1974-10-08,RJ,FEMININO,Não,,Merendeira,1642.37,Não,Mensalista,51.0,812,0
CAMPO GRANDE,F,RIO DE JANEIRO,Brasileira,Solteira,1974-04-11,RJ,FEMININO,Não,,Prof I - Geografia,3539.16,Não,Mensalista,51.0,904,0
ENGENHO NOVO,F,RIO DE JANEIRO,Brasileira,Solteira,1962-01-26,RJ,FEMININO,Não,,Datilografo/ Assistente,2046.24,Não,Mensalista,63.0,695,2
ENGENHO DO PORTO,F,DUQUE DE CAXIAS,BRASILEIRA,Casada,1965-05-23,RJ,FEMININO,Não,,Merendeira,1527.46,Não,Mensalista,60.0,812,2
COSMOS,F,RIO DE JANEIRO,Brasileira,Casada,1965-08-18,RJ,FEMININO,Não,,Prof. Ii,8062.14,Não,Mensalista,60.0,968,1
FREGUESIA,F,RIO DE JANEIRO,BRASILEIRA,Solteira,1961-10-13,RJ,FEMININO,Não,,Professor Ii,9274.51,Não,Mensalista,64.0,1048,1
SANTA CRUZ,F,RIO DE JANEIRO,Brasileira,Solteira,1970-10-26,RJ,FEMININO,Não,,Aux De Enfermagem 1º Grau,3423.82,Não,Mensalista,55.0,468,0
BANGU,F,RIO DE JANEIRO,Brasileira,Divorciada,1961-05-18,RJ,FEMININO,Não,,Ag De Administração,2555.65,Não,Mensalista,64.0,40,3
ROCHA,F,RIO DE JANEIRO,BRASILEIRA,Solteira,1982-05-07,RJ,FEMININO,Não,Risco PLD/FT Baixo,Agente De Educação Infantil,3876.08,Não,Mensalista,43.0,237,0
OLARIA,F,RIO DE JANEIRO,BRASILEIRA,Solteira,1969-10-28,RJ,FEMININO,Não,Risco PLD/FT Baixo,Professor Ii,3479.8,Não,Mensalista,56.0,1048,2
COSMOS,F,RIO DE JANEIRO,BRASILEIRA,Casada,1962-10-28,RJ,FEMININO,Não,,Agente Comunitario,2639.53,Não,Mensalista,63.0,198,3
RAMOS,F,RIO DE JANEIRO,Brasileira,Divorciada,1967-03-30,RJ,FEMININO,Não,,Inspetor De Alunos,2855.37,Não,Mensalista,58.0,789,0
CENTRO,F,NILOPOLIS,BRASILEIRA,Solteira,1965-12-12,RJ,FEMININO,Não,,Aposentada,1146.58,Não,Mensalista,60.0,294,3
PRAÇA SECA,F,RIO DE JANEIRO,BRASILEIRA,Solteira,1967-06-19,RJ,FEMININO,Não,,Prof Ii - Licenciatura Plena,7299.62,Não,Mensalista,58.0,932,1
CAMPO GRANDE,F,RIO DE JANEIRO,Brasileira,Solteiro,1967-12-11,RJ,FEMININO,Não,,Aux.De Enfermagem,3339.64,Não,Mensalista,58.0,581,0
PADRE MIGUEL,F,RIO DE JANEIRO,Brasileira,Solteiro,1967-06-03,RJ,FEMININO,Não,,Merendeira,1499.38,Não,Mensalista,58.0,812,0
CAMPO GRANDE,F,RIO DE JANEIRO,BRASILEIRA,Solteira,1964-05-03,RJ,FEMININO,Não,,Aposentada,1904.93,Não,Mensalista,61.0,294,3
RIACHUELO,F,RIO DE JANEIRO,BRASILEIRA,Casada,1968-05-06,RJ,FEMININO,Não,,Ag. Comunitário,7111.56,Não,Mensalista,57.0,101,3
BANGU,F,RIO DE JANEIRO,Brasileira,Solteira,1972-03-12,RJ,FEMININO,Não,,Agente De Administração,4486.76,Não,Mensalista,53.0,216,3
TIJUCA,F,RIO DE JANEIRO,Brasileira,Casado,1963-03-19,RJ,FEMININO,Não,,Datilografo,4458.94,Não,Mensalista,62.0,690,2
PORTUGUESA,F,RIO DE JANEIRO,BRASILEIRA,Solteira,1968-03-02,RJ,FEMININO,Não,,Merendeira,2432.64,Não,Mensalista,57.0,812,0
TANQUE,F,RIO DE JANEIRO,BRASILEIRA,Viúvo,1967-03-29,RJ,FEMININO,Não,,Aux.De Enfermagem,1824.64,Não,Mensalista,58.0,581,0
REALENGO,F,RIO DE JANEIRO,BRASILEIRA,Casada,1962-11-19,RJ,FEMININO,Não,,Ag Comunitario Nivel Ii (Qs),2316.7,Não,Mensalista,63.0,36,3
JARDIM AMERICA,F,RIO DE JANEIRO,BRASILEIRA,Solteira,1962-08-16,RJ,FEMININO,Não,,Merendeira,1033.78,Não,Mensalista,63.0,812,2
PAVUNA,F,RIO DE JANEIRO,Brasileira,Solteiro,1969-05-17,RJ,FEMININO,Não,,Ag. De Adm.,2069.52,Não,Mensalista,56.0,106,3
ENGENHO NOVO,F,RIO DE JANEIRO,BRASILEIRA,Solteira,1974-06-13,RJ,FEMININO,Não,,Professor Ii,9587.85,Não,Mensalista,51.0,1048,1
ENGENHO NOVO,F,RIO DE JANEIRO,BRASILEIRA,Solteira,1974-06-13,RJ,FEMININO,Não,,Professor Ii,9587.85,Não,Mensalista,51.0,1048,1
PEDRA DE GUARATIBA,F,RIO DE JANEIRO,Brasileira,Solteiro,1959-12-23,RJ,FEMININO,Não,,Prof Ii,5884.66,Não,Mensalista,66.0,930,2
CAMPO GRANDE,F,RIO DE JANEIRO,BRASILEIRA,Casada,1974-07-18,RJ,FEMININO,Não,,Professor De Ensino Fundamenta,5220.38,Não,Mensalista,51.0,1001,0
PAVUNA,F,RIO DE JANEIRO,BRASILEIRA,Separada judicialmente,1965-11-01,RJ,FEMININO,Não,,Aux De Enfermagem,3936.91,Não,Mensalista,60.0,459,3
CAMPO GRANDE,F,RIO DE JANEIRO,Brasileira,Solteiro,1956-06-23,RJ,FEMININO,Não,,Prof. Ii,4118.14,Não,Mensalista,69.0,968,2
ABOLIÇÃO,F,RIO DE JANEIRO,BRASILEIRA,Solteira,1968-03-09,RJ,FEMININO,Não,,Prof I,9441.38,Não,Mensalista,57.0,895,1
ABOLIÇÃO,F,RIO DE JANEIRO,BRASILEIRA,Solteira,1968-03-09,RJ,FEMININO,Não,,Prof I,9441.38,Não,Mensalista,57.0,895,1
IRAJA,F,RIO DE JANEIRO,Brasileira,Casado,1960-08-13,RJ,FEMININO,Não,,Professor,3783.07,Não,Mensalista,65.0,984,2
CENTRO,F,RIO DE JANEIRO,BRASILEIRA,Divorciada,1965-03-20,RJ,FEMININO,Não,,Professor Ii,3343.59,Não,Mensalista,60.0,1048,2
CENTRO,F,RIO DE JANEIRO,Brasileira,Divorciada,1965-03-20,RJ,FEMININO,Não,,Professor Ii,9027.9,Não,Mensalista,60.0,1048,1
COELHO NETO,F,RIO DE JANEIRO,Brasileira,Casada,1966-06-02,RJ,FEMININO,Não,,Art. De Cos. E Confecção,2828.48,Não,Mensalista,59.0,348,3
PADRE MIGUEL,F,RIO DE JANEIRO,BRASILEIRA,Casada,1969-05-07,RJ,FEMININO,Não,,Enfermeiro,4921.33,Não,Mensalista,56.0,724,0
SENADOR CAMARA,F,RIO DE JANEIRO,Brasileira,Solteira,1960-04-24,RJ,FEMININO,Não,,Merendeira,991.06,Não,Mensalista,65.0,812,2
RICARDO DE ALBUQUERQUE,F,RIO DE JANEIRO,BRASILEIRA,Casada,1957-05-09,RJ,FEMININO,Não,,Merendeira,1739.28,Não,Mensalista,68.0,812,2
JARDIM ATLANTICO,F,MARICA,Brasileira,Solteira,1972-12-11,RJ,FEMININO,Não,,Auxiliar De Enfermagem,4811.53,Não,Mensalista,53.0,608,0
RECREIO DOS BANDEIRANTES,F,RIO DE JANEIRO,Brasileira,Casada,1959-08-02,RJ,FEMININO,Não,,Aposentada,5292.21,Não,Mensalista,66.0,294,3
VAZ LOBO,F,RIO DE JANEIRO,Brasileira,Casado,1962-05-29,RJ,FEMININO,Não,,Profesora,4114.82,Não,Mensalista,63.0,983,2
PENHA,F,RIO DE JANEIRO,BRASILEIRA,Solteira,1963-02-07,RJ,FEMININO,Não,,Aux De Enfermagem 2º Grau,4572.46,Não,Mensalista,62.0,474,3
SÃO CRISTOVÃO,F,RIO DE JANEIRO,BRASILEIRA,Casada,1966-04-24,RJ,FEMININO,Não,,Agente De Administração,3363.89,Não,Mensalista,59.0,216,3
CAMPO GRANDE,F,RIO DE JANEIRO,BRASILEIRA,Divorciada,1966-02-03,RJ,FEMININO,Não,,Professor Ii,5442.45,Não,Mensalista,59.0,1048,2
ENGENHO DE DENTRO,F,RIO DE JANEIRO,BRASILEIRA,Casada,1962-11-03,RJ,FEMININO,Não,,Professor Ii,7345.1,Não,Mensalista,63.0,1048,1
ABOLIÇÃO,F,RIO DE JANEIRO,Brasileira,Casada,1961-07-06,RJ,FEMININO,Não,,Aux De Enfermagem 2º Grau,4423.44,Não,Mensalista,64.0,474,3
BRAZ DE PINA,F,RIO DE JANEIRO,Brasileira,Casada,1967-08-01,RJ,FEMININO,Não,,Professor Ii,11789.56,Não,Mensalista,58.0,1048,1
SERRAMAR,F,RIO DAS OSTRAS,Brasileira,Solteira,1960-06-14,RJ,FEMININO,Não,,Datilografo,1510.01,Não,Mensalista,65.0,690,2
IRAJA,F,RIO DE JANEIRO,BRASILEIRA,Solteira,1974-05-04,RJ,FEMININO,Não,,Merendeira,2824.39,Não,Mensalista,51.0,812,0
CAMPO GRANDE,F,RIO DE JANEIRO,BRASILEIRA,Casado,1956-05-15,RJ,MASCULINO,Não,,Copeiro(Sms),3568.81,Não,Mensalista,69.0,682,2
DEL CASTILHO,F,RIO DE JANEIRO,BRASILEIRA,Solteiro,1973-02-05,RJ,MASCULINO,Não,Risco PLD/FT Baixo,Agente De Recepção Acolhedor,2102.03,Não,Mensalista,52.0,251,0
LARANJAL,F,SÃO GONÇALO,BRASILEIRA,Solteiro,1967-03-20,RJ,MASCULINO,Não,,Ascensorista,2180.95,Não,Mensalista,58.0,390,3
QUINTINO BOCAIUVA,F,RIO DE JANEIRO,Brasileira,Solteiro,1965-12-04,RJ,MASCULINO,Não,,Ag De Vigilancia/Assistente Ii,3633.08,Não,Mensalista,60.0,65,3
CAMPO GRANDE,F,RIO DE JANEIRO,BRASILEIRA,Divorciado,1955-07-26,RJ,MASCULINO,Não,,Ag Operador De Transito,2141.52,Não,Mensalista,70.0,72,3
CAMPO GRANDE,F,RIO DE JANEIRO,BRASILEIRA,Solteiro,1980-02-29,RJ,MASCULINO,Não,Risco PLD/FT Baixo,1º Sargento Pm,17429.43,Não,Mensalista,45.0,3,1
VILA LEOPOLDINA,F,RIO DE JANEIRO,Brasileira,Solteiro,1973-07-11,RJ,MASCULINO,Não,,Ag.De Documentação Medica,2178.0,Não,Mensalista,52.0,161,3
QUISSAMA,F,PETROPOLIS,BRASILEIRA,Casado,1982-11-01,RJ,MASCULINO,Não,Risco PLD/FT Baixo,Inspetor De Policia Penal,10080.19,Não,Mensalista,43.0,794,1
BARRA DA TIJUCA,F,RIO DE JANEIRO,BRASILEIRA,Solteiro,1975-07-26,RJ,MASCULINO,Não,Risco PLD/FT Baixo,Diretor,16080.0,Não,Mensalista,50.0,705,1
ALBUQUERQUE,F,TERESOPOLIS,BRASILEIRA,Solteiro,1984-08-21,RJ,MASCULINO,Não,Risco PLD/FT Baixo,Professor Docente I - 18 Horas,3557.42,Não,Mensalista,41.0,1014,0
OSWALDO CRUZ,F,RIO DE JANEIRO,BRASILEIRA,Solteiro,1957-09-25,RJ,MASCULINO,Não,,Aux De Enfermagem,3404.39,Não,Mensalista,68.0,459,3
COELHO DA ROCHA,F,SAO JOAO DE MERITI,BRASILEIRA,Casado,1971-11-22,RJ,MASCULINO,Não,,Agente De Portaria,2488.76,Não,Mensalista,54.0,243,3
FLAMENGO,F,RIO DE JANEIRO,Brasileira,Solteiro,1968-12-27,RJ,MASCULINO,Não,,Aux. De Enfermagem,2212.55,Não,Mensalista,57.0,525,0
SÃO JORGE,F,PINHEIRAL,BRASILEIRA,Solteiro,1979-01-28,RJ,MASCULINO,Não,Risco PLD/FT Baixo,Professor Docente I - 18 Horas,4716.9,Não,Mensalista,46.0,1014,0
CATUMBI,F,RIO DE JANEIRO,Brasileira,Casado,1965-02-02,RJ,MASCULINO,Não,,Ag. De Vigilancia,3445.18,Não,Mensalista,60.0,140,3
LEOPOLDINA,F,RIO DE JANEIRO,Brasileira,Casado,1949-09-01,RJ,MASCULINO,Não,,Desenhista,5071.78,Não,Mensalista,76.0,702,2
PECHINCHA,F,RIO DE JANEIRO,BRASILEIRA,Solteiro,1961-09-23,RJ,MASCULINO,Não,Risco PLD/FT Baixo,Guarda Municipal,7373.66,Não,Mensalista,64.0,776,1
JARDIM ALVORADA,F,NOVA IGUACU,BRASILEIRA,Solteiro,1967-11-04,RJ,MASCULINO,Não,Risco PLD/FT Baixo,Subtenente Pm,13459.87,Não,Mensalista,58.0,1136,1
SANTA CRUZ,F,RIO DE JANEIRO,BRASILEIRA,OUTROS,1962-12-27,RJ,MASCULINO,Não,,Inspetor De Alunos,1864.08,Não,Mensalista,63.0,789,2
SANTA TEREZA,F,RIO DE JANEIRO,Brasileira,Solteiro,1966-06-12,RJ,MASCULINO,Não,,Assistente I,1430.64,Não,Mensalista,59.0,426,3
TIJUCA,F,RIO DE JANEIRO,BRASILEIRA,Casado,1955-06-13,RJ,MASCULINO,Não,,Agente Educador Ii,2537.89,Não,Mensalista,70.0,268,3
LEOPOLDINA,F,RIO DE JANEIRO,Brasileira,Solteiro,1962-10-15,RJ,MASCULINO,Não,,Trabalhador,2120.7,Não,Mensalista,63.0,1202,2
CHAPERÓ,F,ITAGUAI,BRASILEIRA,Divorciado,1969-09-12,RJ,MASCULINO,Não,,Professor,2171.13,Não,Mensalista,56.0,984,0
BANGU,F,RIO DE JANEIRO,Brasileira,Divorciado,1960-12-02,RJ,MASCULINO,Não,,Aposentado,1442.26,Não,Mensalista,65.0,295,3
PENHA,F,RIO DE JANEIRO,Brasileira,Viúvo,1949-06-20,RJ,MASCULINO,Não,,Art De Usina,2659.2,Não,Mensalista,76.0,334,3
CAMPO GRANDE,F,RIO DE JANEIRO,Brasileira,Solteiro,1964-08-09,RJ,MASCULINO,Não,,Trabalhador,2094.37,Não,Mensalista,61.0,1202,2
REALENGO,F,RIO DE JANEIRO,Brasileira,Casado,1962-10-28,RJ,MASCULINO,Não,,Farmaceutico/Chefe Iii,7102.71,Não,Mensalista,63.0,758,1
SANTA CRUZ,F,RIO DE JANEIRO,BRASILEIRA,Divorciado,1965-06-03,RJ,MASCULINO,Não,,Art De Jardim E Arboricultura,2272.74,Não,Mensalista,60.0,321,3
COSMOS,F,RIO DE JANEIRO,BRASILEIRA,Casado,1964-09-03,RJ,MASCULINO,Não,,Ag. De Educação Infantil,3618.51,Não,Mensalista,61.0,129,3
JACONE,F,SAQUAREMA,BRASILEIRA,Casado,1959-09-19,RJ,MASCULINO,Não,,Aposentado,12238.89,Não,Mensalista,66.0,295,1
MANGUINHOS,F,RIO DE JANEIRO,BRASILEIRA,Solteira,1951-03-07,RJ,FEMININO,Não,,Merendeira,1562.52,Não,Mensalista,74.0,812,2
CENTRO,F,RIO DE JANEIRO,Brasileira,Solteiro,1941-12-06,RJ,MASCULINO,Não,,Operador De Maq. Aux.,4497.34,Não,Mensalista,84.0,852,2
CAMPO GRANDE,F,RIO DE JANEIRO,BRASILEIRA,Divorciado,1962-02-14,RJ,MASCULINO,Não,,Motorista,2804.4,Não,Mensalista,63.0,827,2
CAMPO GRANDE,F,RIO DE JANEIRO,Brasileira,Casado,1968-03-10,RJ,MASCULINO,Não,,Agente Adm Universitário,6996.54,Não,Mensalista,57.0,173,3
AGOSTINHO PORTO,F,SAO JOAO DE MERITI,BRASILEIRA,Casado,1972-05-13,RJ,MASCULINO,Não,,Agente De Portaria,2055.56,Não,Mensalista,53.0,243,0
JARDIM PARAISO,F,JAPERI,Brasileira,Casado,1960-12-12,RJ,MASCULINO,Não,,Trabalhador/Subgerencia Iii,5833.35,Não,Mensalista,65.0,1218,2
VILA NORMA,F,NOVA IGUACU,Brasileira,Solteiro,1967-01-13,RJ,MASCULINO,Não,,Trabalhador,785.0,Não,Mensalista,58.0,1202,2
CENTRO,F,MARICA,Brasileira,Divorciado,1961-03-23,RJ,MASCULINO,Não,,Agente De Material,4317.23,Não,Mensalista,64.0,242,3
IRAJA,F,RIO DE JANEIRO,Brasileira,Casado,1954-08-21,RJ,MASCULINO,Não,,Art De Eletrecidade,2035.67,Não,Mensalista,71.0,312,3
SEPETIBA,F,RIO DE JANEIRO,Brasileira,Solteiro,1958-03-02,RJ,MASCULINO,Não,,Agente De Portaria,2681.97,Não,Mensalista,67.0,243,3
ANA CLARA,F,RIO DE JANEIRO,Brasileira,Solteiro,1967-02-15,RJ,MASCULINO,Não,,Ag. De Administração,1717.8,Não,Mensalista,58.0,109,3
GUARATIBA,F,RIO DE JANEIRO,Brasileira,Separado judicialmente,1959-04-10,RJ,MASCULINO,Não,,Trabalhador,2379.24,Não,Mensalista,66.0,1202,2
EDEN,F,SAO JOAO DE MERITI,BRASILEIRA,Casado,1965-08-27,RJ,MASCULINO,Não,,Aux De Enfermagem,3254.84,Não,Mensalista,60.0,459,3
PARQUE BEIRA MAR,F,DUQUE DE CAXIAS,Brasileira,Solteiro,1967-01-16,RJ,MASCULINO,Não,,Trabalhador,4215.45,Não,Mensalista,58.0,1202,2
SOBRADINHO,F,BRASILIA,BRASILEIRA,Solteiro,1959-06-22,DF,MASCULINO,Não,Risco PLD/FT Baixo,Professor Docente I,10450.67,Não,Mensalista,66.0,1012,1
SANTA CRUZ,F,RIO DE JANEIRO,Brasileira,Casado,1951-10-15,RJ,MASCULINO,Não,,Art. De Alvenaria E Pintura,2908.51,Não,Mensalista,74.0,340,3
CAMPO GRANDE,F,RIO DE JANEIRO,Brasileira,Casado,1965-08-10,RJ,MASCULINO,Não,,Trabalhador,5043.02,Não,Mensalista,60.0,1202,2
ALMERINDA,F,SÃO GONÇALO,Brasileira,Casado,1963-05-04,RJ,MASCULINO,Não,Risco PLD/FT Baixo,Agente De Vigilancia,3932.33,Não,,62.0,259,3
TOMAS COELHO,F,RIO DE JANEIRO,Brasileira,Solteiro,1960-04-22,RJ,MASCULINO,Não,,Aux. Op. Serv. Div.,2837.02,Não,Mensalista,65.0,568,3
OLARIA,F,RIO DE JANEIRO,BRASILEIRA,Solteiro,1959-06-22,RJ,MASCULINO,Não,,Agente Auxiliar De Administraç,6836.88,Não,Mensalista,66.0,194,3
BANGU,F,RIO DE JANEIRO,BRASILEIRA,Casado,1965-09-27,RJ,MASCULINO,Não,,Guarda Municipal,7131.15,Não,Mensalista,60.0,776,1
PONTE LEITES,F,ARARUAMA,BRASILEIRA,Solteiro,1969-10-31,RJ,MASCULINO,Não,Risco PLD/FT Baixo,Subtenente Bm,13025.68,Não,,56.0,1135,1
KUBTSCHEK,F,NILOPOLIS,BRASILEIRA,Solteiro,1966-05-13,RJ,MASCULINO,Não,,Prof I - Tec Comerciais,7244.37,Não,Mensalista,59.0,914,1
ANCHIETA,F,RIO DE JANEIRO,Brasileira,Casado,1970-04-19,RJ,MASCULINO,Não,,Agente De Administração,2560.42,Não,Mensalista,55.0,216,3
REALENGO,F,RIO DE JANEIRO,Brasileira,Viúvo,1963-03-08,RJ,MASCULINO,Não,,Trabalhador,2939.71,Não,Mensalista,62.0,1202,2
TARITUBA,F,PARATY,BRASILEIRA,Divorciado,1965-08-14,RN,MASCULINO,Não,,Prof I - Ciências,2771.09,Não,Mensalista,60.0,899,2
VERA CRUZ,F,MIGUEL PEREIRA,BRASILEIRA,Solteiro,1963-06-07,RJ,MASCULINO,Não,Risco PLD/FT Baixo,Subtenente Pm,16023.98,Não,,62.0,1136,1
GLORIA,F,RIO DE JANEIRO,Brasileira,Viúvo,1956-07-30,RJ,MASCULINO,Não,,Adjunto,5580.28,Não,Mensalista,69.0,12,3
TAQUARA,F,RIO DE JANEIRO,Brasileira,Casado,1965-10-03,RJ,MASCULINO,Não,,Trabalhador,1509.0,Não,Mensalista,60.0,1202,2
TAQUARA,F,RIO DE JANEIRO,Brasileira,Não informado,1960-10-07,RJ,MASCULINO,Não,,Aux. Operac.Serv. Div.,2281.66,Não,Mensalista,65.0,573,3
PAQUETA,F,RIO DE JANEIRO,BRASILEIRA,Solteiro,1960-07-23,RJ,MASCULINO,Não,,Agente De Educação Infantil,2903.3,Não,Mensalista,65.0,237,3
SANTA CRUZ,F,RIO DE JANEIRO,Brasileira,Casado,1966-06-27,RJ,MASCULINO,Não,,Trabalhador,2658.77,Não,Mensalista,59.0,1202,2
LEOPOLDINA,F,RIO DE JANEIRO,Brasileira,Solteiro,1964-10-21,RJ,MASCULINO,Não,,Programador Computador,4716.0,Não,Mensalista,61.0,1087,2
TURIAÇU,F,RIO DE JANEIRO,Brasileira,Solteiro,1962-01-31,RJ,MASCULINO,Não,,Prof. I,2761.5,Não,Mensalista,63.0,958,2
CAMPO GRANDE,F,RIO DE JANEIRO,Brasileira,Solteiro,1957-04-19,RJ,MASCULINO,Não,,Art. De Usina,2557.18,Não,Mensalista,68.0,371,3
ANA CLARA,F,NOVA IGUACU,Brasileira,Casado,1973-09-22,RJ,MASCULINO,Não,,Soldado,2326.36,Não,Mensalista,52.0,1127,0
SANTA TERESINHA,F,MESQUITA,Brasileira,Viúvo,1958-10-18,RJ,MASCULINO,Não,,Trabalhador,3270.72,Não,Mensalista,67.0,1202,2
JARDIM MERITI,F,SAO JOAO DE MERITI,Brasileira,Casado,1959-11-01,RJ,MASCULINO,Não,,Trabalhador,2872.39,Não,Mensalista,66.0,1202,2
OLAVO BILAC,F,DUQUE DE CAXIAS,BRASILEIRA,Solteiro,1960-06-23,RJ,MASCULINO,Não,,Ag. Aux. De Administração,4647.87,Não,Mensalista,65.0,86,3
ENGENHO DO MATO,F,NITEROI,BRASILEIRA,Solteiro,1971-12-30,RJ,MASCULINO,Não,Risco PLD/FT Baixo,1º Sargento Pm,13638.93,Não,Mensalista,54.0,3,1
PADRE MIGUEL,F,RIO DE JANEIRO,BRASILEIRA,Casado,1990-04-03,RJ,MASCULINO,Não,,Guarda Municipal,3574.42,Não,Mensalista,35.0,776,0
MADUREIRA,F,RIO DE JANEIRO,BRASILEIRA,Solteira,1969-06-12,RJ,FEMININO,Não,,Professor Ii,16409.16,Não,Mensalista,56.0,1048,1
MADUREIRA,F,RIO DE JANEIRO,Brasileira,Solteira,1969-06-12,RJ,FEMININO,Não,,Professor Ii,16409.16,Não,Mensalista,56.0,1048,1
BONSUCESSO,F,RIO DE JANEIRO,Brasileira,Divorciada,1958-06-12,RJ,FEMININO,Não,,Merendeira,2674.2,Não,Mensalista,67.0,812,2
MADUREIRA,F,RIO DE JANEIRO,Brasileira,Solteira,1964-03-21,RJ,FEMININO,Não,,Professora Ii,8595.1,Não,Mensalista,61.0,1074,1
CAMPO GRANDE,F,RIO DE JANEIRO,Brasileira,Casada,1965-01-09,RJ,FEMININO,Não,,Merendeira,2186.51,Não,Mensalista,60.0,812,2
SANTA CRUZ,F,RIO DE JANEIRO,BRASILEIRA,Casada,1957-06-19,RJ,FEMININO,Não,,Agente De Administração,4643.16,Não,Mensalista,68.0,216,3
CASCADURA,F,RIO DE JANEIRO,Brasileira,Solteira,1967-01-02,RJ,FEMININO,Não,,Ag. De Administração,3550.51,Não,Mensalista,58.0,109,3
BANGU,F,RIO DE JANEIRO,Brasileira,Casada,1969-02-15,RJ,FEMININO,Não,,Enfermeiro,7075.55,Não,Mensalista,56.0,724,1
CARAMUJO,F,RIO DE JANEIRO,Brasileira,Casado,1955-02-23,RJ,FEMININO,Não,,Arquiteto\Assistente I,6305.54,Não,Mensalista,70.0,299,3
VARGEM GRANDE,F,RIO DE JANEIRO,BRASILEIRA,Solteira,1970-10-19,RJ,FEMININO,Não,Risco PLD/FT Baixo,Professor De Ensino Fundamenta,6743.95,Não,,55.0,1001,1
BANGU,F,RIO DE JANEIRO,Brasileira,Desquitada,1962-02-04,RJ,FEMININO,Não,,Aux. De Enfermagem,2848.14,Não,Mensalista,63.0,525,3
VILA VALQUEIRE,F,RIO DE JANEIRO,BRASILEIRA,Solteira,1966-07-10,RJ,FEMININO,Não,,Professor Ii,7075.14,Não,Mensalista,59.0,1048,1
SANTISSIMO,F,RIO DE JANEIRO,BRASILEIRA,Solteira,1967-04-17,RJ,FEMININO,Não,,Prof.Educação Fisica,9553.6,Não,Mensalista,58.0,973,1
CENTRO,F,SÃO JOSE DO VALE DO RIO PRETO,BRASILEIRA,União Estável,1969-07-25,RJ,FEMININO,Não,Risco PLD/FT Baixo,Engenheiro,12549.69,Não,Mensalista,56.0,733,1
ICARAI - NITERÓI,F,NITEROI,Brasileira,Solteiro,1954-03-21,RJ,FEMININO,Não,,Procurador Geral Fed,18290.0,Não,Mensalista,71.0,872,1
LARANJEIRAS,F,RIO DE JANEIRO,BRASILEIRA,Solteira,1959-10-20,RJ,FEMININO,Não,,Professor Ii,5726.65,Não,Mensalista,66.0,1048,2
BANGU,F,RIO DE JANEIRO,BRASILEIRA,Solteira,1959-01-02,RJ,FEMININO,Não,,Auxiliar De Enfremagem-2ºgrau,4206.16,Não,Mensalista,66.0,630,3
RIO DO OURO,F,SAO GONCALO,Brasileira,Solteiro,1967-02-11,RJ,FEMININO,Não,,Adjunto De Gabinete,6140.0,Não,Mensalista,58.0,13,3
CAMPO GRANDE,F,RIO DE JANEIRO,BRASILEIRA,Divorciada,1960-10-02,RJ,FEMININO,Não,,Professor Ii,11862.26,Não,Mensalista,65.0,1048,1
CAMPO GRANDE,F,RIO DE JANEIRO,BRASILEIRA,Divorciada,1960-10-02,RJ,FEMININO,Não,,Professor Ii,11862.26,Não,Mensalista,65.0,1048,1
VILA ISABEL,F,RIO DE JANEIRO,Brasileira,Solteira,1949-01-29,RJ,FEMININO,Não,,Professor Ii,4196.75,Não,Mensalista,76.0,1048,2
TODOS OS SANTOS,F,RIO DE JANEIRO,Brasileira,Casado,1951-12-18,RJ,FEMININO,Não,,Ass. Admin.,5628.9,Não,Mensalista,74.0,398,3
INHOAIBA,F,RIO DE JANEIRO,BRASILEIRA,SOLTEIRO,1953-02-20,RJ,FEMININO,Não,,Agente Comunitario Nivel Ii,3673.06,Não,Mensalista,72.0,202,3
JACARÉ,F,RIO DE JANEIRO,Brasileira,Solteiro,1951-08-21,RJ,FEMININO,Não,,Aux. De Enfermagem,2351.36,Não,Mensalista,74.0,525,3
CAMPOS ELISEOS,F,DUQUE DE CAXIAS,BRASILEIRA,Solteiro,1970-10-29,RJ,FEMININO,Não,Risco PLD/FT Baixo,Prof I - Lingua Portuguesa,8792.88,Não,Mensalista,55.0,909,1
CAMPO GRANDE,F,RIO DE JANEIRO,Brasileira,Viúva,1945-08-17,RJ,FEMININO,Não,,Merendeira,772.18,Não,Mensalista,80.0,812,2
CAMPO GRANDE,F,RIO DE JANEIRO,Brasileira,Viúvo,1943-07-31,RJ,FEMININO,Não,,Pensionista,5247.94,Não,Mensalista,82.0,863,2
PACIENCIA,F,RIO DE JANEIRO,BRASILEIRA,Viúva,1957-01-15,RJ,FEMININO,Não,,Servente,2850.79,Não,Mensalista,68.0,1116,2
CAJÚ,F,RIO DE JANEIRO,BRASILEIRA,Divorciado,1954-05-08,RJ,FEMININO,Não,,Aux.Creche,802.34,Não,Mensalista,71.0,580,3
PAVUNA,F,RIO DE JANEIRO,BRASILEIRA,Viúva,1958-08-05,RJ,FEMININO,Não,,Professor Ii,7904.45,Não,Mensalista,67.0,1048,1
EDEN,F,SÃO JOÃO DE MERITI,BRASILEIRA,Casada,1962-03-09,RJ,FEMININO,Não,,Merendeira,1352.09,Não,Mensalista,63.0,812,2
DEL CASTILHO,F,RIO DE JANEIRO,BRASILEIRA,Casado,1953-07-23,RJ,FEMININO,Não,,Aux. De Enfermagem,2908.54,Não,Mensalista,72.0,525,3
IRAJA,F,RIO DE JANEIRO,BRASILEIRA,Desquitada,1954-06-11,RJ,FEMININO,Não,,Aposentada,3057.62,Não,Mensalista,71.0,294,3
CAMPO GRANDE,F,RIO DE JANEIRO,BRASILEIRA,Casada,1959-12-30,RJ,FEMININO,Não,,Professor Ii,5024.33,Não,Mensalista,66.0,1048,2
ENGENHO NOVO,F,RIO DE JANEIRO,Brasileira,Viúva,1954-10-30,RJ,FEMININO,Não,,Aposentada,4862.25,Não,Mensalista,71.0,294,3
SÃO CRISTOVÃO,F,RIO DE JANEIRO,Brasileira,Casada,1963-11-08,RJ,FEMININO,Não,,Merendeira,1306.84,Não,Mensalista,62.0,812,2
BANGU,F,RIO DE JANEIRO,Brasileira,Solteira,1962-05-04,RJ,FEMININO,Não,,Aposentada,1681.29,Não,Mensalista,63.0,294,3
PARQUE FLORA,F,NOVA IGUAÇU,BRASILEIRA,Casada,1984-01-03,RJ,FEMININO,Não,,Professor Ii,11443.6,Não,Mensalista,41.0,1048,1
PARQUE FLORA,F,NOVA IGUAÇU,BRASILEIRA,Casada,1984-01-03,RJ,FEMININO,Não,,Professor Ii,11443.6,Não,Mensalista,41.0,1048,1
RECREIO DOS BANDEIRANTES,F,RIO DE JANEIRO,Brasileira,Casado,1952-04-13,RJ,FEMININO,Não,,Professora Inativa,2202.0,Não,Mensalista,73.0,1075,2
SENADOR CAMARA,F,RIO DE JANEIRO,Brasileira,Casada,1956-08-19,RJ,FEMININO,Não,,Professor Ii,8901.93,Não,Mensalista,69.0,1048,1
SENADOR CAMARA,F,RIO DE JANEIRO,BRASILEIRA,Casada,1956-08-19,RJ,FEMININO,Não,,Professor Ii,3727.59,Não,Mensalista,69.0,1048,2
GRAJAU,F,RIO DE JANEIRO,Brasileira,Não informado,1963-11-21,RJ,MASCULINO,Não,,Ass. Tec. Parlamentar,5983.58,Não,Mensalista,62.0,402,3
SENADOR CAMARA,F,RIO DE JANEIRO,Brasileira,Solteira,1960-01-20,RJ,FEMININO,Não,,Servente,5207.06,Não,Mensalista,65.0,1116,2
REALENGO,F,RIO DE JANEIRO,BRASILEIRA,Casada,1957-04-10,RJ,FEMININO,Não,,Professor Ii,7180.16,Não,Mensalista,68.0,1048,2
REALENGO,F,RIO DE JANEIRO,BRASILEIRA,Casada,1957-04-10,RJ,FEMININO,Não,,Professor Ii,7180.16,Não,Mensalista,68.0,1048,2
PARQUE BOA VENTURA,F,NOVA IGUAÇU,Brasileira,Viúva,1956-11-15,RJ,FEMININO,Não,,Aposentada,2679.03,Não,Mensalista,69.0,294,3
PAVUNA,F,RIO DE JANEIRO,Brasileira,Casada,1957-05-31,RJ,FEMININO,Não,,Tecnico De Higiene Dental,4808.44,Não,Mensalista,68.0,1175,2
ANIL,F,RIO DE JANEIRO,BRASILEIRA,Casada,1960-11-14,RJ,FEMININO,Não,,Professor,11124.11,Não,Mensalista,65.0,984,1
ANIL,F,RIO DE JANEIRO,BRASILEIRA,Casada,1960-11-14,RJ,FEMININO,Não,,Professor Ii,11124.11,Não,Mensalista,65.0,1048,1
SAMPAIO,F,RIO DE JANEIRO,BRASILEIRA,Casado,1949-02-15,RJ,FEMININO,Não,,Especial/Diretor Iv,2485.73,Não,Mensalista,76.0,747,2
SAMPAIO,F,RIO DE JANEIRO,Brasileira,Casada,1949-02-15,RJ,FEMININO,Não,,Prof Ii Aposenata,5161.77,Não,Mensalista,76.0,935,2
SANTA ROSA,F,NITEROI,BRASILEIRA,Solteira,1966-12-25,RJ,FEMININO,Não,,Professor Ii,1385.02,Não,Mensalista,59.0,1048,2
COSMOS,F,RIO DE JANEIRO,Brasileira,Casado,1959-03-25,RJ,FEMININO,Não,,Merendeira,1480.86,Não,Mensalista,66.0,812,2
VIGARIO GERAL,F,RIO DE JANEIRO,Brasileira,Solteiro,1964-04-29,RJ,FEMININO,Não,,Tecnico Judiciario,3384.0,Não,Mensalista,61.0,1187,2
PITANGUEIRAS,F,RIO DE JANEIRO,BRASILEIRA,Separada judicialmente,1952-02-24,RJ,FEMININO,Não,,Professor Ii,3268.57,Não,Mensalista,73.0,1048,2
PITANGUEIRAS,F,RIO DE JANEIRO,Brasileira,Separada judicialmente,1952-02-24,RJ,FEMININO,Não,,Professor Ii,3584.54,Não,Mensalista,73.0,1048,2
JARDIM BOTANICO,F,RIO DE JANEIRO,Brasileira,Viúva,1937-04-19,RJ,FEMININO,Não,,Especialista De Educação,2601.02,Não,Mensalista,88.0,751,2
TODOS OS SANTOS,F,RIO DE JANEIRO,Brasileira,Viúva,1945-06-13,RJ,FEMININO,Não,,Agente De Portaria,1582.53,Não,Mensalista,80.0,243,3
PADRE MIGUEL,F,RIO DE JANEIRO,Brasileira,Divorciada,1961-06-10,RJ,FEMININO,Não,,Ag. Adm.,12674.29,Não,Mensalista,64.0,75,1
JARDIM PALMARES,F,NOVA IGUAÇU,BRASILEIRA,Casada,1961-07-15,RJ,FEMININO,Não,,Merendeira,2175.31,Não,Mensalista,64.0,812,2
PACIENCIA,F,RIO DE JANEIRO,Brasileira,Solteira,1963-02-28,RJ,FEMININO,Não,,Aux De Enfermagem 2º Grau,2649.94,Não,Mensalista,62.0,474,3
VICENTE DE CARVALHO,F,RIO DE JANEIRO,BRASILEIRA,Casada,1964-12-01,RJ,FEMININO,Não,,Professor,2489.2,Não,Mensalista,61.0,984,2
CENTRO,F,MANGARATIBA,BRASILEIRA,Solteira,1967-12-29,RJ,FEMININO,Não,,Ag. Comunitario Nivel Ii (Qs),3982.09,Não,Mensalista,58.0,99,3
CAMPO GRANDE,F,RIO DE JANEIRO,Brasileira,Viúvo,1941-01-15,RJ,FEMININO,Não,,Prof. Ii,1927.31,Não,Mensalista,84.0,968,2
RICARDO DE ALBUQUERQUE,F,RIO DE JANEIRO,BRASILEIRA,Casada,1957-07-11,RJ,FEMININO,Não,,Professor Ii,8885.02,Não,Mensalista,68.0,1048,1
RICARDO DE ALBUQUERQUE,F,RIO DE JANEIRO,Brasileira,Casada,1957-07-11,RJ,FEMININO,Não,,Professor Ii,4862.25,Não,Mensalista,68.0,1048,2
CAMPO GRANDE,F,RIO DE JANEIRO,Brasileira,Casado,1952-07-05,RJ,FEMININO,Não,,Servente,1605.16,Não,Mensalista,73.0,1116,2
CAMPINHO,F,RIO DE JANEIRO,Brasileira,Divorciada,1965-02-15,RJ,FEMININO,Não,,Servente,3909.44,Não,Mensalista,60.0,1116,2
IRAJA,F,RIO DE JANEIRO,BRASILEIRA,Solteira,1970-04-05,RJ,FEMININO,Não,,Telefonista,3004.56,Não,Mensalista,55.0,1197,2
LEOPOLDINA,F,RIO DE JANEIRO,Brasileira,Solteira,1955-01-16,RJ,FEMININO,Não,,Aux. De Enfermagem,3757.68,Não,Mensalista,70.0,525,3
CACHAMBI,F,RIO DE JANEIRO,Brasileira,Divorciada,1959-07-01,RJ,FEMININO,Não,,Agente De Adm.,2738.26,Não,Mensalista,66.0,211,3
ROCHA MIRANDA,F,RIO DE JANEIRO,Brasileira,Casado,1960-05-26,RJ,FEMININO,Não,,Merendeira,1395.92,Não,Mensalista,65.0,812,2
OSWALDO CRUZ,F,RIO DE JANEIRO,BRASILEIRA,Viúva,1949-01-28,RJ,FEMININO,Não,,Servente,1194.57,Não,Mensalista,76.0,1116,2
CAMPO GRANDE,F,RIO DE JANEIRO,Brasileira,Casada,1955-03-08,RJ,FEMININO,Não,,Auxiliar De Serviços De Saúde,1459.4,Não,Mensalista,70.0,640,3
IRAJA,F,RIO DE JANEIRO,Brasileira,Casado,1958-03-09,RJ,FEMININO,Não,,Professor,5938.1,Não,Mensalista,67.0,984,2
INHAUMA,F,RIO DE JANEIRO,BRASILEIRA,Divorciada,1967-06-04,RJ,FEMININO,Não,,Enfermeiro/Chefe,4945.22,Não,Mensalista,58.0,728,0
CENTRO,F,DUQUE DE CAXIAS,Brasileira,Solteiro,1964-06-04,RJ,FEMININO,Não,,Professora,8375.76,Não,Mensalista,61.0,1070,1
CAMPO GRANDE,F,RIO DE JANEIRO,BRASILEIRA,Divorciada,1958-12-15,RJ,FEMININO,Não,,Merendeira,2159.91,Não,Mensalista,67.0,812,2
COSMOS,F,RIO DE JANEIRO,Brasileira,Casado,1961-10-23,RJ,FEMININO,Não,,Merendeira,1413.66,Não,Mensalista,64.0,812,2
GALEÃO,F,RIO DE JANEIRO,BRASILEIRA,Solteira,1977-07-03,RJ,FEMININO,Não,,Agente De Educação Infantil,3081.5,Não,Mensalista,48.0,237,0
CASCADURA,F,RIO DE JANEIRO,BRASILEIRA,Divorciada,1956-02-09,RJ,FEMININO,Não,,Professor I,4192.6,Não,Mensalista,69.0,1028,2
SENADOR CAMARA,F,RIO DE JANEIRO,Brasileira,Casado,1943-10-01,RJ,FEMININO,Não,,Aux. De Enfermagem,2523.72,Não,Mensalista,82.0,525,3
CAMPO GRANDE,F,RIO DE JANEIRO,Brasileira,Solteiro,1962-11-29,RJ,FEMININO,Não,,Aux. De Enf.,2360.44,Não,Mensalista,63.0,522,3
CENTRO,F,RIO DE JANEIRO,BRASILEIRA,Solteira,1962-05-31,RJ,FEMININO,Não,,Tecnico De Higiene Dental,2157.53,Não,Mensalista,63.0,1175,2
ANDARAI,F,RIO DE JANEIRO,BRASILEIRA,Casada,1971-09-30,RJ,FEMININO,Não,,Agente De Educação Infantil,3034.44,Não,Mensalista,54.0,237,3
VARGEM GRANDE,F,RIO DE JANEIRO,Brasileira,Divorciado,1958-01-07,RJ,FEMININO,Não,,Merendeira,1825.0,Não,Mensalista,67.0,812,2
SANTA CRUZ,F,RIO DE JANEIRO,Brasileira,Casado,1949-07-19,RJ,FEMININO,Não,,Merendeira,2825.42,Não,Mensalista,76.0,812,2
JARDIM INOHAN,F,MARICA,Brasileira,Solteira,1960-11-20,RJ,FEMININO,Não,,Aux De Enfermagem,3417.68,Não,Mensalista,65.0,459,3
BANGU,F,RIO DE JANEIRO,Brasileira,Casada,1965-05-24,RJ,FEMININO,Não,,Professor Ii,6416.92,Não,Mensalista,60.0,1048,1
BANGU,F,RIO DE JANEIRO,BRASILEIRA,Casada,1965-05-24,RJ,FEMININO,Não,,Professor Ii,6416.92,Não,Mensalista,60.0,1048,1
INHAUMA,F,RIO DE JANEIRO,Brasileira,Solteiro,1936-06-03,RJ,FEMININO,Não,,Trabalhador,2024.38,Não,Mensalista,89.0,1202,2
ANCHIETA,F,RIO DE JANEIRO,Brasileira,Solteira,1953-02-19,RJ,FEMININO,Não,,Aux De Enfermagem 2º Grau,3203.93,Não,Mensalista,72.0,474,3
CENTRO,F,RIO DE JANEIRO,BRASILEIRA,Casada,1966-06-10,RJ,FEMININO,Não,,Agente Educador Ii,2341.08,Não,Mensalista,59.0,268,3
GAMBOA,F,RIO DE JANEIRO,BRASILEIRA,Casada,1970-12-04,RJ,FEMININO,Não,,Professor Ii,7727.5,Não,Mensalista,55.0,1048,1
DEL CASTILHO,F,RIO DE JANEIRO,Brasileira,União Estável,1955-10-17,RJ,FEMININO,Não,,Art De Cost E Confecção,3130.84,Não,Mensalista,70.0,309,3
MEIER,F,RIO DE JANEIRO,Brasileira,Divorciada,1956-04-03,RJ,FEMININO,Não,,Aux De Enfermagem 2º Grau,4877.24,Não,Mensalista,69.0,474,3
SEPETIBA,F,RIO DE JANEIRO,Brasileira,Solteira,1954-07-05,RJ,FEMININO,Não,,Professor Ii,8476.0,Não,Mensalista,71.0,1048,1
INHOAIBA,F,RIO DE JANEIRO,Brasileira,Divorciada,1951-05-15,RJ,FEMININO,Não,,Ag. De Portaria,1568.34,Não,Mensalista,74.0,133,3
TAQUARA,F,RIO DE JANEIRO,BRASILEIRA,Solteira,1971-12-08,RJ,FEMININO,Não,,Merendeira,2796.71,Não,Mensalista,54.0,812,0
RIO COMPRIDO,F,RIO DE JANEIRO,BRASILEIRA,Solteira,1970-08-29,RJ,FEMININO,Não,,Agente De Educação Infantil,3289.16,Não,Mensalista,55.0,237,3
SANTA TERESA,F,RIO DE JANEIRO,Brasileira,Divorciada,1952-05-18,RJ,FEMININO,Não,,Professor Ii,5061.72,Não,Mensalista,73.0,1048,2
FREGUESIA,F,RIO DE JANEIRO,BRASILEIRA,Separada judicialmente,1952-02-24,RJ,FEMININO,Não,,Especialista De Educação,3309.86,Não,Mensalista,73.0,751,2
FREGUESIA,F,RIO DE JANEIRO,BRASILEIRA,Separada judicialmente,1952-02-24,RJ,FEMININO,Não,,Professor Ii,1972.99,Não,Mensalista,73.0,1048,2
REALENGO,F,RIO DE JANEIRO,Brasileira,Solteira,1951-11-04,RJ,FEMININO,Não,,Servente,930.82,Não,Mensalista,74.0,1116,2
CAMPO GRANDE,F,RIO DE JANEIRO,BRASILEIRA,Casado,1963-01-12,RJ,FEMININO,Não,,Auxiliar De Enfermagem - 2° Gr,3770.06,Não,Mensalista,62.0,613,3
VILA SÃO LUIS,F,RIO DE JANEIRO,Brasileira,Solteira,1955-02-26,RJ,FEMININO,Não,,Enfermeira,5783.75,Não,Mensalista,70.0,720,2
CORDOVIL,F,RIO DE JANEIRO,BRASILEIRA,Viúva,1952-04-13,RJ,FEMININO,Não,,Aposentada,1302.5,Não,Mensalista,73.0,294,3
SANTA CRUZ,F,RIO DE JANEIRO,Brasileira,Separada judicialmente,1947-01-31,RJ,FEMININO,Não,,Servente,1264.95,Não,Mensalista,78.0,1116,2
GUADALUPE,F,RIO DE JANEIRO,BRASILEIRA,Viúva,1948-12-18,RJ,FEMININO,Não,,Inspetor De Alunos/Chefe Ii,2101.83,Não,Mensalista,77.0,792,2
COMENDADOR SOARES,F,NOVA IGUAÇU,BRASILEIRA,Casada,1949-12-06,RJ,FEMININO,Não,,Professor Ii,9545.38,Não,Mensalista,76.0,1048,1
ABOLIÇÃO,F,RIO DE JANEIRO,BRASILEIRA,Casado,1952-01-24,RJ,FEMININO,Não,,Professor I,5902.86,Não,Mensalista,73.0,1028,2
MARECHAL HERMES,F,RIO DE JANEIRO,Brasileira,Solteiro,1959-11-04,RJ,FEMININO,Não,,Tec. De Higiene Dental,2276.96,Não,Mensalista,66.0,1153,2
ICARAI - NITERÓI,F,RIO DE JANEIRO,Brasileira,Casado,1956-01-05,RJ,FEMININO,Não,,Fiscal De Tributos,7838.68,Não,Mensalista,69.0,763,1
CAMPO GRANDE,F,RIO DE JANEIRO,BRASILEIRA,Divorciada,1967-11-19,RJ,FEMININO,Não,,Guarda Municipal,1410.54,Não,Mensalista,58.0,776,0
JARDIM SULACAP,F,RIO DE JANEIRO,BRASILEIRA,Divorciada,1982-05-04,RJ,FEMININO,Não,Risco PLD/FT Baixo,Cabo Pm,8801.52,Não,Mensalista,43.0,658,1
SANTA CRUZ,F,RIO DE JANEIRO,BRASILEIRA,Solteira,1971-11-10,RJ,FEMININO,Não,,Agente De Educação Infantil,2873.86,Não,Mensalista,54.0,237,3
RECREIO DOS BANDEIRANTES,F,RIO DE JANEIRO,BRASILEIRA,Solteiro,1978-02-21,RJ,FEMININO,Não,Risco PLD/FT Baixo,Professor Docente I - 18 Horas,3693.89,Não,Mensalista,47.0,1014,0
SEPETIBA,F,RIO DE JANEIRO,Brasileira,Casada,1957-04-16,RJ,FEMININO,Não,,Professor Ii,2010.72,Não,Mensalista,68.0,1048,2
SANTA CRUZ,F,RIO DE JANEIRO,Brasileira,Casada,1957-03-11,RJ,FEMININO,Não,,Aposentada,5830.02,Não,Mensalista,68.0,294,3
BENFICA,F,RIO DE JANEIRO,BRASILEIRA,Casada,1946-02-14,RJ,FEMININO,Não,,Art De Cost E Confecção,2487.59,Não,Mensalista,79.0,309,3
JARDIM AMERICA,F,RIO DE JANEIRO,BRASILEIRA,SOLTEIRO,1987-03-03,RJ,MASCULINO,Não,,Aux. Creche,1067.7,Não,Mensalista,38.0,517,0
BANGU,F,RIO DE JANEIRO,Brasileira,Solteira,1951-10-28,RJ,FEMININO,Não,,Merendeira,2278.9,Não,Mensalista,74.0,812,2
FREGUESIA,F,RIO DE JANEIRO,BRASILEIRA,Casada,1964-02-21,RJ,FEMININO,Não,,Professor I,9318.58,Não,Mensalista,61.0,1028,1
FREGUESIA,F,RIO DE JANEIRO,Brasileira,Casada,1964-02-21,RJ,FEMININO,Não,,Prof I,9312.58,Não,Mensalista,61.0,895,1
SENADOR CAMARA,F,RIO DE JANEIRO,BRASILEIRA,Solteira,1961-07-24,RJ,FEMININO,Não,,Aux De Enfermagem 2º Grau,2817.22,Não,Mensalista,64.0,474,3
CAMPO GRANDE,F,RIO DE JANEIRO,Brasileira,Solteira,1969-03-06,RJ,FEMININO,Não,,Merendeira,1786.69,Não,Mensalista,56.0,812,0
HONORIO GURGEL,F,RIO DE JANEIRO,BRASILEIRA,Divorciada,1964-02-05,RJ,FEMININO,Não,,Aux De Enfermagem 2º Grau,5598.94,Não,Mensalista,61.0,474,3
PRAÇA SECA,F,RIO DE JANEIRO,BRASILEIRA,Divorciada,1959-11-09,RJ,FEMININO,Não,,Aux De Enfermagem 2º Grau,2552.47,Não,Mensalista,66.0,474,3
GAVEA,F,RIO DE JANEIRO,BRASILEIRA,Separada judicialmente,1964-05-06,RJ,FEMININO,Não,,Agente De Comunitario Nivel I,2052.83,Não,Mensalista,61.0,225,3
IRAJA,F,RIO DE JANEIRO,BRASILEIRA,Divorciada,1961-03-22,RJ,FEMININO,Não,,Auxiliar De Enfermagem,2906.5,Não,Mensalista,64.0,608,3
JARDIM CAMPOMAR,F,RIO DAS OSTRAS,BRASILEIRA,Casada,1966-08-01,RJ,FEMININO,Não,,Aux. De Enfermagem,4400.27,Não,Mensalista,59.0,525,3
OSWALDO CRUZ,F,RIO DE JANEIRO,Brasileira,Casada,1956-04-19,RJ,FEMININO,Não,,Aux De Enfermagem,2545.93,Não,Mensalista,69.0,459,3
FREGUESIA,F,RIO DE JANEIRO,BRASILEIRA,Viúva,1966-05-23,RJ,FEMININO,Não,,Agente De Educação Infantil,3683.83,Não,Mensalista,59.0,237,3
CAMORIM,F,RIO DE JANEIRO,BRASILEIRA,SOLTEIRO,1955-08-27,RJ,MASCULINO,Não,,Professor,3878.8,Não,Mensalista,70.0,984,2
LINS DE VASCONCELOS,F,RIO DE JANEIRO,Brasileira,Divorciada,1955-05-28,RJ,FEMININO,Não,,Professora,6369.22,Não,Mensalista,70.0,1070,2
TIJUCA,F,RIO DE JANEIRO,BRASILEIRA,Divorciada,1957-09-13,RJ,FEMININO,Não,,Professor Ii,5248.35,Não,Mensalista,68.0,1048,2
TIJUCA,F,RIO DE JANEIRO,BRASILEIRA,Divorciada,1957-09-13,RJ,FEMININO,Não,,Professsor Ii,16006.5,Não,Mensalista,68.0,1080,1
CACHAMBI,F,RIO DE JANEIRO,BRASILEIRA,Divorciada,1962-11-16,RJ,FEMININO,Não,,Enfermeiro,3175.25,Não,Mensalista,63.0,724,2
CAMPO GRANDE,F,RIO DE JANEIRO,BRASILEIRA,Divorciada,1967-05-09,RJ,FEMININO,Não,,Aux De Enfermagem 2º Grau,3220.25,Não,Mensalista,58.0,474,3
HONORIO GURGEL,F,RIO DE JANEIRO,BRASILEIRA,Solteira,1963-08-14,RJ,FEMININO,Não,,Aposentada,1896.94,Não,Mensalista,62.0,294,3
ROCHA MIRANDA,F,RIO DE JANEIRO,Brasileira,Solteiro,1962-06-30,RJ,FEMININO,Não,,Agente De Administração,4336.6,Não,Mensalista,63.0,216,3
ANA CLARA,F,RIO DE JANEIRO,Brasileira,Viúvo,1952-02-21,RJ,FEMININO,Não,,Aux. De Enf.,1996.12,Não,Mensalista,73.0,522,3
TAQUARA,F,RIO DE JANEIRO,BRASILEIRA,Solteira,1969-03-15,RJ,FEMININO,Não,,Professor De Educação Infantil,9006.44,Não,Mensalista,56.0,998,1
TAQUARA,F,RIO DE JANEIRO,BRASILEIRA,Casada,1964-07-11,RJ,FEMININO,Não,,Professor Ii / Assistente Ii,12739.06,Não,Mensalista,61.0,1050,1
TAQUARA,F,RIO DE JANEIRO,BRASILEIRA,Casada,1964-07-11,RJ,FEMININO,Não,,Aposentada,12739.06,Não,Mensalista,61.0,294,1
CAMPO GRANDE,F,RIO DE JANEIRO,Brasileira,Solteira,1960-02-05,RJ,FEMININO,Não,,Merendeira,2640.43,Não,Mensalista,65.0,812,2
NOVA AMERICA,F,NOVA IGUAÇU,BRASILEIRA,Separada judicialmente,1965-04-02,RJ,FEMININO,Não,,Professor Ii,9185.13,Não,Mensalista,60.0,1048,1
ANA CLARA,F,RIO DE JANEIRO,Brasileira,Casado,1951-11-25,RJ,FEMININO,Não,,Prof.Ii,1223.2,Não,Mensalista,74.0,977,2
REALENGO,F,RIO DE JANEIRO,BRASILEIRA,Solteira,1950-04-16,RJ,FEMININO,Não,,Servente,2283.89,Não,Mensalista,75.0,1116,2
CAJÚ,F,RIO DE JANEIRO,BRASILEIRA,Divorciada,1964-08-24,RJ,FEMININO,Não,,Ag. De Educação Infantil,2457.07,Não,Mensalista,61.0,129,3
PAVUNA,F,RIO DE JANEIRO,BRASILEIRA,Solteira,1961-08-02,RJ,FEMININO,Não,,Professor Ii,8610.81,Não,Mensalista,64.0,1048,1
PAVUNA,F,RIO DE JANEIRO,BRASILEIRA,Solteira,1961-08-02,RJ,FEMININO,Não,,Professor Ii,6509.43,Não,Mensalista,64.0,1048,2
PACIENCIA,F,RIO DE JANEIRO,Brasileira,Divorciada,1954-08-15,RJ,FEMININO,Não,,Servente (Sms),2474.69,Não,Mensalista,71.0,1118,2
ANA CLARA,F,RIO DE JANEIRO,Brasileira,Solteiro,1965-01-11,RJ,FEMININO,Não,,Assistente Social,3070.98,Não,Mensalista,60.0,430,3
LINS DE VASCONCELOS,F,RIO DE JANEIRO,Brasileira,Viúva,1954-12-16,RJ,FEMININO,Não,,Ag Comunitario Nivel I (Qs),2319.41,Não,Mensalista,71.0,34,3
HONORIO GURGEL,F,RIO DE JANEIRO,Brasileira,Solteiro,1958-09-04,RJ,FEMININO,Não,,Auxiliar De Enfermagem,1771.53,Não,Mensalista,67.0,608,3
PACIENCIA,F,RIO DE JANEIRO,Brasileira,Casado,1951-11-16,RJ,FEMININO,Não,,Ag Aux De Administraçao,1915.8,Não,Mensalista,74.0,25,3
FREGUESIA,F,RIO DE JANEIRO,BRASILEIRA,Casada,1954-11-13,RJ,FEMININO,Não,,Auxiliar De Enfermagem,3060.73,Não,Mensalista,71.0,608,3
COSMOS,F,RIO DE JANEIRO,Brasileira,Separada judicialmente,1947-01-22,RJ,FEMININO,Não,,Professor Ii,6761.38,Não,Mensalista,78.0,1048,2
CENTRO,F,RIO DE JANEIRO,BRASILEIRA,Desquitada,1959-05-06,RJ,FEMININO,Não,,Agente Comunitaria Nivel Ii,3889.33,Não,Mensalista,66.0,197,3
BANGU,F,RIO DE JANEIRO,BRASILEIRA,SOLTEIRO,1946-06-09,RJ,FEMININO,Não,,Professor,4632.06,Não,Mensalista,79.0,984,2
NOVA IGUACU,F,RIO DE JANEIRO,Brasileira,Solteiro,1952-04-20,RJ,FEMININO,Não,,Professora,2840.0,Não,Mensalista,73.0,1070,2
VILA KOSMOS,F,RIO DE JANEIRO,Brasileira,Solteira,1954-05-04,RJ,FEMININO,Não,,Aposentada,5232.19,Não,Mensalista,71.0,294,3
NOVA IGUACU,F,RIO DE JANEIRO,Brasileira,Casada,1952-12-07,RJ,FEMININO,Não,,Professor Ii,2922.8,Não,Mensalista,73.0,1048,2
SÃO CRISTOVÃO,F,RIO DE JANEIRO,BRASILEIRA,Solteiro,1976-09-10,RJ,FEMININO,Não,Risco PLD/FT Baixo,Tecnico Universitário Ii,6606.69,Não,Mensalista,49.0,1195,1
BENTO RIBEIRO,F,RIO DE JANEIRO,Brasileira,Casado,1957-10-10,RJ,FEMININO,Não,,Aux. De Enfermagem,2508.16,Não,Mensalista,68.0,525,3
COPACABANA,F,RIO DE JANEIRO,Brasileira,Solteiro,1955-06-18,RJ,FEMININO,Não,,Ag. Admin,2622.98,Não,Mensalista,70.0,76,3
VILA VALQUEIRE,F,RIO DE JANEIRO,BRASILEIRA,Separado judicialmente,1952-07-13,RJ,FEMININO,Não,,Professor,2102.06,Não,Mensalista,73.0,984,2
VILA VALQUEIRE,F,RIO DE JANEIRO,BRASILEIRA,Separado judicialmente,1952-07-12,RJ,FEMININO,Não,,Professor,7305.86,Não,Mensalista,73.0,984,2
VILA VALQUEIRE,F,RIO DE JANEIRO,BRASILEIRA,Separado judicialmente,1952-07-12,RJ,FEMININO,Não,,Professor,7305.86,Não,Mensalista,73.0,984,2
BANGU,F,RIO DE JANEIRO,Brasileira,Casado,1947-12-07,RJ,FEMININO,Não,,Aux.. De Enfermagem,881.51,Não,Mensalista,78.0,579,3
SANTA CRUZ,F,RIO DE JANEIRO,BRASILEIRA,Divorciada,1951-06-29,RJ,FEMININO,Não,,Professor Ii,4745.73,Não,Mensalista,74.0,1048,2
REALENGO,F,RIO DE JANEIRO,Brasileira,Separada judicialmente,1960-02-18,RJ,FEMININO,Não,,Professor Ii,3460.22,Não,Mensalista,65.0,1048,2
REALENGO,F,RIO DE JANEIRO,BRASILEIRA,Separada judicialmente,1960-02-18,RJ,FEMININO,Não,,Professor Ii,3460.22,Não,Mensalista,65.0,1048,2
GUADALUPE,F,RIO DE JANEIRO,Brasileira,Casada,1956-08-12,RJ,FEMININO,Não,,Aux. Imobilizaçao Em Ortopedia,2846.65,Não,Mensalista,69.0,567,3
BONSUCESSO,F,RIO DE JANEIRO,BRASILEIRA,Casada,1966-11-05,RJ,FEMININO,Não,,Auxiliar De Enfermagem,4054.97,Não,Mensalista,59.0,608,0
TODOS OS SANTOS,F,RIO DE JANEIRO,Brasileira,Solteira,1958-08-15,RJ,FEMININO,Não,,Servente,1387.45,Não,Mensalista,67.0,1116,2
LEOPOLDINA,F,RIO DE JANEIRO,BRASILEIRA,Casado,1948-07-21,RJ,FEMININO,Não,,Merendeira,760.61,Não,Mensalista,77.0,812,2
SENADOR CAMARA,F,RIO DE JANEIRO,BRASILEIRA,SOLTEIRO,1955-06-21,RJ,FEMININO,Não,,Copeiro,2252.94,Não,Mensalista,70.0,678,2
MARACANA,F,RIO DE JANEIRO,Brasileira,Viúva,1949-08-12,RJ,FEMININO,Não,,Professor Ii,7279.95,Não,Mensalista,76.0,1048,2
MARACANA,F,RIO DE JANEIRO,BRASILEIRA,Viúvo,1949-08-12,RJ,FEMININO,Não,,Professor Ii,7279.95,Não,Mensalista,76.0,1048,2
MADUREIRA,F,RIO DE JANEIRO,BRASILEIRA,Solteira,1948-08-15,RJ,FEMININO,Não,,Datilografo (Sms),3933.54,Não,Mensalista,77.0,692,2
GUARATIBA,F,RIO DE JANEIRO,Brasileira,Solteiro,1954-06-28,RJ,FEMININO,Não,,Professor,2931.96,Não,Mensalista,71.0,984,2
IRAJA,F,RIO DE JANEIRO,BRASILEIRA,Solteira,1965-08-15,RJ,FEMININO,Não,,Professor Ii,15684.14,Não,Mensalista,60.0,1048,1
IRAJA,F,RIO DE JANEIRO,BRASILEIRA,Solteira,1965-08-15,RJ,FEMININO,Não,,Professor Ii,15684.14,Não,Mensalista,60.0,1048,1
COELHO NETO,F,RIO DE JANEIRO,BRASILEIRA,Casada,1957-04-03,RJ,FEMININO,Não,,Servente,2658.79,Não,Mensalista,68.0,1116,2
BONSUCESSO,F,RIO DE JANEIRO,Brasileira,Casado,1949-02-13,RJ,FEMININO,Não,,Merendeira,1394.54,Não,Mensalista,76.0,812,2
PAVUNA,F,RIO DE JANEIRO,BRASILEIRA,Solteira,1968-08-15,RJ,FEMININO,Não,,Professor Ii,7828.83,Não,Mensalista,57.0,1048,1
CALIFORNIA,F,NOVA IGUAÇU,Brasileira,Casada,1955-05-02,RJ,FEMININO,Não,,Servente,1554.32,Não,Mensalista,70.0,1116,2
COSMOS,F,RIO DE JANEIRO,BRASILEIRA,União Estável,1963-08-12,RJ,FEMININO,Não,Risco PLD/FT Baixo,Merendeira,2375.05,Não,Mensalista,62.0,812,2
CARMARI,F,NOVA IGUACU,Brasileira,Solteira,1963-10-25,RJ,FEMININO,Não,,Aux De Enfermagem 2º Grau,5203.47,Não,Mensalista,62.0,474,3
PACIENCIA,F,RIO DE JANEIRO,BRASILEIRA,Divorciada,1962-08-15,RJ,FEMININO,Não,,Tec. De Enfermagem,5612.99,Não,Mensalista,63.0,1152,2
PACIENCIA,F,RIO DE JANEIRO,Brasileira,Divorciada,1962-08-15,RJ,FEMININO,Não,,Aux De Enfermagem 2º Grau,5612.99,Não,Mensalista,63.0,474,3
ENGENHO NOVO,F,RIO DE JANEIRO,BRASILEIRA,SOLTEIRO,1954-05-24,RJ,FEMININO,Não,,Merendeira,2323.46,Não,Mensalista,71.0,812,2
JARDIM BANGU,F,RIO DE JANEIRO,Brasileira,Desquitado,1952-02-02,RJ,FEMININO,Não,,Merendeira,1342.7,Não,Mensalista,73.0,812,2
SANTA CRUZ,F,RIO DE JANEIRO,Brasileira,Solteira,1954-10-09,RJ,FEMININO,Não,,Aposentada,1846.95,Não,Mensalista,71.0,294,3
SANTA CRUZ,F,RIO DE JANEIRO,BRASILEIRA,Solteira,1952-03-27,RJ,FEMININO,Não,,Animador Cultural,1526.68,Não,Mensalista,73.0,290,3
PORTUGUESA,F,RIO DE JANEIRO,Brasileira,Casada,1954-05-06,RJ,FEMININO,Não,,Esp.De Educação,5514.69,Não,Mensalista,71.0,737,2
TANQUE,F,RIO DE JANEIRO,BRASILEIRA,Casada,1948-05-02,RJ,FEMININO,Não,,Professor,5927.63,Não,Mensalista,77.0,984,2
SANTA CRUZ,F,RIO DE JANEIRO,Brasileira,Casada,1949-11-27,RJ,FEMININO,Não,,Merendeira,1182.89,Não,Mensalista,76.0,812,2
MANGUEIRA,F,RIO DE JANEIRO,BRASILEIRA,Solteira,1949-01-27,RJ,FEMININO,Não,,Merendeira,1017.0,Não,Mensalista,76.0,812,2
CACHAMBI,F,RIO DE JANEIRO,Brasileira,Casado,1938-11-10,RJ,FEMININO,Não,,Servente,2332.0,Não,Mensalista,87.0,1116,2
TIJUCA,F,RIO DE JANEIRO,Brasileira,Solteira,1958-03-08,RJ,FEMININO,Não,,Professor Ii,7840.0,Não,Mensalista,67.0,1048,1
TIJUCA,F,RIO DE JANEIRO,BRASILEIRA,Solteira,1941-10-28,RJ,FEMININO,Não,,Aposentada,6622.02,Não,Mensalista,84.0,294,3
TIJUCA,F,RIO DE JANEIRO,BRASILEIRA,Solteira,1941-10-28,RJ,FEMININO,Não,,Aposentada,6622.02,Não,Mensalista,84.0,294,3
SÃO MATEUS,F,SÃO JOÃO DE MERITI,BRASILEIRA,Casada,1990-06-12,RJ,FEMININO,Não,,Tecnico De Enfermagem,5077.81,Não,Mensalista,35.0,1172,0
BANGU,F,RIO DE JANEIRO,BRASILEIRA,Casado,1962-10-03,RJ,FEMININO,Não,,Aux. Creche,790.71,Não,Mensalista,63.0,517,3
CURICICA,F,RIO DE JANEIRO,Brasileira,Casada,1953-10-02,RJ,FEMININO,Não,,Merendeira,781.7,Não,Mensalista,72.0,812,2
PAVUNA,F,RIO DE JANEIRO,BRASILEIRA,Solteira,1943-07-02,RJ,FEMININO,Não,,Aux De Enfermagem 1º Grau,2348.81,Não,Mensalista,82.0,468,3
GAVEA,F,RIO DE JANEIRO,Brasileira,Solteiro,1959-08-20,RJ,FEMININO,Não,,Ag. Comunitario Nivel Ii,2233.42,Não,Mensalista,66.0,98,3
CAMPO GRANDE,F,RIO DE JANEIRO,Brasileira,Casado,1945-05-11,RJ,FEMININO,Não,,Servente,1851.02,Não,Mensalista,80.0,1116,2
OLARIA,F,RIO DE JANEIRO,Brasileira,Divorciada,1958-10-20,RJ,FEMININO,Não,,Professor Ii,4367.15,Não,Mensalista,67.0,1048,2
SANTISSIMO,F,RIO DE JANEIRO,Brasileira,Casada,1958-05-03,RJ,FEMININO,Não,,Copeiro,3225.56,Não,Mensalista,67.0,678,2
PACIENCIA,F,RIO DE JANEIRO,Brasileira,Solteiro,1963-07-23,RJ,FEMININO,Não,,Prof Ii,2535.38,Não,Mensalista,62.0,930,2
SANTA CRUZ,F,RIO DE JANEIRO,Brasileira,Viúvo,1950-04-02,RJ,FEMININO,Não,,Agente Auxiliar De Administraç,2054.56,Não,Mensalista,75.0,194,3
PILARES,F,RIO DE JANEIRO,BRASILEIRA,Solteira,1970-03-15,RJ,FEMININO,Não,,Merendeira,808.49,Não,Mensalista,55.0,812,0
EDEN,F,SAO JOAO DE MERITI,Brasileira,Viúvo,1946-05-03,RJ,FEMININO,Não,,Agente Comunitário Nivel I,2127.09,Não,Mensalista,79.0,207,3
PIEDADE,F,RIO DE JANEIRO,BRASILEIRA,Divorciada,1961-04-24,RJ,FEMININO,Não,,Professor Ii,2483.93,Não,Mensalista,64.0,1048,2
SENADOR CAMARA,F,RIO DE JANEIRO,Brasileira,Separada judicialmente,1943-04-20,RJ,FEMININO,Não,,Professor Ii,8260.56,Não,Mensalista,82.0,1048,2
QUEIMADOS,F,RIO DE JANEIRO,Brasileira,Casado,1957-05-16,RJ,FEMININO,Não,,Auxiliar De Enfermagem,2560.08,Não,Mensalista,68.0,608,3
PACIENCIA,F,RIO DE JANEIRO,BRASILEIRA,SOLTEIRO,1964-12-24,RJ,FEMININO,Não,,Agente Aux. De Creche,802.34,Não,Mensalista,61.0,188,3
BRAZ DE PINA,F,RIO DE JANEIRO,Brasileira,Divorciada,1949-06-05,RJ,FEMININO,Não,,Merendeira,765.3,Não,Mensalista,76.0,812,2
INHOAIBA,F,RIO DE JANEIRO,Brasileira,Casado,1949-03-23,RJ,FEMININO,Não,,Copeiro,1723.14,Não,Mensalista,76.0,678,2
LEOPOLDINA,F,RIO DE JANEIRO,Brasileira,Casado,1954-10-23,RJ,FEMININO,Não,,Prof Ii,2733.8,Não,Mensalista,71.0,930,2
BANGU,F,RIO DE JANEIRO,BRASILEIRA,Viúvo,1948-02-02,RJ,FEMININO,Não,,Agente Comunitario,2614.32,Não,Mensalista,77.0,198,3
RIBEIRA,F,RIO DE JANEIRO,Brasileira,Casada,1957-05-23,RJ,FEMININO,Não,,Professor Ii,4624.58,Não,Mensalista,68.0,1048,2
CHAPERÓ,F,ITAGUAI,Brasileira,Casada,1947-11-13,RJ,FEMININO,Não,,Telefonista,1601.49,Não,Mensalista,78.0,1197,2
BARRA DA TIJUCA,F,RIO DE JANEIRO,BRASILEIRA,Divorciada,1948-01-12,RJ,FEMININO,Não,,Professor Ii/ Assistente Ii,5859.79,Não,Mensalista,77.0,1059,2
REALENGO,F,RIO DE JANEIRO,BRASILEIRA,Divorciada,1952-06-15,RJ,FEMININO,Não,,Merendeira,1239.67,Não,Mensalista,73.0,812,2
TAQUARA,F,RIO DE JANEIRO,BRASILEIRA,Viúva,1951-11-20,RJ,FEMININO,Não,,Aposentada,1623.31,Não,Mensalista,74.0,294,3
OLARIA,F,RIO DE JANEIRO,Brasileira,Casado,1950-09-19,RJ,FEMININO,Não,,Aposentada,844.75,Não,Mensalista,75.0,294,3
INHAUMA,F,RIO DE JANEIRO,Brasileira,Solteiro,1958-09-15,RJ,FEMININO,Não,,Aux.De Enfermagem,2630.66,Não,Mensalista,67.0,581,3
GLORIA,F,RIO DE JANEIRO,BRASILEIRA,Casada,1948-02-18,RJ,FEMININO,Não,,Aux De Enfermagem 2º Grau,1890.23,Não,Mensalista,77.0,474,3
COSTA BARROS,F,RIO DE JANEIRO,Brasileira,Casado,1955-03-10,RJ,FEMININO,Não,,Agente Comunitario Nivel Ii,3175.76,Não,Mensalista,70.0,202,3
SANTISSIMO,F,RIO DE JANEIRO,BRASILEIRA,Casada,1957-11-28,RJ,FEMININO,Não,,Auxiliar De Enfermagem,3466.87,Não,Mensalista,68.0,608,3
PECHINCHA,F,RIO DE JANEIRO,BRASILEIRA,Casada,1955-04-17,RJ,FEMININO,Não,,Professor Ii,13493.52,Não,Mensalista,70.0,1048,1
PECHINCHA,F,RIO DE JANEIRO,BRASILEIRA,Casada,1955-04-17,RJ,FEMININO,Não,,Professor Ii,10825.4,Não,Mensalista,70.0,1048,1
CENTRO,F,RIO DE JANEIRO,BRASILEIRA,SOLTEIRO,1950-01-24,RJ,FEMININO,Não,,Enfermeiro/ Aposentada,4914.77,Não,Mensalista,75.0,727,2
COCOTA,F,RIO DE JANEIRO,BRASILEIRA,Divorciada,1957-09-09,RJ,FEMININO,Não,,Ag. De Documentação Medica,4399.27,Não,Mensalista,68.0,124,3
MARICA,F,MARICA,Brasileira,Divorciado,1952-08-22,RJ,FEMININO,Não,,Pensionista,6838.4,Não,Mensalista,73.0,863,2
SÃO GONÇALO,F,RIO DE JANEIRO,Brasileira,Solteiro,1980-03-02,RJ,FEMININO,Não,,Auxiliar De Enfermagem,2182.52,Não,Mensalista,45.0,608,0
TIJUCA,F,RIO DE JANEIRO,Brasileira,Solteira,1948-12-20,RJ,FEMININO,Não,,Pensionista,3264.24,Não,Mensalista,77.0,863,2
SANTA CRUZ,F,RIO DE JANEIRO,BRASILEIRA,Casada,1950-06-09,RJ,FEMININO,Não,,Merendeira,1129.22,Não,Mensalista,75.0,812,2
CAMPO GRANDE,F,RIO DE JANEIRO,Brasileira,Casada,1956-02-12,RJ,FEMININO,Não,,Professor,3800.75,Não,Mensalista,69.0,984,2
ENGENHO DE DENTRO,F,RIO DE JANEIRO,Brasileira,Viúva,1954-07-08,RJ,FEMININO,Não,,Professor Ii,4346.48,Não,Mensalista,71.0,1048,2
MEIER,F,RIO DE JANEIRO,Brasileira,Solteiro,1952-01-05,RJ,FEMININO,Não,,Agente De Administração,7673.66,Não,Mensalista,73.0,216,3
CAMPO GRANDE,F,RIO DE JANEIRO,BRASILEIRA,Viúva,1949-09-17,RJ,FEMININO,Não,,Professor Ii,4058.77,Não,Mensalista,76.0,1048,2
BANGU,F,RIO DE JANEIRO,Brasileira,Casada,1961-09-25,RJ,FEMININO,Não,,Aux De Enfermagem 2º Grau,3977.06,Não,Mensalista,64.0,474,3
CAMPO GRANDE,F,RIO DE JANEIRO,Brasileira,Solteira,1956-05-16,RJ,FEMININO,Não,,Professor Ii,15023.61,Não,Mensalista,69.0,1048,1
SEPETIBA,F,RIO DE JANEIRO,BRASILEIRA,Viúva,1956-08-05,RJ,FEMININO,Não,,Servente (Sms),2265.62,Não,Mensalista,69.0,1118,2
IRAJA,F,RIO DE JANEIRO,Brasileira,Divorciado,1967-12-24,RJ,FEMININO,Não,,Aux. De Enfermagem,2800.5,Não,Mensalista,58.0,525,0
RECREIO DOS BANDEIRANTES,F,RIO DE JANEIRO,BRASILEIRA,Solteira,1955-12-19,RJ,FEMININO,Não,,Professor Ii,9188.84,Não,Mensalista,70.0,1048,1
RECREIO DOS BANDEIRANTES,F,RIO DE JANEIRO,BRASILEIRA,Solteira,1955-12-19,RJ,FEMININO,Não,,Aposentada,9188.84,Não,Mensalista,70.0,294,3
SAUDE,F,RIO DE JANEIRO,Brasileira,Casado,1963-11-22,RJ,FEMININO,Não,,Professor,5568.5,Não,Mensalista,62.0,984,2
ENGENHO DA RAINHA,F,RIO DE JANEIRO,Brasileira,Solteiro,1956-10-14,RJ,FEMININO,Não,,Professor,8434.42,Não,Mensalista,69.0,984,1
CAMPO GRANDE,F,RIO DE JANEIRO,BRASILEIRA,Casado,1954-07-22,RJ,FEMININO,Não,,Agente De Administração,2675.34,Não,Mensalista,71.0,216,3
CURICICA,F,RIO DE JANEIRO,BRASILEIRA,SOLTEIRO,1957-01-06,RJ,FEMININO,Não,,Merendeira,876.73,Não,Mensalista,68.0,812,2
CACHAMBI,F,RIO DE JANEIRO,BRASILEIRA,Casada,1965-09-08,RJ,FEMININO,Não,,Professor Ii,3411.69,Não,Mensalista,60.0,1048,2
CACHAMBI,F,RIO DE JANEIRO,BRASILEIRA,Casada,1965-09-08,RJ,FEMININO,Não,,Professor Ii,3411.69,Não,Mensalista,60.0,1048,2
SENADOR CAMARA,F,RIO DE JANEIRO,Brasileira,Solteira,1956-03-01,RJ,FEMININO,Não,,Agente De Administração,3221.49,Não,Mensalista,69.0,216,3
BANGU,F,RIO DE JANEIRO,Brasileira,Divorciada,1959-05-01,RJ,FEMININO,Não,,Professor,5917.92,Não,Mensalista,66.0,984,2
VILA VALQUEIRE,F,RIO DE JANEIRO,Brasileira,Casado,1955-04-30,RJ,FEMININO,Não,,Merendeira,1071.2,Não,Mensalista,70.0,812,2
SANTA CRUZ,F,RIO DE JANEIRO,Brasileira,Casado,1953-03-03,RJ,FEMININO,Não,,Servente,2887.84,Não,Mensalista,72.0,1116,2
IRAJA,F,RIO DE JANEIRO,BRASILEIRA,Viúva,1953-08-17,RJ,FEMININO,Não,,Aux De Enfermagem,4029.22,Não,Mensalista,72.0,459,3
INHOAIBA,F,RIO DE JANEIRO,Brasileira,Casada,1958-07-20,RJ,FEMININO,Não,Risco PLD/FT Baixo,Merendeira,2921.2,Não,Mensalista,67.0,812,2
PACIENCIA,F,RIO DE JANEIRO,BRASILEIRA,Solteira,1958-07-06,RJ,FEMININO,Não,,Inspetor De Alunos,1661.51,Não,Mensalista,67.0,789,2
VARGEM PEQUENA,F,RIO DE JANEIRO,BRASILEIRA,Casada,1957-04-21,RJ,FEMININO,Não,,Merendeira,819.63,Não,Mensalista,68.0,812,2
PRAÇA SECA,F,RIO DE JANEIRO,Brasileira,Solteiro,1956-10-27,RJ,FEMININO,Não,,Aux. De Enfermagem,3783.32,Não,Mensalista,69.0,525,3
MANGARATIBA,F,RIO DE JANEIRO,Brasileira,Casado,1959-08-01,RJ,FEMININO,Não,,Merendeira,1426.7,Não,Mensalista,66.0,812,2
CARAMUJO,F,RIO DE JANEIRO,Brasileira,Divorciado,1947-03-09,RJ,FEMININO,Não,,Prof. Ii,2723.28,Não,Mensalista,78.0,968,2
SENADOR VASCONCELOS,F,RIO DE JANEIRO,Brasileira,Casado,1955-01-10,RJ,FEMININO,Não,,Agente Auxiliar De Administraç,2054.56,Não,Mensalista,70.0,194,3
VAZ LOBO,F,RIO DE JANEIRO,Brasileira,Solteiro,1968-02-07,RJ,FEMININO,Não,,Prof Ii,4289.0,Não,Mensalista,57.0,930,0
COSMOS,F,RIO DE JANEIRO,Brasileira,Solteiro,1957-06-17,RJ,FEMININO,Não,,Datilografo,3882.56,Não,Mensalista,68.0,690,2
ENGENHO NOVO,F,RIO DE JANEIRO,Brasileira,Solteira,1958-03-05,RJ,FEMININO,Não,,Professor Ii,6302.5,Não,Mensalista,67.0,1048,2
CAMPO GRANDE,F,RIO DE JANEIRO,BRASILEIRA,Casada,1957-01-05,RJ,FEMININO,Não,,Aposentad,11433.4,Não,Mensalista,68.0,293,1
CAMPO GRANDE,F,RIO DE JANEIRO,BRASILEIRA,Casada,1957-01-05,RJ,FEMININO,Não,,Aposentada,11433.4,Não,Mensalista,68.0,294,1
BONSUCESSO,F,RIO DE JANEIRO,Brasileira,Solteira,1958-05-17,RJ,FEMININO,Não,,Copeiro,1100.86,Não,Mensalista,67.0,678,2
COSMOS,F,RIO DE JANEIRO,Brasileira,Solteira,1948-02-10,RJ,FEMININO,Não,,Aposentada,2432.82,Não,Mensalista,77.0,294,3
BRAZ DE PINA,F,RIO DE JANEIRO,Brasileira,Casado,1954-05-29,RJ,FEMININO,Não,,Digitador,3429.8,Não,Mensalista,71.0,704,2
GUARATIBA,F,RIO DE JANEIRO,Brasileira,Solteira,1964-05-13,RJ,FEMININO,Não,,Aux. De Laboratorio,2590.48,Não,Mensalista,61.0,551,3
CATETE,F,RIO DE JANEIRO,Brasileira,Solteira,1961-10-13,RJ,FEMININO,Não,,Agente Administracao,4973.73,Não,Mensalista,64.0,176,3
CAMPO GRANDE,F,RIO DE JANEIRO,BRASILEIRA,Viúva,1956-12-11,RJ,FEMININO,Não,,Servente,2978.73,Não,Mensalista,69.0,1116,2
BRAZ DE PINA,F,RIO DE JANEIRO,Brasileira,Separado judicialmente,1963-05-08,RJ,FEMININO,Não,,Nutricionista,4814.66,Não,Mensalista,62.0,836,2
CAMPO GRANDE,F,RIO DE JANEIRO,Brasileira,Solteiro,1958-08-29,RJ,FEMININO,Não,,Servente,1504.89,Não,Mensalista,67.0,1116,2
SENADOR CAMARA,F,RIO DE JANEIRO,Brasileira,Casado,1955-05-10,RJ,FEMININO,Não,,Prof Ii,5488.58,Não,Mensalista,70.0,930,2
REALENGO,F,RIO DE JANEIRO,Brasileira,Casado,1953-06-17,RJ,FEMININO,Não,,Agente De Documentação Medica,3108.94,Não,Mensalista,72.0,227,3
JARDIM SULACAPE,F,RIO DE JANEIRO,BRASILEIRA,Viúva,1969-12-26,RJ,FEMININO,Não,,Aux. De Enfermagem 1º Grau,3577.22,Não,Mensalista,56.0,534,0
FREGUESIA,F,RIO DE JANEIRO,BRASILEIRA,Divorciada,1963-10-29,RJ,FEMININO,Não,,Professor Ii,6609.08,Não,Mensalista,62.0,1048,1
FREGUESIA,F,RIO DE JANEIRO,BRASILEIRA,Divorciada,1963-10-29,RJ,FEMININO,Não,,Professor Ii,6609.08,Não,Mensalista,62.0,1048,1
ESTÁCIO,F,RIO DE JANEIRO,Brasileira,Solteira,1953-03-11,RJ,FEMININO,Não,,Datilografo,1674.19,Não,Mensalista,72.0,690,2
TAQUARA,F,RIO DE JANEIRO,BRASILEIRA,Casada,1956-06-28,RJ,FEMININO,Não,,Servente,1913.35,Não,Mensalista,69.0,1116,2
INHOAIBA,F,RIO DE JANEIRO,BRASILEIRA,Divorciada,1951-01-09,RJ,FEMININO,Não,,Professor Ii,11940.28,Não,Mensalista,74.0,1048,1
INHOAIBA,F,RIO DE JANEIRO,BRASILEIRA,Divorciada,1951-01-09,RJ,FEMININO,Não,,Professor Ii,5114.62,Não,Mensalista,74.0,1048,2
BANGU,F,RIO DE JANEIRO,BRASILEIRA,Casada,1961-09-22,RJ,FEMININO,Não,,Aux De Enfermagem 2º Grau,4775.73,Não,Mensalista,64.0,474,3
CORDOVIL,F,RIO DE JANEIRO,BRASILEIRA,Viúva,1959-10-25,RJ,FEMININO,Não,,Merendeira,1671.93,Não,Mensalista,66.0,812,2
PARADA DE LUCAS,F,RIO DE JANEIRO,BRASILEIRA,Casado,1948-05-29,RJ,FEMININO,Não,,Agente Comunitário Nivel Ii,1959.84,Não,Mensalista,77.0,208,3
CACHAMBI,F,RIO DE JANEIRO,BRASILEIRA,Solteira,1949-01-20,RJ,FEMININO,Não,,Professora I Matemática,6009.72,Não,Mensalista,76.0,1073,2
CACHAMBI,F,RIO DE JANEIRO,BRASILEIRA,Solteira,1949-01-20,RJ,FEMININO,Não,,Professor Ii,4901.94,Não,Mensalista,76.0,1048,2
MARACANA,F,RIO DE JANEIRO,Brasileira,Divorciada,1945-06-08,RJ,FEMININO,Não,,Prof. Ii,3299.95,Não,Mensalista,80.0,968,2
CAJÚ,F,RIO DE JANEIRO,BRASILEIRA,Casada,1948-09-02,RJ,FEMININO,Não,,Aposentada,1178.2,Não,Mensalista,77.0,294,3
COSMOS,F,RIO DE JANEIRO,Brasileira,Casado,1950-09-29,RJ,FEMININO,Não,,Inspetor De Alunos,1343.4,Não,Mensalista,75.0,789,2
JACAREPAGUA,F,RIO DE JANEIRO,BRASILEIRA,Solteira,1950-10-30,RJ,FEMININO,Não,,Auxiliar De Enfermagem,2160.97,Não,Mensalista,75.0,608,3
PENHA,F,RIO DE JANEIRO,BRASILEIRA,Solteira,1959-06-01,RJ,FEMININO,Não,,Prof.I,8818.93,Não,Mensalista,66.0,974,1
PENHA,F,RIO DE JANEIRO,Brasileira,Solteira,1959-06-01,RJ,FEMININO,Não,,Professor I,8818.93,Não,Mensalista,66.0,1028,1
BANGU,F,RIO DE JANEIRO,BRASILEIRA,Divorciada,1951-11-09,RJ,FEMININO,Não,,Servente,1080.69,Não,Mensalista,74.0,1116,2
PIEDADE,F,RIO DE JANEIRO,Brasileira,Solteiro,1946-02-22,RJ,FEMININO,Não,,Inativa,2032.68,Não,Mensalista,79.0,783,2
BENTO RIBEIRO,F,RIO DE JANEIRO,Brasileira,Solteira,1950-04-03,RJ,FEMININO,Não,,Servente,2522.78,Não,Mensalista,75.0,1116,2
LEBLON,F,RIO DE JANEIRO,Brasileira,Viúvo,1935-03-30,RJ,FEMININO,Não,,Tecn Assuntos Educacional,10662.16,Não,Mensalista,90.0,1165,1
PRAÇA SECA,F,RIO DE JANEIRO,BRASILEIRA,Solteira,1955-02-01,RJ,FEMININO,Não,,Professor Ii,2071.74,Não,Mensalista,70.0,1048,2
PRAÇA SECA,F,RIO DE JANEIRO,BRASILEIRA,Solteira,1955-02-01,RJ,FEMININO,Não,,Professor Ii,3696.73,Não,Mensalista,70.0,1048,2
GUADALUPE,F,RIO DE JANEIRO,BRASILEIRA,Separado judicialmente,1959-03-05,RJ,FEMININO,Não,,Servente,1709.3,Não,Mensalista,66.0,1116,2
KM 32,F,NOVA IGUAÇU,Brasileira,Casada,1963-12-21,RJ,FEMININO,Não,,Agente Comunitario,2024.09,Não,Mensalista,62.0,198,3
EDEN,F,RIO DE JANEIRO,BRASILEIRA,SOLTEIRO,1960-02-11,RJ,FEMININO,Não,,Professor,3203.8,Não,Mensalista,65.0,984,2
CAMPO GRANDE,F,RIO DE JANEIRO,Brasileira,Divorciado,1942-03-15,RJ,FEMININO,Não,,Merendeira,677.64,Não,Mensalista,83.0,812,2
CACHAMBI,F,RIO DE JANEIRO,BRASILEIRA,Casado,1941-05-03,RJ,FEMININO,Não,,Trabalhador,891.0,Não,Mensalista,84.0,1202,2
CAMPO GRANDE,F,RIO DE JANEIRO,Brasileira,Solteiro,1940-10-03,RJ,FEMININO,Não,,Servente,2254.86,Não,Mensalista,85.0,1116,2
PIEDADE,F,RIO DE JANEIRO,Brasileira,Solteira,1948-05-15,RJ,FEMININO,Não,,Professor,2654.17,Não,Mensalista,77.0,984,2
IRAJA,F,RIO DE JANEIRO,Brasileira,Divorciado,1958-12-13,RJ,FEMININO,Não,,Enfermeira,4026.08,Não,Mensalista,67.0,720,2
CACHAMBI,F,RIO DE JANEIRO,Brasileira,Casada,1959-06-06,RJ,FEMININO,Não,,Aux. De Enfermagem,3076.59,Não,Mensalista,66.0,525,3
BANGU,F,RIO DE JANEIRO,BRASILEIRA,Separada judicialmente,1959-05-24,RJ,FEMININO,Não,,Aux De Enfermagem 2º Grau,4156.13,Não,Mensalista,66.0,474,3
RIO COMPRIDO,F,RIO DE JANEIRO,BRASILEIRA,Divorciada,1955-01-21,RJ,FEMININO,Não,,Aux De Enfermagem 1º Grau,5190.11,Não,Mensalista,70.0,468,3
INHOAIBA,F,RIO DE JANEIRO,Brasileira,Divorciada,1962-08-17,RJ,FEMININO,Não,,Aux De Enfermagem,3367.13,Não,Mensalista,63.0,459,3
CACHAMBI,F,RIO DE JANEIRO,Brasileira,Solteira,1950-10-24,RJ,FEMININO,Não,,Auxiliar De Enfermagem,4482.37,Não,Mensalista,75.0,608,3
VILA DA PENHA,F,RIO DE JANEIRO,BRASILEIRA,Divorciada,1957-06-30,RJ,FEMININO,Não,,Servente,2005.52,Não,Mensalista,68.0,1116,2
CIDADE DE DEUS,F,RIO DE JANEIRO,Brasileira,Viúvo,1945-07-04,RJ,FEMININO,Não,,Aux. De Enfermagem,3034.0,Não,Mensalista,80.0,525,3
TIJUCA,F,RIO DE JANEIRO,Brasileira,Divorciada,1948-07-18,RJ,FEMININO,Não,,Professor Ii,2032.04,Não,Mensalista,77.0,1048,2
IRAJA,F,RIO DE JANEIRO,BRASILEIRA,Viúvo,1950-07-16,RJ,FEMININO,Não,,Auxiliar De Enfermagem,1747.99,Não,Mensalista,75.0,608,3
PAVUNA,F,RIO DE JANEIRO,BRASILEIRA,Casada,1964-11-29,RJ,FEMININO,Não,,Merendeira,1961.56,Não,Mensalista,61.0,812,2
LEOPOLDINA,F,RIO DE JANEIRO,Brasileira,Solteiro,1947-09-02,RJ,MASCULINO,Não,,Aux. De Enf.,3334.92,Não,Mensalista,78.0,522,3
MEIER,F,RIO DE JANEIRO,Brasileira,Solteira,1964-09-13,RJ,FEMININO,Não,,Aux De Enfermagem 2º Grau,5424.71,Não,Mensalista,61.0,474,3
BARROS FILHOS,F,RIO DE JANEIRO,BRASILEIRA,Solteira,1964-07-03,RJ,FEMININO,Não,,Agente Comunitario Niveli {Qs},1290.41,Não,Mensalista,61.0,204,3
DEODORO,F,RIO DE JANEIRO,BRASILEIRA,SOLTEIRO,1949-02-19,RJ,FEMININO,Não,,Auxiliar De Enfermagem,8330.3,Não,Mensalista,76.0,608,3
SÃO BENTO,F,DUQUE DE CAXIAS,Brasileira,Casada,1978-10-23,RJ,FEMININO,Não,,Professora Ii,5034.04,Não,Mensalista,47.0,1074,0
FATIMA,F,RIO DE JANEIRO,Brasileira,Não informado,1939-08-20,RJ,FEMININO,Não,,Oficial Adm,3332.0,Não,Mensalista,86.0,840,2
MADUREIRA,F,RIO DE JANEIRO,Brasileira,Solteira,1947-08-02,RJ,FEMININO,Não,,Servente,1100.35,Não,Mensalista,78.0,1116,2
BANCÁRIOS/ ILHA DO G,F,RIO DE JANEIRO,Brasileira,Solteiro,1961-08-18,RJ,FEMININO,Não,,Merendeira,1271.28,Não,Mensalista,64.0,812,2
BANGU,F,RIO DE JANEIRO,Brasileira,Casado,1957-10-16,RJ,FEMININO,Não,,Ag. De Portaria,2217.52,Não,Mensalista,68.0,133,3
SANTISSIMO,F,RIO DE JANEIRO,Brasileira,Casada,1955-09-27,RJ,FEMININO,Não,,Professor Ii,9273.22,Não,Mensalista,70.0,1048,1
JARDIM GUANDU,F,NOVA IGUACU,BRASILEIRA,Divorciada,1963-10-16,RJ,FEMININO,Não,,Professor Ii,3961.72,Não,Mensalista,62.0,1048,2
JARDIM GUANDU,F,NOVA IGUAÇU,Brasileira,Divorciada,1963-10-16,RJ,FEMININO,Não,,Prof Ii,5587.15,Não,Mensalista,62.0,930,2
INHAUMA,F,RIO DE JANEIRO,BRASILEIRA,Casado,1963-11-11,RJ,FEMININO,Não,,Merendeira,1446.54,Não,Mensalista,62.0,812,2
BANGU,F,RIO DE JANEIRO,Brasileira,Solteiro,1958-05-29,RJ,FEMININO,Não,,Agente De Administracão,3371.62,Não,Mensalista,67.0,214,3
ENGENHO DE DENTRO,F,RIO DE JANEIRO,BRASILEIRA,Casada,1967-06-18,RJ,FEMININO,Não,,Professor Ii,7426.47,Não,Mensalista,58.0,1048,1
ENGENHO DE DENTRO,F,RIO DE JANEIRO,BRASILEIRA,Casada,1967-06-18,RJ,FEMININO,Não,,Aposentada,8186.6,Não,Mensalista,58.0,294,3
INHOAIBA,F,RIO DE JANEIRO,BRASILEIRA,Solteira,1959-09-17,RJ,FEMININO,Não,,Aux De Enfermagem,8412.01,Não,Mensalista,66.0,459,3
CAMPO GRANDE,F,RIO DE JANEIRO,BRASILEIRA,Solteira,1959-09-17,RJ,FEMININO,Não,,Aux De Enfermagem,5937.98,Não,Mensalista,66.0,459,3
SANTA CRUZ,F,RIO DE JANEIRO,Brasileira,Solteira,1950-12-25,RJ,FEMININO,Não,,Servente,1771.9,Não,Mensalista,75.0,1116,2
CAMPO GRANDE,F,RIO DE JANEIRO,Brasileira,Casado,1951-10-09,RJ,FEMININO,Não,,Merendeira,1513.36,Não,Mensalista,74.0,812,2
BRAZ DE PINA,F,RIO DE JANEIRO,Brasileira,Divorciado,1962-07-03,RJ,FEMININO,Não,,Professor,4994.0,Não,Mensalista,63.0,984,2
CURICICA,F,RIO DE JANEIRO,BRASILEIRA,Solteira,1957-12-25,RJ,FEMININO,Não,,Aposentada,1739.27,Não,Mensalista,68.0,294,3
GRAJAU,F,RIO DE JANEIRO,Brasileira,Solteira,1950-09-06,RJ,FEMININO,Não,,Professor Ii,4363.56,Não,Mensalista,75.0,1048,2
IRAJA,F,RIO DE JANEIRO,BRASILEIRA,Divorciada,1949-06-12,RJ,FEMININO,Não,,Aux De Enfermagem 2º Grau,3286.81,Não,Mensalista,76.0,474,3
ESTÁCIO,F,RIO DE JANEIRO,Brasileira,Casada,1961-12-27,RJ,FEMININO,Não,,Aux Enfermagem 2º Grau,5661.87,Não,Mensalista,64.0,508,3
ROCHA MIRANDA,F,RIO DE JANEIRO,BRASILEIRA,Casada,1957-05-08,RJ,FEMININO,Não,,Aposentada,3048.08,Não,Mensalista,68.0,294,3
GUARATIBA,F,RIO DE JANEIRO,BRASILEIRA,Solteira,1965-05-02,RJ,FEMININO,Não,,Auxiliar De Emfermagem,3259.35,Não,Mensalista,60.0,606,3
VILA ISABEL,F,RIO DE JANEIRO,Brasileira,Solteira,1956-02-01,RJ,FEMININO,Não,,Professor Ii,4379.83,Não,Mensalista,69.0,1048,2
TUBIACANGA,F,RIO DE JANEIRO,Brasileira,Casado,1948-09-20,RJ,FEMININO,Não,,Servente,2626.34,Não,Mensalista,77.0,1116,2
BRAZ DE PINA,F,RIO DE JANEIRO,Brasileira,Solteira,1950-04-24,RJ,FEMININO,Não,,Aux. De Enfermagem 1º Grau,2757.44,Não,Mensalista,75.0,534,3
SANTA TERESA,F,RIO DE JANEIRO,BRASILEIRA,Solteira,1973-11-26,RJ,FEMININO,Não,,Professor Ii,4373.82,Não,Mensalista,52.0,1048,0
VILA VALQUEIRE,F,RIO DE JANEIRO,BRASILEIRA,Casado,1953-05-07,RJ,FEMININO,Não,,Prof.Ii,5458.07,Não,Mensalista,72.0,977,2
VILA VALQUEIRE,F,RIO DE JANEIRO,BRASILEIRA,Casado,1953-05-07,RJ,FEMININO,Não,,Prof.Ii,5458.07,Não,Mensalista,72.0,977,2
CENTRO,F,RIO DE JANEIRO,BRASILEIRA,Casada,1959-08-31,RJ,FEMININO,Não,,Ag. De Administração,1780.55,Não,Mensalista,66.0,109,3
ENGENHO NOVO,F,RIO DE JANEIRO,Brasileira,Casada,1963-11-25,RJ,FEMININO,Não,,Agente Comunitário Ii,3584.17,Não,Mensalista,62.0,206,3
ABOLIÇÃO,F,RIO DE JANEIRO,BRASILEIRA,Divorciada,1956-06-16,RJ,FEMININO,Não,,Merendeira,1890.84,Não,Mensalista,69.0,812,2
JARDIM FONTE SAO MIGUEL,F,NOVA IGUACU,Brasileira,Solteira,1957-08-09,RJ,FEMININO,Não,,Servente,2020.01,Não,Mensalista,68.0,1116,2
JACAREPAGUA,F,RIO DE JANEIRO,Brasileira,Não informado,1950-03-28,RJ,MASCULINO,Não,,Enfermeira (Aposentado),3244.18,Não,Mensalista,75.0,721,2
ANCHIETA,F,ITABORAI,Brasileira,Solteiro,1968-09-30,RJ,FEMININO,Não,,Aux. De Enfermagem,1677.75,Não,Mensalista,57.0,525,0
RECREIO DOS BANDEIRANTES,F,RIO DE JANEIRO,Brasileira,Casada,1952-03-24,RJ,FEMININO,Não,,Professor Ii,4164.01,Não,Mensalista,73.0,1048,2
ROCHA MIRANDA,F,RIO DE JANEIRO,BRASILEIRA,Casada,1970-12-20,RJ,FEMININO,Não,Risco PLD/FT Baixo,Professor De Ensino Fundamenta,6726.35,Não,Mensalista,55.0,1001,1
L. VASCONCELLOS,F,RIO DE JANEIRO,Brasileira,Viúvo,1954-04-27,RJ,FEMININO,Não,,Operador Telex,4804.86,Não,Mensalista,71.0,857,2
BOTAFOGO,F,RIO DE JANEIRO,BRASILEIRA,Solteira,1953-07-16,RJ,FEMININO,Não,,Tecnico De Higiene Dental,2786.33,Não,Mensalista,72.0,1175,2
BANGU,F,RIO DE JANEIRO,BRASILEIRA,SOLTEIRO,1963-04-13,RJ,FEMININO,Não,,Aux De Enfermagem,1925.71,Não,Mensalista,62.0,459,3
JACAREZINHO,F,RIO DE JANEIRO,Brasileira,Divorciado,1945-09-10,RJ,FEMININO,Não,,Ag Aux De Administracao,4259.04,Não,Mensalista,80.0,24,3
PIEDADE,F,RIO DE JANEIRO,BRASILEIRA,Solteira,1967-03-17,RJ,FEMININO,Não,,Aux De Enfermagem 2º Grau,3072.89,Não,Mensalista,58.0,474,3
BENFICA,F,RIO DE JANEIRO,BRASILEIRA,Casada,1969-08-23,RJ,FEMININO,Não,,Agente De Educação Infantil,5647.34,Não,Mensalista,56.0,237,3
CAMPO GRANDE,F,RIO DE JANEIRO,Brasileira,Solteiro,1945-09-14,RJ,FEMININO,Não,,Prof Ii,1808.66,Não,Mensalista,80.0,930,2
CAMPO GRANDE,F,RIO DE JANEIRO,BRASILEIRA,Solteira,1945-09-14,RJ,FEMININO,Não,,Prof Ii/ Diretor Iv,4856.72,Não,Mensalista,80.0,938,2
BANGU,F,RIO DE JANEIRO,BRASILEIRA,Solteira,1958-09-24,RJ,FEMININO,Não,,Aposentada,4644.09,Não,Mensalista,67.0,294,3
INHAUMA,F,RIO DE JANEIRO,Brasileira,Casada,1952-08-08,RJ,FEMININO,Não,,Professor,1138.04,Não,Mensalista,73.0,984,2
TIJUCA,F,RIO DE JANEIRO,Brasileira,Casado,1949-03-15,RJ,FEMININO,Não,,Fonoaudiologa,2377.36,Não,Mensalista,76.0,765,2
VILA DA PENHA,F,RIO DE JANEIRO,BRASILEIRA,Casado,1956-03-11,RJ,FEMININO,Não,,Prof.Ii,3302.96,Não,Mensalista,69.0,977,2
PARQUE ANCHIETA,F,RIO DE JANEIRO,Brasileira,Casada,1963-06-20,RJ,FEMININO,Não,,Merendeira,1679.91,Não,Mensalista,62.0,812,2
RECREIO DOS BANDEIRANTES,F,RIO DE JANEIRO,Brasileira,Divorciada,1962-12-30,RJ,FEMININO,Não,,Professor Ii,12553.16,Não,Mensalista,63.0,1048,1
MEIER,F,RIO DE JANEIRO,BRASILEIRA,Casada,1966-01-24,RJ,FEMININO,Não,Risco PLD/FT Baixo,Enfermeira,7997.12,Não,Mensalista,59.0,720,1
ITABORAI,F,RIO DE JANEIRO,Brasileira,Viúvo,1940-03-02,RJ,FEMININO,Não,,Aposentada,3209.14,Não,Mensalista,85.0,294,3
MEIER,F,RIO DE JANEIRO,Brasileira,Divorciado,1953-03-29,RJ,FEMININO,Não,,Prof Ii,4911.02,Não,Mensalista,72.0,930,2
PRAÇA SECA,F,RIO DE JANEIRO,Brasileira,Viúvo,1944-07-11,RJ,FEMININO,Não,,Pensionista,3267.8,Não,Mensalista,81.0,863,2
PIEDADE,F,RIO DE JANEIRO,Brasileira,Solteira,1948-10-11,RJ,FEMININO,Não,,Aux De Enfermagem,2522.1,Não,Mensalista,77.0,459,3
MARECHAL HERMES,F,RIO DE JANEIRO,Brasileira,Casada,1953-08-25,RJ,FEMININO,Não,,Professor Ii,3902.6,Não,Mensalista,72.0,1048,2
MARECHAL HERMES,F,RIO DE JANEIRO,BRASILEIRA,Casada,1953-08-25,RJ,FEMININO,Não,,Professor Ii,6990.0,Não,Mensalista,72.0,1048,2
BANGU,F,RIO DE JANEIRO,Brasileira,Solteira,1961-11-07,RJ,FEMININO,Não,,Aux. Tec. De Defesa Civil,9107.33,Não,Mensalista,64.0,578,1
CIDADE DE DEUS,F,RIO DE JANEIRO,BRASILEIRA,Viúva,1936-12-09,RJ,FEMININO,Não,,Aposentada,6088.45,Não,Mensalista,89.0,294,3
CIDADE DE DEUS,F,RIO DE JANEIRO,BRASILEIRA,Viúva,1936-12-09,RJ,FEMININO,Não,,Aposentada,6088.45,Não,Mensalista,89.0,294,3
CENTRO,F,RIO DE JANEIRO,Brasileira,Solteiro,1965-05-06,RJ,FEMININO,Não,,Servente,920.22,Não,Mensalista,60.0,1116,2
COSMOS,F,RIO DE JANEIRO,BRASILEIRA,Casada,1947-06-02,RJ,FEMININO,Não,,Merendeira,1638.15,Não,Mensalista,78.0,812,2
HIGIENOPOLIS,F,RIO DE JANEIRO,BRASILEIRA,Casada,1962-08-09,RJ,FEMININO,Não,,Professor Ii,6834.35,Não,Mensalista,63.0,1048,1
HIGIENOPOLIS,F,RIO DE JANEIRO,BRASILEIRA,Casada,1962-08-09,RJ,FEMININO,Não,,Professor Ii,8879.65,Não,Mensalista,63.0,1048,1
SEPETIBA,F,RIO DE JANEIRO,Brasileira,Solteira,1948-11-16,RJ,FEMININO,Não,,Professor Ii,5625.83,Não,Mensalista,77.0,1048,2
SANTA CRUZ,F,RIO DE JANEIRO,Brasileira,Solteiro,1957-09-25,RJ,FEMININO,Não,,Merendeira,3414.88,Não,Mensalista,68.0,812,2
ENGENHO NOVO,F,RIO DE JANEIRO,Brasileira,Solteira,1963-04-21,RJ,FEMININO,Não,,Professor Ii,7928.55,Não,Mensalista,62.0,1048,1
CATETE,F,RIO DE JANEIRO,BRASILEIRA,Solteira,1959-01-27,RJ,FEMININO,Não,,Aux De Controle De Endemias,2274.99,Não,Mensalista,66.0,452,3
CARAMUJO,F,RIO DE JANEIRO,Brasileira,Solteiro,1950-05-11,RJ,MASCULINO,Não,,Prof Ii,6253.8,Não,Mensalista,75.0,930,2
ANCHIETA,F,RIO DE JANEIRO,Brasileira,União Estável,1956-12-08,RJ,FEMININO,Não,,Professor Ii,3107.23,Não,Mensalista,69.0,1048,2
CENTRO,F,RIO DE JANEIRO,Brasileira,Casada,1955-04-21,RJ,FEMININO,Não,,Inspetor De Aluno,4680.15,Não,Mensalista,70.0,787,2
GRAJAU,F,RIO DE JANEIRO,BRASILEIRA,Viúva,1950-01-21,RJ,FEMININO,Não,,Professor I - Ciencias,4747.37,Não,Mensalista,75.0,1029,2
CAMPO GRANDE,F,RIO DE JANEIRO,BRASILEIRA,Solteira,1952-02-21,RJ,FEMININO,Não,,Especialista De Educação,10986.96,Não,Mensalista,73.0,751,1
CAMPO GRANDE,F,RIO DE JANEIRO,Brasileira,Solteira,1952-02-21,RJ,FEMININO,Não,,Professor Ii,10986.96,Não,Mensalista,73.0,1048,1
ICARAI - NITERÓI,F,RIO DE JANEIRO,BRASILEIRA,SOLTEIRO,1956-08-17,RJ,FEMININO,Não,,Professor,3095.06,Não,Mensalista,69.0,984,2
ICARAI - NITERÓI,F,NITEROI,Brasileira,Solteira,1956-08-17,RJ,FEMININO,Não,,Professor Ii,4478.74,Não,Mensalista,69.0,1048,2
ROCHA,F,RIO DE JANEIRO,BRASILEIRA,Solteira,1971-04-25,RJ,FEMININO,Não,,Aux De Enfermagem 2º Grau,4776.34,Não,Mensalista,54.0,474,0
SEPETIBA,F,RIO DE JANEIRO,BRASILEIRA,Casado,1960-09-29,RJ,FEMININO,Não,,Profesoor Ii,4130.51,Não,Mensalista,65.0,982,2
OSWALDO CRUZ,F,RIO DE JANEIRO,Brasileira,Divorciada,1958-06-29,RJ,FEMININO,Não,,Datilografo,4872.35,Não,Mensalista,67.0,690,2
ROCHA MIRANDA,F,RIO DE JANEIRO,BRASILEIRA,Desquitada,1961-04-11,RJ,FEMININO,Não,,Copeiro,5763.62,Não,Mensalista,64.0,678,3
VILA ISABEL,F,RIO DE JANEIRO,BRASILEIRA,Divorciado,1954-03-20,RJ,FEMININO,Não,,Professora,4085.98,Não,Mensalista,71.0,1070,2
VILA LEOPOLDINA,F,RIO DE JANEIRO,Brasileira,Divorciado,1954-03-20,RJ,FEMININO,Não,,Professor,4085.98,Não,Mensalista,71.0,984,2
CAMPO GRANDE,F,RIO DE JANEIRO,BRASILEIRA,Solteira,1958-06-13,RJ,FEMININO,Não,,Professor Ii,12004.64,Não,Mensalista,67.0,1048,1
CAMPO GRANDE,F,RIO DE JANEIRO,BRASILEIRA,Solteira,1958-06-13,RJ,FEMININO,Não,,Professor Ii,12004.64,Não,Mensalista,67.0,1048,1
TAQUARA,F,RIO DE JANEIRO,BRASILEIRA,Divorciada,1977-10-07,RJ,FEMININO,Não,,Secretario Escolar,2789.3,Não,Mensalista,48.0,1113,0
SERRADO,F,MANGARATIBA,BRASILEIRA,Solteira,1976-12-31,RJ,FEMININO,Não,,Aux De Enfermagem,2896.58,Não,Mensalista,49.0,459,0
JACAREPAGUA,F,RIO DE JANEIRO,BRASILEIRA,Divorciada,1959-01-14,RJ,FEMININO,Não,,Assistente Social,10023.59,Não,Mensalista,66.0,430,1
MEIER,F,RIO DE JANEIRO,Brasileira,Solteiro,1950-03-24,RJ,FEMININO,Não,,Prof Ii,2873.63,Não,Mensalista,75.0,930,2
MEIER,F,RIO DE JANEIRO,BRASILEIRA,Casado,1950-03-24,RJ,FEMININO,Não,,Professor,1127.74,Não,Mensalista,75.0,984,2
GAVEA,F,RIO DE JANEIRO,BRASILEIRA,União Estável,1974-12-31,RJ,FEMININO,Não,,Ag. De Ed. Infantil,2915.71,Não,Mensalista,51.0,126,0
JARDIM AMERICA,F,RIO DE JANEIRO,Brasileira,Casado,1940-04-27,RJ,FEMININO,Não,,Servente,3796.48,Não,Mensalista,85.0,1116,2
JACAREPAGUA,F,RIO DE JANEIRO,BRASILEIRA,Divorciada,1949-07-24,RJ,FEMININO,Não,,Professor I-Educação Fisica,6237.23,Não,Mensalista,76.0,1047,2
JACAREPAGUA,F,RIO DE JANEIRO,BRASILEIRA,Divorciada,1949-07-24,RJ,FEMININO,Não,,Professor I - Educação Fisica,6237.23,Não,Mensalista,76.0,1032,2
MAGALHÃES BASTOS,F,RIO DE JANEIRO,BRASILEIRA,Casado,1946-04-01,RJ,FEMININO,Não,,Aux. De Enfermagem,2254.26,Não,Mensalista,79.0,525,3
SANTA ROSA,F,NITEROI,Brasileira,Divorciado,1952-11-25,RJ,FEMININO,Não,,Auxiliar De Enfermagem,2975.13,Não,Mensalista,73.0,608,3
REALENGO,F,RIO DE JANEIRO,BRASILEIRA,Casada,1954-05-24,RJ,FEMININO,Não,,Auxiliar De Serviços De Saúde,2260.07,Não,Mensalista,71.0,640,3
TAQUARA,F,RIO DE JANEIRO,Brasileira,Divorciada,1957-04-04,RJ,FEMININO,Não,,Merendeira,1879.68,Não,Mensalista,68.0,812,2
ENGENHO DA RAINHA,F,RIO DE JANEIRO,BRASILEIRA,Divorciada,1948-08-27,RJ,FEMININO,Não,,Copeiro,2288.86,Não,Mensalista,77.0,678,2
GUADALUPE,F,RIO DE JANEIRO,Brasileira,Casado,1956-09-15,RJ,FEMININO,Não,,Servente,3478.22,Não,Mensalista,69.0,1116,2
LEOPOLDINA,F,RIO DE JANEIRO,Brasileira,Casado,1954-05-14,RJ,FEMININO,Não,,Ag.Admin,5728.3,Não,Mensalista,71.0,154,3
SANTA CRUZ,F,RIO DE JANEIRO,BRASILEIRA,Casado,1957-03-18,RJ,FEMININO,Não,,Merendeira,1085.9,Não,Mensalista,68.0,812,2
SANTA CRUZ,F,RIO DE JANEIRO,Brasileira,Viúva,1950-10-25,RJ,FEMININO,Não,,Merendeira,2986.78,Não,Mensalista,75.0,812,2
VILA ISABEL,F,RIO DE JANEIRO,Brasileira,Solteiro,1956-12-31,RJ,FEMININO,Não,,Servente,986.66,Não,Mensalista,69.0,1116,2
PIEDADE,F,RIO DE JANEIRO,Brasileira,Solteira,1955-06-24,RJ,FEMININO,Não,,Aux Tec Defesa Civil/Assist I,8916.53,Não,Mensalista,70.0,512,1
SANTA CRUZ,F,RIO DE JANEIRO,Brasileira,Solteiro,1952-08-08,RJ,MASCULINO,Não,,Sevente,2788.34,Não,Mensalista,73.0,1126,2
TIJUCA,F,RIO DE JANEIRO,Brasileira,Casado,1945-01-24,RJ,FEMININO,Não,,Professor,10368.54,Não,Mensalista,80.0,984,1
TOMAS COELHO,F,RIO DE JANEIRO,BRASILEIRA,Solteira,1968-01-27,RJ,FEMININO,Não,,Ag Aux De Administração,3839.74,Não,Mensalista,57.0,26,3
COSMOS,F,RIO DE JANEIRO,Brasileira,Casada,1940-01-28,RJ,FEMININO,Não,,Servente,1253.18,Não,Mensalista,85.0,1116,2
VILA DA PENHA,F,RIO DE JANEIRO,Brasileira,Casado,1953-03-27,RJ,FEMININO,Não,,Professor Ii,5024.86,Não,Mensalista,72.0,1048,2
SANTISSIMO,F,RIO DE JANEIRO,BRASILEIRA,Divorciado,1956-08-12,RJ,FEMININO,Não,,Servente,1804.68,Não,Mensalista,69.0,1116,2
INHAUMA,F,RIO DE JANEIRO,Brasileira,Casado,1949-04-29,RJ,FEMININO,Não,,Aux De Enfermagem 2° Grau,3033.7,Não,Mensalista,76.0,473,3
GUARATIBA,F,RIO DE JANEIRO,BRASILEIRA,Divorciada,1959-10-28,RJ,FEMININO,Não,,Professor Ii,4480.91,Não,Mensalista,66.0,1048,2
VAZ MARTINS,F,NOVA IGUAÇU,BRASILEIRA,Divorciada,1968-05-19,RJ,FEMININO,Não,,Professor Ii,7075.14,Não,Mensalista,57.0,1048,1
VAZ LOBO,F,RIO DE JANEIRO,Brasileira,Casado,1955-03-19,RJ,FEMININO,Não,,Aux. Adminitrativo,0.0,Não,Mensalista,70.0,515,3
BOTAFOGO,F,RIO DE JANEIRO,BRASILEIRA,Viúvo,1947-10-12,RJ,MASCULINO,Não,,Aux De Enfermagem,3397.52,Não,Mensalista,78.0,459,3
SANTA CRUZ DA SERRA,F,DUQUE DE CAXIAS,Brasileira,Solteira,1957-01-20,RJ,FEMININO,Não,,Merendeira,1989.88,Não,Mensalista,68.0,812,2
SANTA EUGENIA,F,NOVA IGUAÇU,Brasileira,Desquitada,1949-03-18,RJ,FEMININO,Não,,Aposentada,2553.3,Não,Mensalista,76.0,294,3
SEPETIBA,F,RIO DE JANEIRO,Brasileira,Divorciado,1952-09-05,RJ,FEMININO,Não,,Merendeira,1192.4,Não,Mensalista,73.0,812,2
SENADOR CAMARA,F,RIO DE JANEIRO,BRASILEIRA,Solteira,1943-09-27,RJ,FEMININO,Não,,Servente,1168.15,Não,Mensalista,82.0,1116,2
MEIER,F,RIO DE JANEIRO,Brasileira,Casado,1956-09-07,RJ,FEMININO,Não,,Secretaria 3,0.0,Não,Mensalista,69.0,1108,2
OSWALDO CRUZ,F,RIO DE JANEIRO,Brasileira,Solteiro,1945-03-24,RJ,FEMININO,Não,,Prof Ii,3785.6,Não,Mensalista,80.0,930,2
BRAZ DE PINA,F,RIO DE JANEIRO,Brasileira,Viúva,1950-11-13,RJ,FEMININO,Não,,Professor Ii,5592.54,Não,Mensalista,75.0,1048,2
GUARATIBA,F,RIO DE JANEIRO,Brasileira,Solteiro,1957-06-18,RJ,FEMININO,Não,,Servente,1643.48,Não,Mensalista,68.0,1116,2
VILA DA PENHA,F,RIO DE JANEIRO,Brasileira,Casada,1960-01-25,RJ,FEMININO,Não,,Prof. Ii,7168.95,Não,Mensalista,65.0,968,1
VILA DA PENHA,F,RIO DE JANEIRO,BRASILEIRA,Casado,1960-01-25,RJ,FEMININO,Não,,Prof,7168.95,Não,Mensalista,65.0,874,1
LEOPOLDINA,F,RIO DE JANEIRO,Brasileira,Solteiro,1943-11-27,RJ,FEMININO,Não,,Auxiliar De Enfermagem 1° Grau,2418.86,Não,Mensalista,82.0,616,3
IRAJA,F,RIO DE JANEIRO,Brasileira,Casado,1950-12-09,RJ,FEMININO,Não,,Aux De Enfermagem,4149.56,Não,Mensalista,75.0,459,3
HIGIENOPOLIS,F,RIO DE JANEIRO,BRASILEIRA,Viúva,1951-06-06,RJ,FEMININO,Não,,Especialista De Educação,6525.36,Não,Mensalista,74.0,751,2
HIGIENOPOLIS,F,RIO DE JANEIRO,BRASILEIRA,Viúva,1951-06-06,RJ,FEMININO,Não,,Professor,14166.37,Não,Mensalista,74.0,984,1
CACHAMBI,F,RIO DE JANEIRO,BRASILEIRA,Casado,1946-05-31,RJ,FEMININO,Não,,Aposentada,3566.04,Não,Mensalista,79.0,294,3
CACHAMBI,F,RIO DE JANEIRO,Brasileira,Viúva,1946-05-31,RJ,FEMININO,Não,,Professor Ii,3771.22,Não,Mensalista,79.0,1048,2
XERÉM,F,RIO DE JANEIRO,Brasileira,Solteiro,1967-07-06,RJ,FEMININO,Não,,Aux. De Enfermagem,2660.26,Não,Mensalista,58.0,525,0
IRAJA,F,RIO DE JANEIRO,BRASILEIRA,Solteira,1959-11-19,RJ,FEMININO,Não,,Servente,1069.25,Não,Mensalista,66.0,1116,2
VILA LEOPOLDINA,F,RIO DE JANEIRO,Brasileira,Divorciado,1954-07-22,RJ,FEMININO,Não,,Merendeira,1022.2,Não,Mensalista,71.0,812,2
CARAMUJO,F,RIO DE JANEIRO,Brasileira,Casada,1943-07-14,RJ,FEMININO,Não,,Professor Ii,2834.49,Não,Mensalista,82.0,1048,2
LEOPOLDINA,F,RIO DE JANEIRO,Brasileira,Solteiro,1952-06-27,RJ,FEMININO,Não,,Aux.Op.Serv. Diversos,4282.64,Não,Mensalista,73.0,588,3
SENADOR CAMARA,F,RIO DE JANEIRO,BRASILEIRA,Casada,1948-06-21,RJ,FEMININO,Não,,Servente,1113.89,Não,Mensalista,77.0,1116,2
TOMAS COELHO,F,RIO DE JANEIRO,BRASILEIRA,Casada,1963-08-02,RJ,FEMININO,Não,,Aux De Enfermagem 2º Grau,4417.98,Não,Mensalista,62.0,474,3
TANQUE,F,RIO DE JANEIRO,Brasileira,Casado,1946-10-30,RJ,MASCULINO,Não,,Aux. De Enf.,2092.66,Não,Mensalista,79.0,522,3
JARDIM BOTANICO,F,RIO DE JANEIRO,BRASILEIRA,Solteira,1947-04-06,RJ,FEMININO,Não,,Copeira,1790.45,Não,Mensalista,78.0,677,2
SENADOR CAMARA,F,RIO DE JANEIRO,Brasileira,Casado,1952-01-01,RJ,FEMININO,Não,,Servente,1025.42,Não,Mensalista,73.0,1116,2
PAVUNA,F,RIO DE JANEIRO,Brasileira,Solteiro,1950-04-17,RJ,FEMININO,Não,,Agente Administrativa,4089.08,Não,Mensalista,75.0,177,3
SÃO CRISTOVÃO,F,RIO DE JANEIRO,Brasileira,Solteira,1959-05-22,RJ,FEMININO,Não,,Servente,2430.3,Não,Mensalista,66.0,1116,2
SANTA CRUZ,F,RIO DE JANEIRO,BRASILEIRA,Viúvo,1947-05-23,RJ,FEMININO,Não,,Aux. De Enfermagem 2º Grau,3370.19,Não,Mensalista,78.0,539,3
BANGU,F,RIO DE JANEIRO,Brasileira,União Estável,1955-10-23,RJ,FEMININO,Não,,Merendeira,974.29,Não,Mensalista,70.0,812,2
MARACANA,F,RIO DE JANEIRO,Brasileira,Solteira,1954-07-30,RJ,FEMININO,Não,,Telefonista,2115.21,Não,Mensalista,71.0,1197,2
JARDIM CATARINA,F,RIO DE JANEIRO,BRASILEIRA,SOLTEIRO,1966-06-12,RJ,FEMININO,Não,,Agente De Administração,3138.46,Não,Mensalista,59.0,216,3
ENCANTADO,F,RIO DE JANEIRO,Brasileira,Divorciado,1945-06-25,RJ,FEMININO,Não,,Aux De Enfermagem,2553.16,Não,Mensalista,80.0,459,3
MAGALHÃES BASTOS,F,RIO DE JANEIRO,Brasileira,Solteira,1953-08-03,RJ,FEMININO,Não,,Servente,872.76,Não,Mensalista,72.0,1116,2
CARAMUJO,F,RIO DE JANEIRO,Brasileira,Solteiro,1967-10-02,RJ,FEMININO,Não,,Agente Educador Ii,1275.4,Não,Mensalista,58.0,268,3
VILA VALQUEIRE,F,RIO DE JANEIRO,Brasileira,Viúva,1950-02-06,RJ,FEMININO,Não,,Professor Ii,5091.33,Não,Mensalista,75.0,1048,2
ENGENHO NOVO,F,RIO DE JANEIRO,Brasileira,Solteiro,1951-05-27,RJ,FEMININO,Não,,Profi,5124.52,Não,Mensalista,74.0,1081,2
SANTA CRUZ,F,RIO DE JANEIRO,BRASILEIRA,Solteira,1980-04-14,RJ,FEMININO,Não,,Merendeira,1269.2,Não,Mensalista,45.0,812,0
CAMPO GRANDE,F,RIO DE JANEIRO,BRASILEIRA,Solteiro,1975-05-23,RJ,FEMININO,Não,Risco PLD/FT Baixo,Agente De Educação Infantil,4618.91,Não,,50.0,237,0
CAMPO GRANDE,F,RIO DE JANEIRO,Brasileira,Casada,1953-09-15,RJ,FEMININO,Não,,Aux De Enfermagem 2º Grau,3197.18,Não,Mensalista,72.0,474,3
CAJÚ,F,RIO DE JANEIRO,Brasileira,Casada,1960-04-22,RJ,FEMININO,Não,,Merendeira,813.6,Não,Mensalista,65.0,812,2
CAMPO GRANDE,F,RIO DE JANEIRO,Brasileira,Viúvo,1959-10-20,RJ,FEMININO,Não,,Prof Ii,8733.18,Não,Mensalista,66.0,930,1
VILA ISABEL,F,RIO DE JANEIRO,BRASILEIRA,Casada,1974-07-01,RJ,FEMININO,Não,,Ag. De Educaçao Infantil,3231.52,Não,Mensalista,51.0,127,0
LEOPOLDINA,F,RIO DE JANEIRO,Brasileira,Casada,1947-03-03,RJ,FEMININO,Não,,Auxi. De Enf.,2853.14,Não,Mensalista,78.0,596,3
PADRE MIGUEL,F,RIO DE JANEIRO,Brasileira,Casada,1961-02-18,RJ,FEMININO,Não,,Trabalhador(Sms),1263.1,Não,Mensalista,64.0,1210,2
CAMPO GRANDE,F,RIO DE JANEIRO,Brasileira,Divorciada,1954-01-16,RJ,FEMININO,Não,,Professor Ii,6302.5,Não,Mensalista,71.0,1048,2
SEPETIBA,F,RIO DE JANEIRO,Brasileira,Divorciada,1959-01-08,RJ,FEMININO,Não,,Professor Ii,5779.8,Não,Mensalista,66.0,1048,2
LEOPOLDINA,F,RIO DE JANEIRO,Brasileira,Casado,1957-09-05,RJ,FEMININO,Não,,Medico Clinica Médica,4553.08,Não,Mensalista,68.0,805,2
MEIER,F,RIO DE JANEIRO,Brasileira,Viúvo,1940-11-21,RJ,FEMININO,Não,,Professora,13830.56,Não,Mensalista,85.0,1070,1
CAMPO GRANDE,F,RIO DE JANEIRO,Brasileira,Separada judicialmente,1956-12-13,RJ,FEMININO,Não,,Professor Ii,7301.2,Não,Mensalista,69.0,1048,2
CAMPO GRANDE,F,RIO DE JANEIRO,Brasileira,Divorciada,1963-08-09,RJ,FEMININO,Não,,Professor Ii/Diretor Iv,7939.34,Não,Mensalista,62.0,1065,1
ANIL,F,RIO DE JANEIRO,BRASILEIRA,Casada,1946-08-14,RJ,FEMININO,Não,,Professor Ii,4733.41,Não,Mensalista,79.0,1048,2
ANIL,F,RIO DE JANEIRO,BRASILEIRA,Casada,1946-08-14,RJ,FEMININO,Não,,Professor Ii,4733.41,Não,Mensalista,79.0,1048,2
PEDRA DE GUARATIBA,F,RIO DE JANEIRO,Brasileira,Separada judicialmente,1958-07-22,RJ,FEMININO,Não,,Servente,2108.74,Não,Mensalista,67.0,1116,2
PILARES,F,RIO DE JANEIRO,BRASILEIRA,Casada,1956-04-05,RJ,FEMININO,Não,,Ag Educação Infantil,1602.93,Não,Mensalista,69.0,70,3
GAVEA,F,RIO DE JANEIRO,BRASILEIRA,Casada,1972-12-23,RJ,FEMININO,Não,,Aux. Creche,3501.36,Não,Mensalista,53.0,517,0
REALENGO,F,RIO DE JANEIRO,Brasileira,Casada,1966-04-11,RJ,FEMININO,Não,,Aux De Enfermagem 2º Grau,3276.82,Não,Mensalista,59.0,474,3
CIDADE DE DEUS,F,RIO DE JANEIRO,BRASILEIRA,Casado,1959-07-19,RJ,FEMININO,Não,,Ag. De Saúde Publica,2367.15,Não,Mensalista,66.0,136,3
SENADOR CAMARA,F,RIO DE JANEIRO,Brasileira,Viúvo,1941-11-20,RJ,FEMININO,Não,,Aux.De Serviço De Saude,1050.5,Não,Mensalista,84.0,587,3
CAMPO GRANDE,F,RIO DE JANEIRO,Brasileira,Casado,1947-09-25,RJ,FEMININO,Não,,Aux De Serv De Saude,1865.82,Não,Mensalista,78.0,492,3
OLARIA,F,RIO DE JANEIRO,BRASILEIRA,Solteira,1963-10-08,RJ,FEMININO,Não,,Professor Ii,4215.2,Não,Mensalista,62.0,1048,2
ROCHA MIRANDA,F,RIO DE JANEIRO,Brasileira,Viúvo,1952-12-15,RJ,FEMININO,Não,,Servente,2223.46,Não,Mensalista,73.0,1116,2
SERRA GRANDE,F,NITEROI,Brasileira,Solteira,1957-06-01,RJ,FEMININO,Não,,Aposentada,9411.0,Não,Mensalista,68.0,294,3
PENHA,F,RIO DE JANEIRO,Brasileira,Solteiro,1949-05-01,RJ,FEMININO,Não,,Enfermeira,5693.24,Não,Mensalista,76.0,720,2
SANTA CRUZ,F,RIO DE JANEIRO,Brasileira,Solteira,1954-09-23,RJ,FEMININO,Não,,Auxiliar De Enfermagem 2° Grau,4085.04,Não,Mensalista,71.0,619,3
BANGU,F,RIO DE JANEIRO,Brasileira,Solteiro,1955-10-11,RJ,FEMININO,Não,,Professor,7307.82,Não,Mensalista,70.0,984,2
EDSON PASSOS,F,MESQUITA,Brasileira,Divorciada,1959-06-09,RJ,FEMININO,Não,,Aposentada,3716.66,Não,Mensalista,66.0,294,3
INHOAIBA,F,RIO DE JANEIRO,Brasileira,Casado,1951-01-27,RJ,FEMININO,Não,,Inspetor De Alunos,1137.1,Não,Mensalista,74.0,789,2
SEPETIBA,F,RIO DE JANEIRO,Brasileira,Casado,1965-10-15,RJ,FEMININO,Não,,Agente Auxiliar De Administrac,2071.98,Não,Mensalista,60.0,193,3
IMBARIE,F,DUQUE DE CAXIAS,Brasileira,Solteiro,1965-12-06,RJ,FEMININO,Não,,Agente De Administração,18134.92,Não,Mensalista,60.0,216,1
BANGU,F,RIO DE JANEIRO,BRASILEIRA,Solteira,1965-01-10,RJ,FEMININO,Não,,Aposentada,4339.47,Não,Mensalista,60.0,294,3
BACAXA,F,SAQUAREMA,Brasileira,Divorciada,1956-10-07,RJ,FEMININO,Não,,Professor Ii,2952.83,Não,Mensalista,69.0,1048,2
LEOPOLDINA,F,RIO DE JANEIRO,Brasileira,Desquitado,1942-07-29,RJ,FEMININO,Não,,Copeiro,1164.98,Não,Mensalista,83.0,678,2
BENTO RIBEIRO,F,RIO DE JANEIRO,Brasileira,Casado,1954-10-21,RJ,FEMININO,Não,,Assistente Tecnica,2305.74,Não,Mensalista,71.0,434,3
TAQUARA,F,RIO DE JANEIRO,BRASILEIRA,Divorciada,1957-05-28,RJ,FEMININO,Não,,Aux De Enfermagem,3262.39,Não,Mensalista,68.0,459,3
REALENGO,F,RIO DE JANEIRO,Brasileira,Solteira,1964-04-16,RJ,FEMININO,Não,,Aux De Enfermagem 2º Grau,3250.95,Não,Mensalista,61.0,474,3
IRAJA,F,RIO DE JANEIRO,Brasileira,Casado,1957-11-03,RJ,FEMININO,Não,,Agente De Transporte,3033.31,Não,Mensalista,68.0,257,3
PACIENCIA,F,RIO DE JANEIRO,Brasileira,Casada,1962-08-12,RJ,FEMININO,Não,,Copeiro,2161.06,Não,Mensalista,63.0,678,2
VILA VALQUEIRE,F,RIO DE JANEIRO,BRASILEIRA,Casado,1963-09-09,RJ,FEMININO,Não,,Merendeira,726.58,Não,Mensalista,62.0,812,2
TODOS OS SANTOS,F,RIO DE JANEIRO,BRASILEIRA,Casada,1971-04-03,RJ,FEMININO,Não,,Aux De Enfermagem,2986.39,Não,Mensalista,54.0,459,0
SEPETIBA,F,RIO DE JANEIRO,Brasileira,Solteira,1955-05-21,RJ,FEMININO,Não,,Merendeira,1284.0,Não,Mensalista,70.0,812,2
PIABETA,F,MAGE,Brasileira,Divorciada,1959-07-01,RJ,FEMININO,Não,,Servente,4833.62,Não,Mensalista,66.0,1116,2
BOTAFOGO,F,RIO DE JANEIRO,BRASILEIRA,Viúva,1948-07-23,RJ,FEMININO,Não,,Prof I- Historia,3470.94,Não,Mensalista,77.0,927,2
BOTAFOGO,F,RIO DE JANEIRO,Brasileira,Viúva,1948-07-23,RJ,FEMININO,Não,,Prof I- Historia / Diretor Iv,8789.97,Não,Mensalista,77.0,928,1
CAMPINHO,F,RIO DE JANEIRO,BRASILEIRA,Solteira,1967-01-06,RJ,FEMININO,Não,,Professor Ii,2949.22,Não,Mensalista,58.0,1048,2
CAMPINHO,F,RIO DE JANEIRO,Brasileira,Solteira,1967-01-06,RJ,FEMININO,Não,,Professor Ii,2949.22,Não,Mensalista,58.0,1048,2
TAUA,F,RIO DE JANEIRO,Brasileira,Casado,1959-06-08,RJ,FEMININO,Não,,Ag. Comunitario,1745.19,Não,Mensalista,66.0,95,3
ROCHA MIRANDA,F,RIO DE JANEIRO,Brasileira,Separada judicialmente,1963-11-27,RJ,FEMININO,Não,,Aposentada,5314.42,Não,Mensalista,62.0,294,3
TIJUCA,F,RIO DE JANEIRO,Brasileira,Solteiro,1949-06-27,RJ,FEMININO,Não,,Prof Ii,3310.12,Não,Mensalista,76.0,930,2
CENTRO,F,RIO DE JANEIRO,BRASILEIRA,Casada,1951-03-24,RJ,FEMININO,Não,,Professor Ii,5881.8,Não,Mensalista,74.0,1048,2
CENTRO,F,RIO DE JANEIRO,Brasileira,Casada,1951-03-24,RJ,FEMININO,Não,,Aposentada,4626.32,Não,Mensalista,74.0,294,3
RECREIO DOS BANDEIRANTES,F,RIO DE JANEIRO,Brasileira,Separado judicialmente,1957-11-07,RJ,FEMININO,Não,,Professor Ii,6408.04,Não,Mensalista,68.0,1048,2
CAMPO GRANDE,F,RIO DE JANEIRO,Brasileira,Casado,1948-02-16,RJ,FEMININO,Não,,Aux. De Enfermagem,3570.22,Não,Mensalista,77.0,525,3
PACIENCIA,F,RIO DE JANEIRO,Brasileira,Solteira,1967-10-30,RJ,FEMININO,Não,,Servente,2059.92,Não,Mensalista,58.0,1116,2
PENHA,F,RIO DE JANEIRO,BRASILEIRA,Solteira,1952-10-26,RJ,FEMININO,Não,,Especialista De Educação,6534.34,Não,Mensalista,73.0,751,2
BOTAFOGO,F,RIO DE JANEIRO,Brasileira,Solteiro,1939-09-10,RJ,FEMININO,Não,,Asst Tec,6586.0,Não,Mensalista,86.0,442,3
IGUABINHA,F,ARARUAMA,BRASILEIRA,Divorciada,1962-03-17,RJ,FEMININO,Não,,Ag De Administração,3560.75,Não,Mensalista,63.0,40,3
VILA KOSMOS,F,RIO DE JANEIRO,Brasileira,Solteira,1956-11-13,RJ,FEMININO,Não,,Servente,1797.24,Não,Mensalista,69.0,1116,2
SANTA CRUZ,F,RIO DE JANEIRO,Brasileira,Casado,1947-06-27,RJ,FEMININO,Não,,Servente,1308.0,Não,Mensalista,78.0,1116,2
CAMPO GRANDE,F,RIO DE JANEIRO,Brasileira,Casado,1958-04-29,RJ,FEMININO,Não,,Prof Ii,8609.94,Não,Mensalista,67.0,930,1
SANTA CRUZ,F,RIO DE JANEIRO,Brasileira,Solteiro,1957-08-03,RJ,FEMININO,Não,,Agente Auxiliar De Administrac,1343.4,Não,Mensalista,68.0,193,3
CAMPO GRANDE,F,RIO DE JANEIRO,Brasileira,Solteiro,1950-01-10,RJ,FEMININO,Não,,Professora,2527.7,Não,Mensalista,75.0,1070,2
TAQUARA,F,RIO DE JANEIRO,Brasileira,Solteira,1948-09-16,RJ,FEMININO,Não,,Professor Primário,4051.47,Não,Mensalista,77.0,1066,2
ANA CLARA,F,RIO DE JANEIRO,Brasileira,Casado,1956-02-20,RJ,FEMININO,Não,,Administrador,9879.08,Não,Mensalista,69.0,15,3
GRAJAU,F,RIO DE JANEIRO,BRASILEIRA,Divorciada,1965-07-04,RJ,FEMININO,Não,,Professor Ii,4359.38,Não,Mensalista,60.0,1048,2
LARANJEIRAS,F,RIO DE JANEIRO,Brasileira,Divorciado,1962-09-05,RJ,FEMININO,Não,,Prof Ii,3422.82,Não,Mensalista,63.0,930,2
RIACHUELO,F,RIO DE JANEIRO,BRASILEIRA,Divorciada,1963-12-02,RJ,FEMININO,Não,,Professor Ii,2585.98,Não,Mensalista,62.0,1048,2
CACUIA,F,RIO DE JANEIRO,BRASILEIRA,Casada,1962-11-23,RJ,FEMININO,Não,,Merendeira,2208.2,Não,Mensalista,63.0,812,2
BANGU,F,RIO DE JANEIRO,BRASILEIRA,Solteira,1961-12-24,RJ,FEMININO,Não,,Auxi De Enfermagem,4085.84,Não,Mensalista,64.0,593,3
BANGU,F,RIO DE JANEIRO,Brasileira,Casada,1959-03-28,RJ,FEMININO,Não,,Auxiliar De Enfermagem,3590.26,Não,Mensalista,66.0,608,3
CASCADURA,F,RIO DE JANEIRO,Brasileira,Divorciada,1956-11-30,RJ,FEMININO,Não,,Prof Ii,10117.47,Não,Mensalista,69.0,930,1
MADUREIRA,F,RIO DE JANEIRO,BRASILEIRA,Divorciada,1956-11-30,RJ,FEMININO,Não,,Professor Ii,4203.61,Não,Mensalista,69.0,1048,2
CACHAMBI,F,RIO DE JANEIRO,Brasileira,Viúva,1945-06-17,RJ,FEMININO,Não,,Professor,10801.7,Não,Mensalista,80.0,984,1
CAMPO GRANDE,F,RIO DE JANEIRO,Brasileira,Solteira,1950-11-09,RJ,FEMININO,Não,,Merendeira,1200.85,Não,Mensalista,75.0,812,2
RECANTO ITAIPUAÇU,F,MARICA,BRASILEIRA,Solteira,1977-10-15,RJ,FEMININO,Não,,Professor Ii,1779.36,Não,Mensalista,48.0,1048,0
JARDIM SULACAP,F,RIO DE JANEIRO,BRASILEIRA,Casada,1981-11-16,RJ,FEMININO,Não,,Prof I - Ciencias,5526.35,Não,Mensalista,44.0,897,0
BOTAFOGO,F,RIO DE JANEIRO,BRASILEIRA,Solteira,1982-12-25,RJ,FEMININO,Não,,Professor Ii,6554.05,Não,Mensalista,43.0,1048,0
ENGENHO NOVO,F,RIO DE JANEIRO,BRASILEIRA,Casada,1983-03-29,RJ,FEMININO,Não,,Professor De Educação Infantil,8183.28,Não,Mensalista,42.0,998,1
PRAÇA SECA,F,RIO DE JANEIRO,BRASILEIRA,Solteira,1987-05-23,RJ,FEMININO,Não,Risco PLD/FT Baixo,Chefe De Centro,10573.91,Não,Mensalista,38.0,664,1
CAMPO GRANDE,F,RIO DE JANEIRO,BRASILEIRA,Solteira,1987-05-22,RJ,FEMININO,Não,,Professor Ii,7367.63,Não,Mensalista,38.0,1048,0
RECREIO DOS BANDEIRANTES,F,RIO DE JANEIRO,BRASILEIRA,Casado,1981-10-13,RJ,FEMININO,Não,Risco PLD/FT Baixo,Enfermeiro,4629.12,Não,Mensalista,44.0,724,0
SENADOR CAMARA,F,RIO DE JANEIRO,BRASILEIRA,Casada,1978-02-13,RJ,FEMININO,Não,,Merendeira,1954.61,Não,Mensalista,47.0,812,0
ROCHA MIRANDA,F,RIO DE JANEIRO,Brasileira,Casada,1957-04-10,RJ,FEMININO,Não,,Aux De Enfermagem 1º Grau,2210.92,Não,Mensalista,68.0,468,3
BANGU,F,RIO DE JANEIRO,Brasileira,Divorciado,1957-05-31,RJ,FEMININO,Não,,Professor Ii,5068.58,Não,Mensalista,68.0,1048,2
GUARATIBA,F,RIO DE JANEIRO,Brasileira,Divorciado,1951-01-13,RJ,MASCULINO,Não,,Aux De Serviços De Veterinario,1271.12,Não,Mensalista,74.0,501,3
INHAUMA,F,RIO DE JANEIRO,Brasileira,Solteiro,1937-10-28,RJ,FEMININO,Não,,Trabalhador,1988.94,Não,Mensalista,88.0,1202,2
FLAMENGO,F,RIO DE JANEIRO,BRASILEIRA,Divorciado,1964-01-31,RJ,FEMININO,Não,,Aux. De Creche,1071.86,Não,Mensalista,61.0,519,3
VISTA ALEGRE,F,SAO GONCALO,BRASILEIRA,Solteiro,1982-08-02,RJ,FEMININO,Não,Risco PLD/FT Baixo,Professor Docente I - 18 Horas,3928.4,Não,Mensalista,43.0,1014,0
CORDOVIL,F,RIO DE JANEIRO,Brasileira,Separado judicialmente,1948-12-27,RJ,FEMININO,Não,,Aux. De Enfermagem,2859.06,Não,Mensalista,77.0,525,3
MEIER,F,RIO DE JANEIRO,Brasileira,Casado,1954-06-26,RJ,FEMININO,Não,,Professor,4381.19,Não,Mensalista,71.0,984,2
ENGENHO NOVO,F,RIO DE JANEIRO,BRASILEIRA,Divorciada,1978-12-07,RJ,FEMININO,Não,,Professor Ii,7045.01,Não,Mensalista,47.0,1048,1
KM 32,F,NOVA IGUAÇU,Brasileira,Solteira,1955-05-16,RJ,FEMININO,Não,,Copeiro (Sms),2115.99,Não,Mensalista,70.0,681,2
SANTA CRUZ,F,RIO DE JANEIRO,BRASILEIRA,Casada,1958-06-02,RJ,FEMININO,Não,,Cozinheiro,4000.97,Não,Mensalista,67.0,683,2
CORDOVIL,F,RIO DE JANEIRO,BRASILEIRA,Solteira,1956-11-20,RJ,FEMININO,Não,,Datilografo,1669.07,Não,Mensalista,69.0,690,2
BANGU,F,RIO DE JANEIRO,Brasileira,Solteira,1962-06-17,RJ,FEMININO,Não,,Aposentada,2073.26,Não,Mensalista,63.0,294,3
CAMPO GRANDE,F,RIO DE JANEIRO,BRASILEIRA,Solteira,1970-07-24,RJ,FEMININO,Não,,Servente,1943.84,Não,Mensalista,55.0,1116,2
DUQUE DE CAXIAS,F,RIO DE JANEIRO,Brasileira,Não informado,1952-06-29,RJ,MASCULINO,Não,,Agente De Portaria,2146.36,Não,Mensalista,73.0,243,3
CAMPO GRANDE,F,RIO DE JANEIRO,BRASILEIRA,Divorciada,1955-04-22,RJ,FEMININO,Não,,Professor Ii,13141.32,Não,Mensalista,70.0,1048,1
CAMPO GRANDE,F,RIO DE JANEIRO,BRASILEIRA,Divorciada,1955-04-22,RJ,FEMININO,Não,,Professor Ii,5346.43,Não,Mensalista,70.0,1048,2
BARROS FILHOS,F,RIO DE JANEIRO,Brasileira,Viúva,1950-08-31,RJ,FEMININO,Não,,Copeiro ( Sms ),2108.93,Não,Mensalista,75.0,679,2
BANGU,F,RIO DE JANEIRO,Brasileira,Solteiro,1960-05-13,RJ,FEMININO,Não,,Aux De Enfermagem,2458.48,Não,Mensalista,65.0,459,3
ANDARAI,F,RIO DE JANEIRO,BRASILEIRA,Viúva,1938-08-16,RJ,FEMININO,Não,,Aposentada,3312.41,Não,Mensalista,87.0,294,3
REALENGO,F,RIO DE JANEIRO,Brasileira,Desquitada,1955-06-07,RJ,FEMININO,Não,,Aposentada,4045.87,Não,Mensalista,70.0,294,3
REALENGO,F,RIO DE JANEIRO,BRASILEIRA,Desquitada,1955-06-07,RJ,FEMININO,Não,,Professor Ii,6548.11,Não,Mensalista,70.0,1048,2
SANTA CRUZ,F,RIO DE JANEIRO,Brasileira,Casada,1953-09-25,RJ,FEMININO,Não,,Servente,1145.08,Não,Mensalista,72.0,1116,2
SANTISSIMO,F,RIO DE JANEIRO,BRASILEIRA,Divorciado,1956-02-12,RJ,FEMININO,Não,,Servente,1661.62,Não,Mensalista,69.0,1116,2
JACAREPAGUA,F,RIO DE JANEIRO,BRASILEIRA,Casada,1963-01-18,RJ,FEMININO,Não,,Professor De Ensino Medio Fund,8216.66,Não,Mensalista,62.0,1003,1
JACAREPAGUA,F,RIO DE JANEIRO,BRASILEIRA,Casada,1963-01-18,RJ,FEMININO,Não,,Aposentada,6639.67,Não,Mensalista,62.0,294,3
CAMPO GRANDE,F,RIO DE JANEIRO,Brasileira,Casado,1970-10-05,RJ,FEMININO,Não,,Prof. Ii,4279.74,Não,Mensalista,55.0,968,0
OLARIA,F,RIO DE JANEIRO,BRASILEIRA,Solteira,1945-12-12,RJ,FEMININO,Não,,Professor,9095.24,Não,Mensalista,80.0,984,1
BANGU,F,RIO DE JANEIRO,Brasileira,Solteiro,1949-09-21,RJ,FEMININO,Não,,Merendeira,1832.68,Não,Mensalista,76.0,812,2
CAMPO GRANDE,F,RIO DE JANEIRO,BRASILEIRA,Divorciada,1955-10-28,RJ,FEMININO,Não,,Merendeira,2471.95,Não,Mensalista,70.0,812,2
SANTA CRUZ,F,RIO DE JANEIRO,Brasileira,Viúva,1953-05-29,RJ,FEMININO,Não,,Servente,2339.14,Não,Mensalista,72.0,1116,2
PRAIA DA BANDEIRA,F,RIO DE JANEIRO,BRASILEIRA,Solteira,1964-06-14,RJ,FEMININO,Não,,Agente De Administração,4651.69,Não,Mensalista,61.0,216,3
MEIER,F,RIO DE JANEIRO,Brasileira,Viúvo,1952-08-07,RJ,FEMININO,Não,,Professor,6903.14,Não,Mensalista,73.0,984,2
GRAJAU,F,RIO DE JANEIRO,BRASILEIRA,Solteira,1948-05-08,RJ,FEMININO,Não,,Professor Ii,8810.4,Não,Mensalista,77.0,1048,1
GRAJAU,F,RIO DE JANEIRO,Brasileira,Solteira,1948-05-08,RJ,FEMININO,Não,,Especialista De Educação,4052.8,Não,Mensalista,77.0,751,2
FREGUESIA JACAREPAGUA,F,RIO DE JANEIRO,BRASILEIRA,Solteira,1962-02-01,RJ,FEMININO,Não,,Enfermeiro,7273.49,Não,Mensalista,63.0,724,1
FREGUESIA JACAREPAGUA,F,RIO DE JANEIRO,BRASILEIRA,Solteira,1962-02-01,RJ,FEMININO,Não,,Auxiliar De Enfermagem,7273.49,Não,Mensalista,63.0,608,1
SÃO FRANCISCO XAVIER,F,RIO DE JANEIRO,BRASILEIRA,SOLTEIRO,1956-01-09,RJ,FEMININO,Não,,Agente De Administração,1569.23,Não,Mensalista,69.0,216,3
CAMPINHO,F,RIO DE JANEIRO,Brasileira,Casado,1942-12-07,RJ,FEMININO,Não,,Especial/Assistente,5836.08,Não,Mensalista,83.0,743,2
PACIENCIA,F,RIO DE JANEIRO,BRASILEIRA,Casada,1954-12-21,RJ,FEMININO,Não,,Aposentada,1673.02,Não,Mensalista,71.0,294,3
CARAMUJO,F,RIO DE JANEIRO,Brasileira,Solteiro,1960-05-12,RJ,FEMININO,Não,,Ag Aux De Adm,1401.22,Não,Mensalista,65.0,23,3
QUINTINO BOCAIUVA,F,RIO DE JANEIRO,BRASILEIRA,Viúva,1960-06-25,RJ,FEMININO,Não,,Ag De Administração,5029.78,Não,Mensalista,65.0,40,3
MEIER,F,RIO DE JANEIRO,Brasileira,Divorciado,1963-08-28,RJ,FEMININO,Não,,Professor,7307.82,Não,Mensalista,62.0,984,1
VICENTE DE CARVALHO,F,RIO DE JANEIRO,Brasileira,Solteira,1961-10-12,RJ,FEMININO,Não,,Agente Comunitario Nivel I(Qs),2993.38,Não,Mensalista,64.0,201,3
PIEDADE,F,RIO DE JANEIRO,Brasileira,Casada,1974-04-06,RJ,FEMININO,Não,,Professor Ii,11940.61,Não,Mensalista,51.0,1048,1
VILA CAPRI,F,ARARUAMA,Brasileira,Desquitada,1947-06-24,RJ,FEMININO,Não,,Professor Ii,3137.52,Não,Mensalista,78.0,1048,2
IRAJA,F,RIO DE JANEIRO,Brasileira,Divorciada,1956-06-19,RJ,FEMININO,Não,,Aux. De Serv. De Saude,3089.65,Não,Mensalista,69.0,556,3
ANCHIETA,F,RIO DE JANEIRO,Brasileira,Solteiro,1940-04-16,RJ,FEMININO,Não,,Aposentada,2037.14,Não,Mensalista,85.0,294,3
COSTA BARROS,F,RIO DE JANEIRO,BRASILEIRA,Divorciada,1960-03-04,RJ,FEMININO,Não,,Professor Ii,5152.27,Não,Mensalista,65.0,1048,2
CAMPO GRANDE,F,RIO DE JANEIRO,BRASILEIRA,Casada,1962-08-28,RJ,FEMININO,Não,,Professor Ii,8447.29,Não,Mensalista,63.0,1048,1
BANGU,F,RIO DE JANEIRO,Brasileira,Solteiro,1966-09-17,RJ,FEMININO,Não,,Ag Com,2500.82,Não,Mensalista,59.0,32,3
MARECHAL HERMES,F,RIO DE JANEIRO,BRASILEIRA,Casada,1968-01-24,RJ,FEMININO,Não,,Ag De Administração,5743.69,Não,Mensalista,57.0,40,3
CAMPO GRANDE,F,RIO DE JANEIRO,Brasileira,Casada,1966-08-25,RJ,FEMININO,Não,,Professor Ii,18373.0,Não,Mensalista,59.0,1048,1
CAMPO GRANDE,F,RIO DE JANEIRO,BRASILEIRA,Casada,1966-08-25,RJ,FEMININO,Não,,Professor,18373.0,Não,Mensalista,59.0,984,1
ANCHIETA,F,RIO DE JANEIRO,Brasileira,Solteira,1963-05-29,RJ,FEMININO,Não,,Aux De Enfermagem 2º Grau,3539.27,Não,Mensalista,62.0,474,3
REALENGO,F,RIO DE JANEIRO,Brasileira,Solteira,1964-01-04,RJ,FEMININO,Não,,Servente,1659.73,Não,Mensalista,61.0,1116,2
COSTA BARROS,F,RIO DE JANEIRO,Brasileira,Divorciada,1950-12-09,RJ,FEMININO,Não,,Ag. Administração,2199.93,Não,Mensalista,75.0,78,3
BANGU,F,RIO DE JANEIRO,Brasileira,Casado,1957-04-11,RJ,FEMININO,Não,,Servente,2196.84,Não,Mensalista,68.0,1116,2
VILA DA PENHA,F,RIO DE JANEIRO,BRASILEIRA,Viúva,1955-03-18,RJ,FEMININO,Não,,Professor Ii,12042.93,Não,Mensalista,70.0,1048,1
VILA DA PENHA,F,RIO DE JANEIRO,Brasileira,Viúva,1955-03-18,RJ,FEMININO,Não,,Prof Ii,12042.93,Não,Mensalista,70.0,930,1
JARDIM REDENTOR,F,BELFORD ROXO,BRASILEIRA,Solteira,1962-08-12,RJ,FEMININO,Não,,Professor Ii,7988.2,Não,Mensalista,63.0,1048,1
RICARDO DE ALBUQUERQUE,F,RIO DE JANEIRO,BRASILEIRA,Viúva,1959-10-19,RJ,FEMININO,Não,,Merendeira,1869.77,Não,Mensalista,66.0,812,2
REALENGO,F,RIO DE JANEIRO,Brasileira,Solteira,1957-12-03,RJ,FEMININO,Não,,Aux De Enfermagem 2º Grau,5037.94,Não,Mensalista,68.0,474,3
BRAZ DE PINA,F,RIO DE JANEIRO,BRASILEIRA,Solteira,1960-11-22,RJ,FEMININO,Não,,Aux. Creche,881.63,Não,Mensalista,65.0,517,3
RAMOS,F,RIO DE JANEIRO,Brasileira,Solteira,1951-01-18,RJ,FEMININO,Não,,Professor Ii,3610.53,Não,Mensalista,74.0,1048,2
RAMOS,F,RIO DE JANEIRO,BRASILEIRA,Solteira,1951-01-18,RJ,FEMININO,Não,,Professor Ii,6772.52,Não,Mensalista,74.0,1048,2
BANGU,F,RIO DE JANEIRO,Brasileira,Solteiro,1951-04-17,RJ,FEMININO,Não,,Servente,1318.96,Não,Mensalista,74.0,1116,2
PEDRA DE GUARATIBA,F,RIO DE JANEIRO,BRASILEIRA,Separado judicialmente,1962-07-05,RJ,FEMININO,Não,,Prof I - Ciências,7432.6,Não,Mensalista,63.0,899,1
VILA ISABEL,F,RIO DE JANEIRO,Brasileira,Casada,1966-08-28,RJ,FEMININO,Não,,Merendeira,2114.44,Não,Mensalista,59.0,812,2
BANGU,F,RIO DE JANEIRO,BRASILEIRA,Viúva,1954-01-20,RJ,FEMININO,Não,,Servente,1855.22,Não,Mensalista,71.0,1116,2
VILA IRACEMA,F,RIO DE JANEIRO,BRASILEIRA,Casada,1967-03-09,RJ,FEMININO,Não,,Merendeira,952.6,Não,Mensalista,58.0,812,0
CAMPO GRANDE,F,RIO DE JANEIRO,Brasileira,Divorciada,1956-08-25,RJ,FEMININO,Não,,Professor Ii,3253.6,Não,Mensalista,69.0,1048,2
BANGU,F,RIO DE JANEIRO,BRASILEIRA,Casada,1957-11-12,RJ,FEMININO,Não,,Aux. De Creche,1097.56,Não,Mensalista,68.0,519,3
SANTA CRUZ,F,RIO DE JANEIRO,Brasileira,Solteiro,1963-05-25,RJ,FEMININO,Não,,Agente Comunitario Nivel Ii,3289.76,Não,Mensalista,62.0,202,3
BANGU,F,RIO DE JANEIRO,Brasileira,Casada,1961-09-13,RJ,FEMININO,Não,,Copeiro (Sms),2198.29,Não,Mensalista,64.0,681,2
BANGU,F,RIO DE JANEIRO,Brasileira,Viúvo,1947-04-03,RJ,FEMININO,Não,,Copeiro,1843.14,Não,Mensalista,78.0,678,2
RECREIO DOS BANDEIRANTES,F,RIO DE JANEIRO,Brasileira,Casado,1959-04-27,RJ,MASCULINO,Não,,Aposentado,4960.57,Não,Mensalista,66.0,295,3
ANCHIETA,F,RIO DE JANEIRO,Brasileira,Viúvo,1946-05-01,RJ,MASCULINO,Não,,Servente (Sms),2274.58,Não,Mensalista,79.0,1118,2
LOTE XV,F,BELFORD ROXO,Brasileira,Casado,1954-09-28,RJ,MASCULINO,Não,,Trabalhador,3682.94,Não,Mensalista,71.0,1202,2
SANTO CRISTO,F,RIO DE JANEIRO,Brasileira,Viúvo,1950-05-03,RJ,MASCULINO,Não,,Agent De Administração,2062.32,Não,Mensalista,75.0,172,3
PACIENCIA,F,RIO DE JANEIRO,BRASILEIRA,Solteiro,1962-03-12,RJ,MASCULINO,Não,,Agente De Vigilancia,2277.09,Não,Mensalista,63.0,259,3
OLARIA,F,RIO DE JANEIRO,Brasileira,Viúvo,1942-10-02,RJ,MASCULINO,Não,,Especial/Assistente I,1540.54,Não,Mensalista,83.0,744,2
OLARIA,F,RIO DE JANEIRO,BRASILEIRA,Viúvo,1942-10-02,RJ,MASCULINO,Não,,Datilografo,2430.15,Não,Mensalista,83.0,690,2
SANTA CRUZ,F,RIO DE JANEIRO,Brasileira,Viúvo,1962-07-04,RJ,MASCULINO,Não,,Roupeiro(Sms),629.0,Não,Mensalista,63.0,1102,2
CASCADURA,F,RIO DE JANEIRO,Brasileira,Casado,1958-09-23,RJ,MASCULINO,Não,,Agente Aux De Administração,7710.4,Não,Mensalista,67.0,183,3
PARQUE SAO BENTO,F,CURITIBA,Brasileira,Divorciado,1947-08-06,PR,MASCULINO,Não,,Art De Pavimentação E Pedreiro,3302.65,Não,Mensalista,78.0,331,3
MAGALHAES BASTOS,F,RIO DE JANEIRO,BRASILEIRA,Casado,1972-03-29,RJ,MASCULINO,Não,,Merendeiro,2432.64,Não,Mensalista,53.0,820,0
FREGUESIA - ILHA,F,RIO DE JANEIRO,Brasileira,Casado,1957-08-26,RJ,MASCULINO,Não,,Trabalhador,6460.63,Não,Mensalista,68.0,1202,2
ENGENHO NOVO,F,RIO DE JANEIRO,Brasileira,Divorciado,1959-08-15,RJ,MASCULINO,Não,,Técnico De Laboratório,5639.01,Não,Mensalista,66.0,1230,2
MAGALHÃES BASTOS,F,RIO DE JANEIRO,Brasileira,Divorciado,1957-09-21,RJ,MASCULINO,Não,,Aposentado,1436.79,Não,Mensalista,68.0,295,3
SANTA CRUZ,F,RIO DE JANEIRO,Brasileira,Solteira,1946-10-06,RJ,FEMININO,Não,,Merendeira,792.63,Não,Mensalista,79.0,812,2
GUARATIBA,F,RIO DE JANEIRO,BRASILEIRA,Divorciada,1965-11-21,RJ,FEMININO,Não,,Professora,3970.4,Não,Mensalista,60.0,1070,2
GUARATIBA,F,RIO DE JANEIRO,Brasileira,Divorciada,1965-11-21,RJ,FEMININO,Não,,Professor,3970.4,Não,Mensalista,60.0,984,2
BARROS FILHOS,F,RIO DE JANEIRO,BRASILEIRA,Casado,1967-06-07,RJ,FEMININO,Não,,Aux De Creche,908.25,Não,Mensalista,58.0,455,3
CIDADE DE DEUS,F,RIO DE JANEIRO,BRASILEIRA,Divorciada,1963-08-26,RJ,FEMININO,Não,,Merendeira,2497.54,Não,Mensalista,62.0,812,2
PARQUE ANCHIETA,F,RIO DE JANEIRO,BRASILEIRA,SOLTEIRO,1961-01-30,RJ,FEMININO,Não,,Merendeira,816.68,Não,Mensalista,64.0,812,2
ENGENHO DE DENTRO,F,RIO DE JANEIRO,BRASILEIRA,Divorciado,1964-01-27,RJ,FEMININO,Não,,Auxiliar De Enfermagem,2906.09,Não,Mensalista,61.0,608,3
IRAJA,F,RIO DE JANEIRO,BRASILEIRA,Solteira,1961-04-03,RJ,FEMININO,Não,,Prof.Ii,8789.94,Não,Mensalista,64.0,977,1
OLARIA,F,RIO DE JANEIRO,BRASILEIRA,Divorciada,1971-08-05,RJ,FEMININO,Não,,Professor Ii,1695.71,Não,Mensalista,54.0,1048,0
IRAJA,F,RIO DE JANEIRO,Brasileira,Casada,1957-06-29,RJ,FEMININO,Não,,Merendeira,1937.35,Não,Mensalista,68.0,812,2
BANGU,F,RIO DE JANEIRO,BRASILEIRA,SOLTEIRO,1959-07-02,RJ,FEMININO,Não,,Copeiro,2178.83,Não,Mensalista,66.0,678,2
ENGENHO NOVO,F,RIO DE JANEIRO,Brasileira,Solteiro,1963-12-11,RJ,FEMININO,Não,,Aux. De Enfermagem,6153.72,Não,Mensalista,62.0,525,3
OLARIA,F,RIO DE JANEIRO,BRASILEIRA,Viúva,1967-12-04,RJ,FEMININO,Não,,Merendeira,2325.72,Não,Mensalista,58.0,812,0
RIO COMPRIDO,F,RIO DE JANEIRO,Brasileira,Solteira,1961-12-12,RJ,FEMININO,Não,,Aux De Enfermagem 2º Grau,2450.97,Não,Mensalista,64.0,474,3
CAMPO GRANDE,F,RIO DE JANEIRO,Brasileira,Casada,1962-03-17,RJ,FEMININO,Não,,Aposentada,1188.61,Não,Mensalista,63.0,294,3
VICENTE DE CARVALHO,F,RIO DE JANEIRO,Brasileira,Solteira,1963-01-24,RJ,FEMININO,Não,,Auxiliar De Enfermagem-2º Grau,3387.13,Não,Mensalista,62.0,626,3
COSTA BARROS,F,RIO DE JANEIRO,Brasileira,Casado,1951-04-23,RJ,FEMININO,Não,,Auxiliar Operacional,1754.0,Não,Mensalista,74.0,645,3
LEOPOLDINA,F,RIO DE JANEIRO,Brasileira,Não informado,1935-05-15,RJ,MASCULINO,Não,,Art.Alvenaria E Pintura,3291.3,Não,Mensalista,90.0,374,3
SANTA CRUZ,F,RIO DE JANEIRO,Brasileira,Divorciado,1954-01-01,RJ,FEMININO,Não,,Professora Ii,5042.62,Não,Mensalista,71.0,1074,2
IRAJA,F,RIO DE JANEIRO,Brasileira,Separada judicialmente,1954-03-10,RJ,FEMININO,Não,,Aux. Operacional,1702.4,Não,Mensalista,71.0,575,3
PENHA,F,RIO DE JANEIRO,Brasileira,Divorciado,1953-01-28,RJ,FEMININO,Não,,Datilografo,1967.28,Não,Mensalista,72.0,690,2
MAGALHÃES BASTOS,F,RIO DE JANEIRO,BRASILEIRA,Solteira,1953-07-30,RJ,FEMININO,Não,,Servente,1063.0,Não,Mensalista,72.0,1116,2
SENADOR CAMARA,F,RIO DE JANEIRO,Brasileira,Casado,1956-03-11,RJ,FEMININO,Não,,Pprof Ii,4344.42,Não,Mensalista,69.0,867,2
IRAJA,F,RIO DE JANEIRO,BRASILEIRA,Viúva,1957-12-05,RJ,FEMININO,Não,,Merendeira,1715.1,Não,Mensalista,68.0,812,2
BANGU,F,RIO DE JANEIRO,Brasileira,Viúvo,1954-10-16,RJ,FEMININO,Não,,Merendeira,1178.4,Não,Mensalista,71.0,812,2
BARRA DA TIJUCA,F,RIO DE JANEIRO,Brasileira,Casado,1963-11-17,RJ,FEMININO,Não,,Secretaria Executiva,5418.1,Não,Mensalista,62.0,1110,2
GRADIN,F,SÃO GONÇALO,BRASILEIRA,Casada,1973-06-15,RJ,FEMININO,Não,,Aux De Enfermagem,1719.22,Não,Mensalista,52.0,459,0
VILA KENNEDY,F,RIO DE JANEIRO,Brasileira,Divorciado,1965-07-17,RJ,FEMININO,Não,,Aposentada,4700.18,Não,Mensalista,60.0,294,3
ENCANTADO,F,RIO DE JANEIRO,BRASILEIRA,Casada,1968-11-18,RJ,FEMININO,Não,,Agente De Educação Infantil,2914.4,Não,Mensalista,57.0,237,3
CASCADURA,F,RIO DE JANEIRO,Brasileira,Solteira,1961-02-28,RJ,FEMININO,Não,,Professor Ii,5895.89,Não,Mensalista,64.0,1048,2
CASCADURA,F,RIO DE JANEIRO,BRASILEIRA,Solteira,1961-02-28,RJ,FEMININO,Não,,Professora,7694.33,Não,Mensalista,64.0,1070,1
IRAJA,F,RIO DE JANEIRO,Brasileira,Solteiro,1942-05-14,RJ,FEMININO,Não,,Agen. Administrativo,2847.52,Não,Mensalista,83.0,169,3
VIGARIO GERAL,F,RIO DE JANEIRO,Brasileira,Viúva,1938-11-17,RJ,FEMININO,Não,,Servente,4325.68,Não,Mensalista,87.0,1116,2
VILA VALQUEIRE,F,RIO DE JANEIRO,Brasileira,Casado,1958-02-25,RJ,FEMININO,Não,,Auxiliar De Enfermagem 2° Grau,2151.64,Não,Mensalista,67.0,619,3
CAMPO GRANDE,F,RIO DE JANEIRO,Brasileira,Divorciada,1950-10-05,RJ,FEMININO,Não,,Aposentada,8067.69,Não,Mensalista,75.0,294,3
HONORIO GURGEL,F,RIO DE JANEIRO,Brasileira,Solteiro,1947-03-27,RJ,FEMININO,Não,,Pensionista,1953.96,Não,Mensalista,78.0,863,2
PACIENCIA,F,RIO DE JANEIRO,Brasileira,Divorciado,1962-12-10,RJ,FEMININO,Não,,Merendeira,1797.32,Não,Mensalista,63.0,812,2
CENTRO,F,NITEROI,Brasileira,Casado,1951-04-09,RJ,FEMININO,Não,,Fazenda,4616.08,Não,Mensalista,74.0,759,2
FREGUESIA JACAREPAGUA,F,RIO DE JANEIRO,Brasileira,Casada,1950-05-29,RJ,FEMININO,Não,,Professor Ii,7368.99,Não,Mensalista,75.0,1048,2
INHAUMA,F,RIO DE JANEIRO,BRASILEIRA,Divorciada,1959-08-15,RJ,FEMININO,Não,,Professor Ii,1556.87,Não,Mensalista,66.0,1048,2
BANGU,F,RIO DE JANEIRO,Brasileira,Divorciada,1957-09-20,RJ,FEMININO,Não,,Aux De Enfermagem 2º Grau,3527.93,Não,Mensalista,68.0,474,3
PRAIA LINDA,F,SÃO PEDRO DA ALDEIA,Brasileira,Divorciada,1946-05-15,RJ,FEMININO,Não,,Professor Ii,5484.16,Não,Mensalista,79.0,1048,2
PRAIA LINDA,F,SÃO PEDRO DA ALDEIA,BRASILEIRA,Divorciada,1946-05-15,RJ,FEMININO,Não,,Professor Ii,5484.16,Não,Mensalista,79.0,1048,2
CAMPO GRANDE,F,RIO DE JANEIRO,Brasileira,Separado judicialmente,1945-01-01,RJ,FEMININO,Não,,Prof Ii,8226.18,Não,Mensalista,80.0,930,2
PACIENCIA,F,RIO DE JANEIRO,BRASILEIRA,Divorciada,1964-07-27,RJ,FEMININO,Não,,Servente,1163.25,Não,Mensalista,61.0,1116,2
LEOPOLDINA,F,RIO DE JANEIRO,Brasileira,Casada,1962-12-08,RJ,FEMININO,Não,,Prof. Ii,6031.46,Não,Mensalista,63.0,968,2
CATETE,F,RIO DE JANEIRO,BRASILEIRA,Solteira,1967-06-13,RJ,FEMININO,Não,,Agente Auxiliar De Creche,1060.83,Não,Mensalista,58.0,195,3
CAMPO GRANDE,F,RIO DE JANEIRO,Brasileira,Casado,1951-11-29,RJ,FEMININO,Não,,Prof Ii,5731.1,Não,Mensalista,74.0,930,2
SENADOR CAMARA,F,RIO DE JANEIRO,Brasileira,Solteiro,1947-10-30,RJ,FEMININO,Não,,Prof Ii,5247.42,Não,Mensalista,78.0,930,2
MANGUINHOS,F,RIO DE JANEIRO,BRASILEIRA,Divorciada,1961-09-28,RJ,FEMININO,Não,,Servente,2335.96,Não,Mensalista,64.0,1116,2
INHAUMA,F,RIO DE JANEIRO,Brasileira,Solteiro,1950-05-31,RJ,FEMININO,Não,,Prof Docente,4531.08,Não,Mensalista,75.0,889,2
SEPETIBA,F,RIO DE JANEIRO,Brasileira,Viúvo,1956-12-10,RJ,FEMININO,Não,,Auxiliar De Enfermagem,3818.6,Não,Mensalista,69.0,608,3
BANGU,F,RIO DE JANEIRO,Brasileira,Divorciada,1963-12-02,RJ,FEMININO,Não,,Servente,2373.08,Não,Mensalista,62.0,1116,2
GUARATIBA,F,RIO DE JANEIRO,BRASILEIRA,Solteira,1982-12-14,RJ,FEMININO,Não,,Professor Ii,8907.38,Não,Mensalista,43.0,1048,1
GUARATIBA,F,RIO DE JANEIRO,BRASILEIRA,Solteira,1982-12-14,RJ,FEMININO,Não,,Professor Ii,8907.38,Não,Mensalista,43.0,1048,1
BRAZ DE PINA,F,RIO DE JANEIRO,Brasileira,Solteira,1945-07-15,RJ,FEMININO,Não,,Prof. Ii,4293.83,Não,Mensalista,80.0,968,2
BRAZ DE PINA,F,CURITIBA,BRASILEIRA,Solteira,1945-07-15,PR,FEMININO,Não,,Professor Ii,2164.31,Não,Mensalista,80.0,1048,2
CORDOVIL,F,RIO DE JANEIRO,Brasileira,Casada,1947-05-05,RJ,FEMININO,Não,,Servente,1053.73,Não,Mensalista,78.0,1116,2
PILARES,F,RIO DE JANEIRO,BRASILEIRA,Divorciada,1946-09-17,RJ,FEMININO,Não,,Agente De Comunicação,2868.63,Não,Mensalista,79.0,224,3
ITAIPU,F,NITEROI,Brasileira,Casado,1948-12-30,RJ,FEMININO,Não,,Medico Neurologia,7573.7,Não,Mensalista,77.0,807,2
BANGU,F,RIO DE JANEIRO,Brasileira,Solteira,1961-11-18,RJ,FEMININO,Não,,Ag Auxiliar De Administraçao,7911.64,Não,Mensalista,64.0,30,3
NOVA CIDADE,F,SÃO GONÇALO,BRASILEIRA,União Estável,1979-05-03,RJ,MASCULINO,Não,Risco PLD/FT Baixo,Engenheiro,11802.28,Não,Mensalista,46.0,733,1
CAMPO GRANDE,F,RIO DE JANEIRO,Brasileira,Solteira,1960-04-24,RJ,FEMININO,Não,,Aux De Enfermagem 2º Grau,2523.38,Não,Mensalista,65.0,474,3
LEOPOLDINA,F,RIO DE JANEIRO,Brasileira,Viúva,1950-04-06,RJ,FEMININO,Não,,Aux. De Serviços De Saude,2647.06,Não,Mensalista,75.0,560,3
TIJUCA,F,RIO DE JANEIRO,Brasileira,Solteira,1960-11-30,RJ,FEMININO,Não,,Agente De Portaria,3976.39,Não,Mensalista,65.0,243,3
TODOS OS SANTOS,F,RIO DE JANEIRO,BRASILEIRA,Solteira,1971-03-31,RJ,FEMININO,Não,,Professor Ii,17985.43,Não,Mensalista,54.0,1048,1
TODOS OS SANTOS,F,RIO DE JANEIRO,BRASILEIRA,Solteira,1971-03-31,RJ,FEMININO,Não,,Professor Ii,17895.43,Não,Mensalista,54.0,1048,1
SANTA CRUZ,F,RIO DE JANEIRO,Brasileira,Solteiro,1960-03-28,RJ,FEMININO,Não,,Servente,1224.72,Não,Mensalista,65.0,1116,2
COPACABANA,F,RIO DE JANEIRO,Brasileira,Viúvo,1938-12-08,RJ,FEMININO,Não,,Especialidade De Educação,14481.28,Não,Mensalista,87.0,748,1
NAO INFORMADO,F,RIO DE JANEIRO,Brasileira,Casado,1940-12-18,RJ,FEMININO,Não,,Professora Inativa,7625.24,Não,Mensalista,85.0,1075,2
SANTA CRUZ,F,RIO DE JANEIRO,Brasileira,Viúva,1958-05-22,RJ,FEMININO,Não,,Aux. De Enfermagem,5104.01,Não,Mensalista,67.0,525,3
MEIER,F,RIO DE JANEIRO,Brasileira,Viúvo,1940-02-19,RJ,FEMININO,Não,,Aux. De Enf,1549.93,Não,Mensalista,85.0,521,3
CAMPO GRANDE,F,RIO DE JANEIRO,Brasileira,Viúva,1951-08-19,RJ,FEMININO,Não,,Trabalhador,5244.11,Não,Mensalista,74.0,1202,2
TODOS OS SANTOS,F,RIO DE JANEIRO,Brasileira,Solteiro,1951-07-27,RJ,FEMININO,Não,,Datilografo,3196.04,Não,Mensalista,74.0,690,2
BANGU,F,RIO DE JANEIRO,Brasileira,Solteiro,1942-08-27,RJ,FEMININO,Não,,Servente,1547.76,Não,Mensalista,83.0,1116,2
REALENGO,F,RIO DE JANEIRO,Brasileira,Casada,1958-05-04,RJ,FEMININO,Não,,Professora Ii,2448.55,Não,Mensalista,67.0,1074,2
CAMPO GRANDE,F,RIO DE JANEIRO,Brasileira,Casado,1963-01-16,RJ,FEMININO,Não,,Auxiliar De Enfermagem,3211.02,Não,Mensalista,62.0,608,3
MARÉ,F,RIO DE JANEIRO,Brasileira,Solteiro,1964-12-07,RJ,FEMININO,Não,,Inspetor De Alunos,2233.0,Não,Mensalista,61.0,789,2
PADRE MIGUEL,F,RIO DE JANEIRO,BRASILEIRA,Solteira,1962-11-03,RJ,FEMININO,Não,,Merendeira,1800.77,Não,Mensalista,63.0,812,2
PECHINCHA,F,RIO DE JANEIRO,Brasileira,União Estável,1967-12-22,RJ,MASCULINO,Não,,Agente De Adm Previdenciária,6055.34,Não,Mensalista,58.0,210,3
ENGENHO DE DENTRO,F,RIO DE JANEIRO,BRASILEIRA,Solteira,1978-03-10,RJ,FEMININO,Não,,Aux De Enfermagem,3234.04,Não,Mensalista,47.0,459,0
BANGU,F,RIO DE JANEIRO,BRASILEIRA,Casada,1962-08-05,RJ,FEMININO,Não,,Aux De Enfermagem 2º Grau,3974.25,Não,Mensalista,63.0,474,3
TOMAS COELHO,F,RIO DE JANEIRO,BRASILEIRA,Divorciada,1977-11-07,RJ,FEMININO,Não,,Prof De Ensino Fundamental,7787.17,Não,Mensalista,48.0,887,1
ROCHA MIRANDA,F,RIO DE JANEIRO,Brasileira,Divorciada,1954-12-08,RJ,FEMININO,Não,,Servente,1904.92,Não,Mensalista,71.0,1116,2
FREGUESIA ILHA DO GOVERNADOR,F,RIO DE JANEIRO,BRASILEIRA,Solteira,1979-02-11,RJ,FEMININO,Não,,Prof De Educaçao Infantil,4914.68,Não,Mensalista,46.0,884,0
PRAÇA SECA,F,RIO DE JANEIRO,BRASILEIRA,Solteira,1979-04-18,RJ,FEMININO,Não,,Agente Educador Ii,2324.02,Não,Mensalista,46.0,268,0
CAMPO GRANDE,F,RIO DE JANEIRO,Brasileira,Casado,1956-10-10,RJ,FEMININO,Não,,Assessor Adjunto,8848.46,Não,Mensalista,69.0,409,3
CAMPO GRANDE,F,RIO DE JANEIRO,Brasileira,Divorciada,1958-09-15,RJ,FEMININO,Não,,Prof Ii,3481.04,Não,Mensalista,67.0,930,2
SETE PONTES,F,SÃO GONÇALO,Brasileira,Solteira,1962-07-10,RJ,FEMININO,Não,,Merendeira,2248.55,Não,Mensalista,63.0,812,2
VAZ LOBO,F,RIO DE JANEIRO,Brasileira,Solteiro,1951-09-16,RJ,FEMININO,Não,,Prof Artes Plast,5051.84,Não,Mensalista,74.0,882,2
PRAÇA SECA,F,RIO DE JANEIRO,Brasileira,Divorciada,1957-10-14,RJ,FEMININO,Não,,Aposentado,7809.11,Não,Mensalista,68.0,295,3
PRAÇA SECA,F,RIO DE JANEIRO,BRASILEIRA,Divorciada,1957-10-14,RJ,FEMININO,Não,,Aposentada,7809.11,Não,Mensalista,68.0,294,3
CORDOVIL,F,RIO DE JANEIRO,BRASILEIRA,Solteira,1966-12-26,RJ,FEMININO,Não,,Merendeira,820.01,Não,Mensalista,59.0,812,2
PIEDADE,F,RIO DE JANEIRO,BRASILEIRA,SOLTEIRO,1963-05-08,RJ,FEMININO,Não,,Merendeira,1359.88,Não,Mensalista,62.0,812,2
BAIRRO DA LUZ,F,NOVA IGUAÇU,BRASILEIRA,Solteira,1970-05-16,RJ,FEMININO,Não,,Professor Ii,7695.57,Não,Mensalista,55.0,1048,1
ENGENHO DA RAINHA,F,RIO DE JANEIRO,Brasileira,Casada,1962-12-18,RJ,FEMININO,Não,,Ag Documentação Medica,2954.41,Não,Mensalista,63.0,68,3
TIJUCA,F,RIO DE JANEIRO,Brasileira,Divorciado,1961-11-18,RJ,FEMININO,Não,,Prof. I,2257.32,Não,Mensalista,64.0,958,2
INHOAIBA,F,RIO DE JANEIRO,BRASILEIRA,Casada,1959-07-30,RJ,FEMININO,Não,,Aux. De Enfermagem - 2º Grau,2839.44,Não,Mensalista,66.0,532,3
GRAJAU,F,RIO DE JANEIRO,Brasileira,Separado judicialmente,1960-08-08,RJ,FEMININO,Não,,Professora,5850.22,Não,Mensalista,65.0,1070,2
BANGU,F,RIO DE JANEIRO,BRASILEIRA,Solteira,1985-05-20,RJ,FEMININO,Não,,Professor De Ensino Fundamenta,8882.33,Não,Mensalista,40.0,1001,1
CAMPO GRANDE,F,RIO DE JANEIRO,BRASILEIRA,Divorciada,1961-08-04,RJ,FEMININO,Não,,Agente Comunitário Nivel Ii,3800.45,Não,Mensalista,64.0,208,3
SENADOR CAMARA,F,RIO DE JANEIRO,BRASILEIRA,Divorciada,1954-09-17,RJ,FEMININO,Não,,Professor Ii,2474.38,Não,Mensalista,71.0,1048,2
SENADOR CAMARA,F,RIO DE JANEIRO,BRASILEIRA,Divorciada,1954-09-17,RJ,FEMININO,Não,,Professor Ii,3382.39,Não,Mensalista,71.0,1048,2
ENGENHO NOVO,F,RIO DE JANEIRO,Brasileira,União Estável,1945-06-20,RJ,FEMININO,Não,,Professor Ii,2023.68,Não,Mensalista,80.0,1048,2
ENGENHO NOVO,F,RIO DE JANEIRO,BRASILEIRA,União Estável,1945-06-20,RJ,FEMININO,Não,,Professor Ii,3485.9,Não,Mensalista,80.0,1048,2
VILA SAO JORGE,F,NOVA IGUAÇU,BRASILEIRA,Separado judicialmente,1964-09-04,RJ,FEMININO,Não,,Auxiliar De Enfermagem,2528.14,Não,Mensalista,61.0,608,3
PARADA DE LUCAS,F,RIO DE JANEIRO,Brasileira,Casado,1945-01-31,RJ,MASCULINO,Não,,Trabalhador,3079.4,Não,Mensalista,80.0,1202,2
PEDRA DE GUARATIBA,F,RIO DE JANEIRO,BRASILEIRA,Separada judicialmente,1983-06-19,RJ,FEMININO,Não,,Professor De Educação Infantil,3481.33,Não,Mensalista,42.0,998,0
ANDARAI,F,RIO DE JANEIRO,BRASILEIRA,Casada,1967-09-08,RJ,FEMININO,Não,,Professor Ii,7874.11,Não,Mensalista,58.0,1048,1
JARDIM POSSE,F,NOVA IGUACU,BRASILEIRA,Solteiro,1990-05-12,RJ,MASCULINO,Não,Risco PLD/FT Baixo,Agente Educador Ii,1876.09,Não,Mensalista,35.0,268,0
FLAMENGO,F,RIO DE JANEIRO,BRASILEIRA,Solteiro,1997-02-13,RJ,MASCULINO,Não,Risco PLD/FT Baixo,Assistente Ii,5000.0,Não,Mensalista,28.0,427,0
VILA LAGE,F,SÃO GONÇALO,BRASILEIRA,Casado,1961-08-30,RJ,MASCULINO,Não,,Auxiliar De Controle De Endemi,2226.08,Não,Mensalista,64.0,603,3
RAMOS,F,RIO DE JANEIRO,Brasileira,Viúva,1958-03-02,RJ,FEMININO,Não,,Merendeira,1530.92,Não,Mensalista,67.0,812,2
CACHAMBI,F,RIO DE JANEIRO,Brasileira,Solteira,1957-08-20,RJ,FEMININO,Não,,Servente,714.0,Não,Mensalista,68.0,1116,2
ENGENHO DA RAINHA,F,RIO DE JANEIRO,Brasileira,Viúvo,1951-01-24,RJ,FEMININO,Não,,Trabalhador,2008.0,Não,Mensalista,74.0,1202,2
INHOAIBA,F,RIO DE JANEIRO,Brasileira,Viúvo,1964-09-08,RJ,MASCULINO,Não,,Trabalhador,2415.38,Não,Mensalista,61.0,1202,2
MARE,F,RIO DE JANEIRO,Brasileira,Solteiro,1961-12-01,RJ,MASCULINO,Não,,Agente De Administração,5203.06,Não,Mensalista,64.0,216,3
COQUEIRAL,F,ARARUAMA,BRASILEIRA,Solteiro,1968-10-09,RJ,MASCULINO,Não,Risco PLD/FT Baixo,Soldado Pm,10154.69,Não,,57.0,1130,1
FONSECA,F,NITEROI,Brasileira,Casado,1948-08-24,RJ,MASCULINO,Não,,Ag Administrativo,1760.0,Não,Mensalista,77.0,19,3
PARQUE ANCHIETA,F,RIO DE JANEIRO,BRASILEIRA,Casado,1964-05-12,RJ,MASCULINO,Não,,Pintor(Rioluz),7732.76,Não,Mensalista,61.0,865,1
SENADOR VASCONCELOS,F,RIO DE JANEIRO,BRASILEIRA,Solteiro,1970-11-27,RJ,MASCULINO,Não,,Professor Ii,5577.38,Não,Mensalista,55.0,1048,0
CAMPO GRANDE,F,RIO DE JANEIRO,Brasileira,Solteiro,1964-09-27,RJ,MASCULINO,Não,,Trabalhador,2739.5,Não,Mensalista,61.0,1202,2
MARAPICU,F,NOVA IGUACU,Brasileira,Solteiro,1959-10-30,RJ,MASCULINO,Não,,Trabalhador,3215.8,Não,Mensalista,66.0,1202,2
REALENGO,F,RIO DE JANEIRO,BRASILEIRA,Casado,1966-07-16,RJ,MASCULINO,Não,,Trabalhador,3898.37,Não,Mensalista,59.0,1202,2
RAMOS,F,RIO DE JANEIRO,Brasileira,Divorciado,1957-02-23,RJ,MASCULINO,Não,,Trabalhador/ Assistente Ii,5365.34,Não,Mensalista,68.0,1211,2
JACAREPAGUA,F,RIO DE JANEIRO,BRASILEIRA,Solteiro,1965-03-21,RJ,MASCULINO,Não,,Agente De Administração,2293.79,Não,Mensalista,60.0,216,3
JACAREPAGUA,F,RIO DE JANEIRO,Brasileira,Casado,1964-09-29,RJ,MASCULINO,Não,,Art De Jardin E Arboricultura,2839.84,Não,Mensalista,61.0,322,3
LEOPOLDINA,F,RIO DE JANEIRO,Brasileira,Casado,1949-03-30,RJ,MASCULINO,Não,,Servente,2208.74,Não,Mensalista,76.0,1116,2
BANGU,F,RIO DE JANEIRO,Brasileira,Casado,1967-06-03,RJ,MASCULINO,Não,,Agente De Portaria,3568.81,Não,Mensalista,58.0,243,3
SÃO FRANCISCO XAVIER,F,RIO DE JANEIRO,BRASILEIRA,SOLTEIRO,1970-01-23,RJ,MASCULINO,Não,,Ag. De Administração,2760.42,Não,Mensalista,55.0,109,3
SANTA CRUZ,F,RIO DE JANEIRO,Brasileira,Casado,1960-11-15,RJ,MASCULINO,Não,,Trabalhador,3248.29,Não,Mensalista,65.0,1202,2
SANTA CRUZ,F,RIO DE JANEIRO,Brasileira,Não informado,1959-07-05,RJ,MASCULINO,Não,,Agente Administrativo,2877.2,Não,Mensalista,66.0,178,3
INHOAIBA,F,RIO DE JANEIRO,Brasileira,Solteiro,1961-03-29,RJ,MASCULINO,Não,,Servente,1910.4,Não,Mensalista,64.0,1116,2
MARIA TURRI,F,RIO DAS OSTRAS,BRASILEIRA,Casado,1982-08-15,RJ,MASCULINO,Não,Risco PLD/FT Baixo,Inspetor De Policia Penal,14360.87,Não,Mensalista,43.0,794,1
VILA DA PENHA,F,RIO DE JANEIRO,Brasileira,Divorciado,1959-11-22,RJ,MASCULINO,Não,,Professor I Historia,6419.74,Não,Mensalista,66.0,1043,2
BARRETO,F,NITEROI,Brasileira,Não informado,1960-07-11,RJ,MASCULINO,Não,,Aux.Operac.Serv. Diversos,2593.72,Não,Mensalista,65.0,591,3
INHOAIBA,F,RIO DE JANEIRO,Brasileira,Casado,1959-05-09,RJ,MASCULINO,Não,,Servente,3149.24,Não,Mensalista,66.0,1116,2
ACARI,F,RIO DE JANEIRO,Brasileira,OUTROS,1961-01-23,RJ,MASCULINO,Não,,Agente Auxiliar De Administraç,1272.46,Não,Mensalista,64.0,194,3
NOSSA SENHORA DE FATIMA,F,NILOPOLIS,BRASILEIRA,Solteiro,1984-02-12,RJ,MASCULINO,Não,Risco PLD/FT Baixo,Guarda Municipal,3478.13,Não,Mensalista,41.0,776,0
CASCADURA,F,RIO DE JANEIRO,Brasileira,Solteiro,1956-04-09,RJ,MASCULINO,Não,,Servente (Sms),1533.95,Não,Mensalista,69.0,1118,2
PENHA,F,RIO DE JANEIRO,BRASILEIRA,Divorciado,1979-10-15,RJ,MASCULINO,Não,,Guarda Municipal,4745.12,Não,Mensalista,46.0,776,0
REALENGO,F,RIO DE JANEIRO,BRASILEIRA,SOLTEIRO,1947-07-29,RJ,MASCULINO,Não,,Aposentado,955.04,Não,Mensalista,78.0,295,3
CAMPO GRANDE,F,RIO DE JANEIRO,BRASILEIRA,Divorciada,1958-02-19,RJ,FEMININO,Não,,Aux. De Enfermagem - 2º Grau,3372.84,Não,Mensalista,67.0,532,3
SENADOR CAMARA,F,RIO DE JANEIRO,BRASILEIRA,Solteiro,1975-04-07,RJ,MASCULINO,Não,Risco PLD/FT Baixo,Agente De Administração,12364.48,Não,Mensalista,50.0,216,1
COSMOS,F,RIO DE JANEIRO,BRASILEIRA,Solteira,1979-10-17,RJ,FEMININO,Não,,Aux De Enfermagem 2º Grau,3549.67,Não,Mensalista,46.0,474,0
SANTA CRUZ,F,RIO DE JANEIRO,Brasileira,Casado,1948-06-25,RJ,MASCULINO,Não,,Trabalhador,2002.42,Não,Mensalista,77.0,1202,2
PACIENCIA,F,RIO DE JANEIRO,Brasileira,Casada,1968-09-21,RJ,FEMININO,Não,,Agente Comunitario,3511.06,Não,Mensalista,57.0,198,3
BANGU,F,RIO DE JANEIRO,Brasileira,Viúva,1966-04-02,RJ,FEMININO,Não,,Merendeira,2572.15,Não,Mensalista,59.0,812,2
RICARDO DE ALBUQUERQUE,F,RIO DE JANEIRO,BRASILEIRA,Solteira,1965-05-06,RJ,FEMININO,Não,,Aux. De Enfermagem 2º Grau,4482.73,Não,Mensalista,60.0,539,3
PACIENCIA,F,RIO DE JANEIRO,BRASILEIRA,Casada,1972-05-05,RJ,FEMININO,Não,,Aux De Enfermagem 2º Grau,2078.54,Não,Mensalista,53.0,474,0
COSMOS,F,RIO DE JANEIRO,BRASILEIRA,Viúvo,1953-07-12,RJ,MASCULINO,Não,,Servente ( Sms),2751.39,Não,Mensalista,72.0,1117,2
IRAJA,F,RIO DE JANEIRO,BRASILEIRA,Casada,1949-12-28,RJ,FEMININO,Não,,Aux. De Enfermagem 1º Grau,1843.6,Não,Mensalista,76.0,534,3
SANTA CRUZ,F,RIO DE JANEIRO,BRASILEIRA,Casada,1961-10-12,RJ,FEMININO,Não,,Agente De Material,2433.56,Não,Mensalista,64.0,242,3
TOMAS COELHO,F,RIO DE JANEIRO,BRASILEIRA,Divorciada,1953-09-07,RJ,FEMININO,Não,,Servente,1607.9,Não,Mensalista,72.0,1116,2
CACHAMBI,F,RIO DE JANEIRO,BRASILEIRA,Divorciada,1965-03-31,RJ,FEMININO,Não,,Técnico De Enfermagem,5144.02,Não,Mensalista,60.0,1228,2
CACHAMBI,F,RIO DE JANEIRO,Brasileira,Divorciada,1965-03-31,RJ,FEMININO,Não,,Aux.De Enfermagem 2° Grau,4587.16,Não,Mensalista,60.0,583,3
CAVALCANTE,F,RIO DE JANEIRO,BRASILEIRA,Viúva,1944-07-26,RJ,FEMININO,Não,,Ag. De Portaria,1876.48,Não,Mensalista,81.0,133,3
CAMPO GRANDE,F,RIO DE JANEIRO,Brasileira,Casado,1964-06-01,RJ,MASCULINO,Não,,Trabalhador,3813.86,Não,Mensalista,61.0,1202,2
CURICICA,F,RIO DE JANEIRO,Brasileira,Viúvo,1942-12-03,RJ,MASCULINO,Não,,Trabalahador,4544.48,Não,Mensalista,83.0,1201,2
CORDOVIL,F,RIO DE JANEIRO,Brasileira,Casado,1967-05-08,RJ,MASCULINO,Não,,Trabalhador,2515.24,Não,Mensalista,58.0,1202,2
PAVUNA,F,RIO DE JANEIRO,Brasileira,Solteiro,1958-02-19,RJ,MASCULINO,Não,,Trabalhador,2358.94,Não,Mensalista,67.0,1202,2
VICENTE DE CARVALHO,F,RIO DE JANEIRO,BRASILEIRA,Divorciada,1965-09-30,RJ,FEMININO,Não,,Merendeira,2128.69,Não,Mensalista,60.0,812,2
DEL CASTILHO,F,RIO DE JANEIRO,BRASILEIRA,Solteiro,1984-06-06,RJ,MASCULINO,Não,,Agente De Educação Infantil,1876.24,Não,Mensalista,41.0,237,0
VILA CENTENARIO,F,DUQUE DE CAXIAS,BRASILEIRA,SOLTEIRO,1981-01-20,RJ,FEMININO,Não,,Agente Aux. De Creche,839.83,Não,Mensalista,44.0,188,0
SANTISSIMO,F,RIO DE JANEIRO,BRASILEIRA,Solteiro,1984-10-29,RJ,MASCULINO,Não,,Professor De Ensino Fundamenta,8074.54,Não,Mensalista,41.0,1001,1
PECHINCHA,F,RIO DE JANEIRO,BRASILEIRA,Solteiro,1989-02-09,RJ,MASCULINO,Não,Risco PLD/FT Baixo,Assessor Da Presidência,13010.0,Não,Mensalista,36.0,410,1
BANGU,F,RIO DE JANEIRO,BRASILEIRA,Solteiro,1986-11-02,RJ,FEMININO,Não,Risco PLD/FT Baixo,Ag De Apoio Educação Especial,1754.38,Não,Mensalista,39.0,47,0
INHAUMA,F,RIO DE JANEIRO,BRASILEIRA,Casada,1984-02-29,RJ,FEMININO,Não,,Prof De Educacao Infantil,6129.16,Não,Mensalista,41.0,883,0
ANCHIETA,F,RIO DE JANEIRO,BRASILEIRA,Casado,1979-03-18,RJ,FEMININO,Não,,Aux. De Creche,1202.81,Não,Mensalista,46.0,519,0
MACEIO,F,NITEROI,BRASILEIRA,Solteiro,1980-01-21,RJ,FEMININO,Não,Risco PLD/FT Baixo,Oficial De Cartorio Policial,13520.81,Não,Mensalista,45.0,841,1
CAMPO GRANDE,F,RIO DE JANEIRO,BRASILEIRA,Solteira,1982-07-29,RJ,FEMININO,Não,,Agente De Educação Infantil,4331.05,Não,Mensalista,43.0,237,0
BANGU,F,RIO DE JANEIRO,Brasileira,Casada,1975-06-26,RJ,FEMININO,Não,,Aux. De Enfermagem,5177.28,Não,Mensalista,50.0,525,0
IRAJA,F,RIO DE JANEIRO,BRASILEIRA,Casada,1974-07-02,RJ,FEMININO,Não,,Professor Ii,9204.64,Não,Mensalista,51.0,1048,1
SANTA ROSA,F,NITEROI,BRASILEIRA,Solteira,1984-07-19,RJ,FEMININO,Não,,Prof. De Ensino Fundamental,8076.34,Não,Mensalista,41.0,953,1
GALEÃO,F,RIO DE JANEIRO,BRASILEIRA,Solteira,1976-12-16,RJ,FEMININO,Não,,Ag. De Educação Infantil,3114.64,Não,Mensalista,49.0,129,0
VICENTE DE CARVALHO,F,RIO DE JANEIRO,BRASILEIRA,Solteira,1976-05-22,RJ,FEMININO,Não,,Professor,3835.62,Não,Mensalista,49.0,984,0
SANTA CRUZ,F,RIO DE JANEIRO,BRASILEIRA,Casada,1987-06-05,RJ,FEMININO,Não,,Secretaria Escolar,1886.33,Não,Mensalista,38.0,1109,0
CAMPO GRANDE,F,RIO DE JANEIRO,Brasileira,Solteira,1981-09-28,RJ,FEMININO,Não,,Professor Ii,7099.33,Não,Mensalista,44.0,1048,1
CAMPO GRANDE,F,RIO DE JANEIRO,BRASILEIRA,Solteira,1981-09-28,RJ,FEMININO,Não,,Professor Ii,7099.33,Não,Mensalista,44.0,1048,1
PARQUE ANCHIETA,F,RIO DE JANEIRO,Brasileira,Casada,1980-12-02,RJ,FEMININO,Não,,Professor Ii,1755.66,Não,Mensalista,45.0,1048,0
SANTA ROSA,F,NITEROI,Brasileira,Solteiro,1977-04-26,RJ,FEMININO,Não,,Prof Ii,3772.54,Não,Mensalista,48.0,930,0
PENHA CIRCULAR,F,RIO DE JANEIRO,BRASILEIRA,Divorciada,1982-03-25,RJ,FEMININO,Não,,Professor Ii,6496.06,Não,Mensalista,43.0,1048,0
SAQUAREMA,F,RIO DE JANEIRO,Brasileira,Solteiro,1956-06-25,RJ,FEMININO,Não,,Aux. De Enfermagem,2260.52,Não,Mensalista,69.0,525,3
CENTRO,F,DUQUE DE CAXIAS,BRASILEIRA,SOLTEIRO,1961-08-24,RJ,MASCULINO,Não,,Professor I,2299.57,Não,Mensalista,64.0,1028,2
SANTA CRUZ,F,RIO DE JANEIRO,Brasileira,Solteiro,1961-01-20,RJ,MASCULINO,Não,,Trabalhador,3613.86,Não,Mensalista,64.0,1202,2
BARROS FILHOS,F,RIO DE JANEIRO,BRASILEIRA,Casado,1956-01-05,RJ,MASCULINO,Não,,Aposentado,4802.99,Não,Mensalista,69.0,295,3
PARQUE ALVORADA,F,DUQUE DE CAXIAS,Brasileira,Casado,1966-01-18,RJ,MASCULINO,Não,,Art De Alv E Pintura,1128.6,Não,Mensalista,59.0,301,3
BANGU,F,RIO DE JANEIRO,BRASILEIRA,Solteira,1937-11-16,RJ,FEMININO,Não,,Professor Ii,1927.31,Não,Mensalista,88.0,1048,2
BARROCO (ITAIPUAÇÚ),F,MARICA,BRASILEIRA,Solteiro,1983-05-26,RJ,FEMININO,Não,Risco PLD/FT Baixo,Inspetor De Policia,13710.93,Não,Mensalista,42.0,793,1
VILA ISABEL,F,RIO DE JANEIRO,Brasileira,Solteiro,1957-05-07,RJ,MASCULINO,Não,,Especial/Assistente,2416.48,Não,Mensalista,68.0,743,2
PACIENCIA,F,CURITIBA,Brasileira,Casada,1944-02-05,PR,FEMININO,Não,,Aux. De Enfermagem,2896.36,Não,Mensalista,81.0,525,3
BAIRRO DA LUZ,F,NOVA IGUAÇU,Brasileira,Viúva,1957-03-20,RJ,FEMININO,Não,,Aposentada,5146.5,Não,Mensalista,68.0,294,3
ANCHIETA,F,RIO DE JANEIRO,Brasileira,Solteiro,1963-04-01,RJ,FEMININO,Não,,Merendeira,1388.68,Não,Mensalista,62.0,812,2
BENTO RIBEIRO,F,RIO DE JANEIRO,Brasileira,Solteira,1970-06-11,RJ,FEMININO,Não,,Ag. De Doc. Medica/Chefe Ii,5484.21,Não,Mensalista,55.0,121,3
PACIENCIA,F,RIO DE JANEIRO,BRASILEIRA,Solteira,1951-08-10,RJ,FEMININO,Não,,Merendeira,978.4,Não,Mensalista,74.0,812,2
CENTRO,F,NILOPOLIS,BRASILEIRA,Solteira,1957-08-17,RJ,FEMININO,Não,,Aposentada,2621.28,Não,Mensalista,68.0,294,3
BANGU,F,RIO DE JANEIRO,Brasileira,Casada,1967-06-23,RJ,FEMININO,Não,,Ag.Comunit.Nivel Ii/Assist Ii,3825.15,Não,Mensalista,58.0,157,3
BARRA DA TIJUCA,F,RIO DE JANEIRO,Brasileira,Divorciada,1942-03-23,RJ,FEMININO,Não,,Aux De Enfermagem 1ª Grau,2094.0,Não,Mensalista,83.0,466,3
RIACHUELO,F,RIO DE JANEIRO,Brasileira,Casada,1947-04-05,RJ,FEMININO,Não,,Professor Ii,4018.99,Não,Mensalista,78.0,1048,2
CAMPO GRANDE,F,RIO DE JANEIRO,BRASILEIRA,Solteira,1960-03-07,RJ,FEMININO,Não,,Aux De Enfermagem 1º Grau,3228.64,Não,Mensalista,65.0,468,3
CAJU,F,RIO DE JANEIRO,BRASILEIRA,Solteira,1983-06-21,RJ,FEMININO,Não,,Ag. Educação Infantil,1687.52,Não,Mensalista,42.0,145,0
SEPETIBA,F,RIO DE JANEIRO,BRASILEIRA,Viúva,1957-05-31,RJ,FEMININO,Não,,Professor Ii,9079.35,Não,Mensalista,68.0,1048,1
PRAÇA SECA,F,RIO DE JANEIRO,BRASILEIRA,Casada,1954-06-24,RJ,FEMININO,Não,,Aux De Enfermagem 2º Grau,2824.9,Não,Mensalista,71.0,474,3
MADUREIRA,F,RIO DE JANEIRO,Brasileira,Solteira,1951-05-16,RJ,FEMININO,Não,,Prof -Educação Fisica,2579.92,Não,Mensalista,74.0,877,2
PACIENCIA,F,RIO DE JANEIRO,Brasileira,Divorciado,1957-08-27,RJ,MASCULINO,Não,,Aux. De Enfermagem,4561.34,Não,Mensalista,68.0,525,3
GUARATIBA,F,RIO DE JANEIRO,BRASILEIRA,Solteira,1956-02-07,RJ,FEMININO,Não,,Prof Ii,6675.55,Não,Mensalista,69.0,930,2
CAMPO GRANDE,F,RIO DE JANEIRO,BRASILEIRA,Casado,1981-01-27,RJ,FEMININO,Não,,Prof.Ii,2866.65,Não,Mensalista,44.0,977,0
CAMPO GRANDE,F,RIO DE JANEIRO,Brasileira,Casado,1948-12-25,RJ,FEMININO,Não,,Prof: 11 Lic. Plena,1613.38,Não,Mensalista,77.0,981,2
CAMPO GRANDE,F,RIO DE JANEIRO,Brasileira,Casado,1963-10-27,RJ,FEMININO,Não,,Age Comunitario Nivel Ii,4087.92,Não,Mensalista,62.0,167,3
BANGU,F,RIO DE JANEIRO,Brasileira,Divorciada,1956-10-11,RJ,FEMININO,Não,,Professor Ii,694.27,Não,Mensalista,69.0,1048,2
ENGENHO NOVO,F,RIO DE JANEIRO,BRASILEIRA,Solteira,1963-03-09,RJ,FEMININO,Não,,Aux De Enfermagem 2º Grau,5519.54,Não,Mensalista,62.0,474,3
PEDRA DE GUARATIBA,F,RIO DE JANEIRO,BRASILEIRA,Solteiro,1969-01-03,RJ,FEMININO,Não,,Cozinheiro,2205.08,Não,Mensalista,56.0,683,0
LEOPOLDINA,F,RIO DE JANEIRO,Brasileira,Divorciado,1946-09-17,RJ,FEMININO,Não,,Tec Enfermagem,3542.8,Não,Mensalista,79.0,1146,2
LEOPOLDINA,F,NITEROI,Brasileira,Casado,1946-07-06,RJ,FEMININO,Não,,Oficial De Justica,10396.68,Não,Mensalista,79.0,844,1
PEDRA DE GUARATIBA,F,RIO DE JANEIRO,BRASILEIRA,Solteira,1968-04-25,RJ,FEMININO,Não,,Merendeira,2505.37,Não,Mensalista,57.0,812,0
CIDADE DE DEUS,F,RIO DE JANEIRO,Brasileira,Divorciada,1953-08-30,RJ,FEMININO,Não,,Professor Ii,6202.38,Não,Mensalista,72.0,1048,2
CAMPO GRANDE,F,RIO DE JANEIRO,Brasileira,Casada,1963-10-11,RJ,FEMININO,Não,,Aux. De Enfermagem 2º Grau,3307.43,Não,Mensalista,62.0,539,3
BENTO RIBEIRO,F,RIO DE JANEIRO,Brasileira,Solteira,1965-02-21,RJ,FEMININO,Não,,Servente,2124.99,Não,Mensalista,60.0,1116,2
CAMPO GRANDE,F,RIO DE JANEIRO,Brasileira,Solteira,1953-10-03,RJ,FEMININO,Não,,Trabalhador,3319.58,Não,Mensalista,72.0,1202,2
BANGU,F,RIO DE JANEIRO,Brasileira,Solteiro,1963-08-30,RJ,MASCULINO,Não,,Servente,2182.97,Não,Mensalista,62.0,1116,2
ENGENHO NOVO,F,RIO DE JANEIRO,Brasileira,Casado,1945-05-29,RJ,MASCULINO,Não,,Art. De Pavimentação E Pedreir,5124.25,Não,Mensalista,80.0,368,3
INHOAIBA,F,RIO DE JANEIRO,Brasileira,Casado,1946-07-28,RJ,MASCULINO,Não,,Trabalhador,2756.7,Não,Mensalista,79.0,1202,2
PAQUETA,F,RIO DE JANEIRO,BRASILEIRA,Casado,1943-05-28,RJ,MASCULINO,Não,,Trabalhador,1839.42,Não,Mensalista,82.0,1202,2
PACIENCIA,F,RIO DE JANEIRO,Brasileira,Casado,1963-07-27,RJ,MASCULINO,Não,,Trabalhador,2238.94,Não,Mensalista,62.0,1202,2
ANA CLARA,F,RIO DE JANEIRO,Brasileira,Não informado,1940-12-09,RJ,MASCULINO,Não,,Tecnico Nivel Medio,5352.3,Não,Mensalista,85.0,1191,2
COSMOS,F,RIO DE JANEIRO,BRASILEIRA,Viúva,1957-12-02,RJ,FEMININO,Não,,Aposentada,4127.75,Não,Mensalista,68.0,294,3
BANGU,F,RIO DE JANEIRO,Brasileira,Divorciada,1956-03-18,RJ,FEMININO,Não,,Aux. De Enfermagem - 2º Grau,3256.89,Não,Mensalista,69.0,532,3
BANGU,F,RIO DE JANEIRO,Brasileira,Solteiro,1947-02-20,RJ,FEMININO,Não,,Trabalhador,1178.54,Não,Mensalista,78.0,1202,2
SANTA CRUZ,F,RIO DE JANEIRO,Brasileira,Solteiro,1951-08-06,RJ,FEMININO,Não,,Prof Ii,8166.74,Não,Mensalista,74.0,930,1
COTIA,F,GUAPIMIRIM,BRASILEIRA,Solteiro,1981-02-24,RJ,MASCULINO,Não,Risco PLD/FT Baixo,3º Sargento Bm,9288.8,Não,Mensalista,44.0,10,0
BENFICA,F,RIO DE JANEIRO,BRASILEIRA,Separado judicialmente,1957-11-28,RJ,MASCULINO,Não,,Telefonista,1903.8,Não,Mensalista,68.0,1197,2
TIJUCA,F,RIO DE JANEIRO,BRASILEIRA,Casada,1978-11-11,RJ,FEMININO,Não,,Aux. De Enfermagem - 2ª Grau,1913.01,Não,Mensalista,47.0,531,0
PRAÇA SECA,F,RIO DE JANEIRO,BRASILEIRA,Solteira,1972-02-16,RJ,FEMININO,Não,,Ag. De Educação Infantil,2931.55,Não,Mensalista,53.0,129,3
BONSUCESSO,F,RIO DE JANEIRO,Brasileira,Solteiro,1969-01-15,RJ,FEMININO,Não,,Prof. Ii,5303.08,Não,Mensalista,56.0,968,0
PIABETA,F,MAGE,BRASILEIRA,Solteiro,1968-03-13,RJ,FEMININO,Não,Risco PLD/FT Baixo,Assistente Social,7135.99,Não,Mensalista,57.0,430,0
BANGU,F,RIO DE JANEIRO,BRASILEIRA,Solteira,1967-08-20,RJ,FEMININO,Não,,Prof I,3850.14,Não,Mensalista,58.0,895,2
BANGU,F,RIO DE JANEIRO,BRASILEIRA,Solteira,1967-08-20,RJ,FEMININO,Não,,Prof I,9316.0,Não,Mensalista,58.0,895,1
PENHA,F,RIO DE JANEIRO,Brasileira,Solteira,1972-06-08,RJ,FEMININO,Não,,Aux. De Enfermagem - 1. Grau,1306.24,Não,Mensalista,53.0,526,0
BARRA DA TIJUCA,F,RIO DE JANEIRO,Brasileira,Divorciado,1971-03-06,RJ,FEMININO,Não,,Prof. Ii,3252.26,Não,Mensalista,54.0,968,0
PRAÇA SECA,F,RIO DE JANEIRO,BRASILEIRA,Casada,1966-03-25,RJ,FEMININO,Não,,Aposentada,12722.71,Não,Mensalista,59.0,294,1
PRAÇA SECA,F,RIO DE JANEIRO,BRASILEIRA,Casada,1966-03-25,RJ,FEMININO,Não,,Aposentada,12722.71,Não,Mensalista,59.0,294,1
TIJUCA,F,RIO DE JANEIRO,BRASILEIRA,Divorciada,1967-09-25,RJ,FEMININO,Não,,Merendeira,1354.5,Não,Mensalista,58.0,812,0
CARAMUJO,F,RIO DE JANEIRO,Brasileira,Solteiro,1964-11-22,RJ,FEMININO,Não,,Professora,4152.66,Não,Mensalista,61.0,1070,2
ROCHA MIRANDA,F,RIO DE JANEIRO,Brasileira,Solteiro,1978-07-02,RJ,FEMININO,Não,,Enfermeiro,3227.22,Não,Mensalista,47.0,724,0
CENTRO,F,ITAGUAI,Brasileira,Viúvo,1967-04-21,RJ,FEMININO,Não,,Professor,7704.22,Não,Mensalista,58.0,984,1
BANGU,F,RIO DE JANEIRO,BRASILEIRA,Divorciada,1967-08-26,RJ,FEMININO,Não,,Aux. De Enfermagem- 2ª Grau,2466.63,Não,Mensalista,58.0,542,0
ANCHIETA,F,RIO DE JANEIRO,BRASILEIRA,Solteira,1971-02-02,RJ,FEMININO,Não,,Aux. De Enfermagem 2º Grau,3932.65,Não,Mensalista,54.0,539,0
LEME,F,RIO DE JANEIRO,Brasileira,Solteira,1963-03-10,RJ,FEMININO,Não,,Aposentada,5024.33,Não,Mensalista,62.0,294,3
CAMPO GRANDE,F,RIO DE JANEIRO,Brasileira,Casada,1967-03-25,RJ,FEMININO,Não,,Merendeira,2147.23,Não,Mensalista,58.0,812,0
MARECHAL HERMES,F,RIO DE JANEIRO,BRASILEIRA,Divorciada,1964-05-04,RJ,FEMININO,Não,,Professor Ii / Diretor Iv,10957.02,Não,Mensalista,61.0,1053,1
CACHAMBI,F,RIO DE JANEIRO,BRASILEIRA,Solteira,1968-04-27,RJ,FEMININO,Não,,Professor Ii,7480.38,Não,Mensalista,57.0,1048,1
CACHAMBI,F,RIO DE JANEIRO,BRASILEIRA,Solteira,1968-04-27,RJ,FEMININO,Não,,Professor Ii,6302.5,Não,Mensalista,57.0,1048,1
SANTA CRUZ,F,RIO DE JANEIRO,BRASILEIRA,Casada,1967-12-02,RJ,FEMININO,Não,,Professor Ii,4385.38,Não,Mensalista,58.0,1048,2
MEIER,F,RIO DE JANEIRO,BRASILEIRA,Casada,1967-05-08,RJ,FEMININO,Não,,Professor Ii,6099.2,Não,Mensalista,58.0,1048,1
OSWALDO CRUZ,F,RIO DE JANEIRO,BRASILEIRA,Solteira,1979-04-12,RJ,FEMININO,Não,,Professor Ii,5960.3,Não,Mensalista,46.0,1048,0
CAMPO GRANDE,F,RIO DE JANEIRO,BRASILEIRA,Divorciada,1974-12-11,RJ,FEMININO,Não,,Merendeira,2422.25,Não,Mensalista,51.0,812,0
VILA VALQUEIRE,F,RIO DE JANEIRO,BRASILEIRA,Casada,1958-09-11,RJ,FEMININO,Não,,Agente De Comunicação,4255.33,Não,Mensalista,67.0,224,3
TAQUARA,F,RIO DE JANEIRO,Brasileira,Divorciada,1969-10-31,RJ,FEMININO,Não,,Merendeira,868.48,Não,Mensalista,56.0,812,0
SÃO CRISTOVÃO,F,RIO DE JANEIRO,Brasileira,Solteira,1973-03-09,RJ,FEMININO,Não,,Merendeira,1594.51,Não,Mensalista,52.0,812,0
PORTUGUESA,F,RIO DE JANEIRO,BRASILEIRA,Casada,1969-07-12,RJ,FEMININO,Não,,Professor Ii,6446.52,Não,Mensalista,56.0,1048,1
PORTUGUESA,F,RIO DE JANEIRO,BRASILEIRA,Casada,1969-07-12,RJ,FEMININO,Não,,Professor Ii,6446.52,Não,Mensalista,56.0,1048,1
VIGARIO GERAL,F,RIO DE JANEIRO,Brasileira,Casada,1963-06-22,RJ,FEMININO,Não,,Merendeira,1869.77,Não,Mensalista,62.0,812,2
SANTA CRUZ,F,RIO DE JANEIRO,Brasileira,Divorciada,1963-05-04,RJ,FEMININO,Não,,Merendeira,1916.77,Não,Mensalista,62.0,812,2
BANGU,F,RIO DE JANEIRO,Brasileira,Solteira,1969-10-18,RJ,FEMININO,Não,,Aux De Enfermagem 2º Grau,6046.99,Não,Mensalista,56.0,474,0
PACIENCIA,F,RIO DE JANEIRO,BRASILEIRA,Casado,1968-02-26,RJ,FEMININO,Não,,Merendeira,1536.04,Não,Mensalista,57.0,812,0
JARDIM SULACAPE,F,RIO DE JANEIRO,BRASILEIRA,Solteira,1969-02-18,RJ,FEMININO,Não,,Professor Ii,1703.14,Não,Mensalista,56.0,1048,2
TAQUARA,F,RIO DE JANEIRO,BRASILEIRA,Divorciada,1965-06-23,RJ,FEMININO,Não,,Professor Ii,5627.23,Não,Mensalista,60.0,1048,2
TOMAS COELHO,F,RIO DE JANEIRO,BRASILEIRA,Solteira,1965-09-02,RJ,FEMININO,Não,,Professor Ii,5757.57,Não,Mensalista,60.0,1048,2
TOMAS COELHO,F,RIO DE JANEIRO,BRASILEIRA,Solteira,1965-09-02,RJ,FEMININO,Não,,Professor Ii,5602.15,Não,Mensalista,60.0,1048,2
CAMPINHO,F,RIO DE JANEIRO,BRASILEIRA,Solteira,1974-02-26,RJ,FEMININO,Não,,Aux De Enfermagem,3939.25,Não,Mensalista,51.0,459,0
HIGIENOPOLIS,F,RIO DE JANEIRO,Brasileira,Casado,1965-09-03,RJ,FEMININO,Não,,Aux. De Enfermagem,2330.08,Não,Mensalista,60.0,525,3
OUTEIRO DAS PEDRAS,F,ITABORAI,BRASILEIRA,Divorciada,1973-07-27,RJ,FEMININO,Não,,Prof I Educação Fisica,6156.59,Não,Mensalista,52.0,919,0
CAMPO GRANDE,F,RIO DE JANEIRO,Brasileira,Solteira,1968-10-25,RJ,FEMININO,Não,,Prof. Ii,2348.52,Não,Mensalista,57.0,968,2
RIO COMPRIDO,F,RIO DE JANEIRO,BRASILEIRA,Solteira,1969-09-27,RJ,FEMININO,Não,,Aux De Enfermagem 2º Grau,2696.82,Não,Mensalista,56.0,474,0
CASCADURA,F,RIO DE JANEIRO,BRASILEIRA,Divorciada,1968-11-09,RJ,FEMININO,Não,,Prof Ii/Diretor Iv,13873.72,Não,Mensalista,57.0,940,1
INHOAIBA,F,RIO DE JANEIRO,BRASILEIRA,Solteira,1967-11-22,RJ,FEMININO,Não,,Prof. De Educação Infantil,6044.16,Não,Mensalista,58.0,952,1
SEPETIBA,F,RIO DE JANEIRO,Brasileira,Casado,1964-05-04,RJ,FEMININO,Não,,Prof. Ii,5150.36,Não,Mensalista,61.0,968,2
PACIENCIA,F,RIO DE JANEIRO,Brasileira,Solteiro,1965-09-17,RJ,FEMININO,Não,,Prof. Ii,5766.66,Não,Mensalista,60.0,968,2
CENTRO,F,NILOPOLIS,BRASILEIRA,Solteira,1971-08-14,RJ,FEMININO,Não,,Prof I - Artes Plasticas,5570.49,Não,Mensalista,54.0,896,0
INHOAIBA,F,RIO DE JANEIRO,Brasileira,Solteira,1971-03-17,RJ,FEMININO,Não,,Aux De Enfermagem 2º Grau,3070.21,Não,Mensalista,54.0,474,0
PRAÇA SECA,F,RIO DE JANEIRO,Brasileira,Casado,1961-04-07,RJ,FEMININO,Não,,Prof Ii,3235.2,Não,Mensalista,64.0,930,2
IRAJA,F,RIO DE JANEIRO,BRASILEIRA,Casada,1984-08-26,RJ,FEMININO,Não,,Merendeira,1868.94,Não,Mensalista,41.0,812,0
CATUMBI,F,RIO DE JANEIRO,Brasileira,Casada,1979-05-30,RJ,FEMININO,Não,,Merendeira,2777.64,Não,Mensalista,46.0,812,0
ANDARAI,F,RIO DE JANEIRO,BRASILEIRA,Solteira,1981-12-27,RJ,FEMININO,Não,,Ag. De Educação Infantil,3921.4,Não,Mensalista,44.0,129,0
GRAJAU,F,RIO DE JANEIRO,BRASILEIRA,Casada,1971-10-16,RJ,FEMININO,Não,,Professor Ii,9567.22,Não,Mensalista,54.0,1048,1
PENHA CIRCULAR,F,RIO DE JANEIRO,BRASILEIRA,Casado,1971-02-17,RJ,FEMININO,Não,Risco PLD/FT Baixo,Agente Administrativo,6609.16,Não,Mensalista,54.0,178,3
SEPETIBA,F,RIO DE JANEIRO,Brasileira,Solteiro,1968-04-21,RJ,FEMININO,Não,,Merendeira,1313.08,Não,Mensalista,57.0,812,0
REALENGO,F,RIO DE JANEIRO,BRASILEIRA,Separada judicialmente,1976-09-03,RJ,FEMININO,Não,,Merendeira,2299.76,Não,Mensalista,49.0,812,0
SÃO CRISTOVÃO,F,RIO DE JANEIRO,Brasileira,Casado,1961-11-15,RJ,MASCULINO,Não,,Trabalhador,3076.19,Não,Mensalista,64.0,1202,2
CORDOVIL,F,RIO DE JANEIRO,Brasileira,Viúva,1955-10-17,RJ,FEMININO,Não,,Servente,2258.42,Não,Mensalista,70.0,1116,2
LEME,F,RIO DE JANEIRO,BRASILEIRA,Solteira,1961-04-27,RJ,FEMININO,Não,,Assistente Social,8891.41,Não,Mensalista,64.0,430,1
SANTO CRISTO,F,RIO DE JANEIRO,BRASILEIRA,Divorciada,1966-06-03,RJ,FEMININO,Não,,Prof De Educação Infantil,3566.38,Não,Mensalista,59.0,886,2
JARDIM AMERICA,F,RIO DE JANEIRO,Brasileira,Não informado,1950-07-29,RJ,FEMININO,Não,,Assistente Social,2537.4,Não,Mensalista,75.0,430,3
ENGENHO DE DENTRO,F,RIO DE JANEIRO,BRASILEIRA,Casada,1950-04-22,RJ,FEMININO,Não,,Professor Ii,7558.84,Não,Mensalista,75.0,1048,2
ENGENHO DE DENTRO,F,RIO DE JANEIRO,Brasileira,Casada,1950-04-22,RJ,FEMININO,Não,,Professor Ii,7558.84,Não,Mensalista,75.0,1048,2
CURICICA,F,RIO DE JANEIRO,Brasileira,Solteiro,1961-06-03,RJ,FEMININO,Não,,Aux. De Enf.,2702.76,Não,Mensalista,64.0,522,3
MANILHA,F,ITABORAI,BRASILEIRA,Divorciada,1967-12-14,RJ,FEMININO,Não,,Ag De Administração,7314.43,Não,Mensalista,58.0,40,3
REALENGO,F,RIO DE JANEIRO,Brasileira,Divorciado,1954-08-04,RJ,FEMININO,Não,,Merendeira,1715.94,Não,Mensalista,71.0,812,2
LEOPOLDINA,F,RIO DE JANEIRO,Brasileira,Solteiro,1959-02-13,RJ,FEMININO,Não,,Datilografo,4244.38,Não,Mensalista,66.0,690,2
LEOPOLDINA,F,RIO DE JANEIRO,BRASILEIRA,Divorciada,1949-07-26,RJ,FEMININO,Não,,Copeiro,1507.94,Não,Mensalista,76.0,678,2
LEOPOLDINA,F,RIO DE JANEIRO,Brasileira,Viúvo,1938-09-10,RJ,FEMININO,Não,,Aux.De Ser. De Saúde,2017.3,Não,Mensalista,87.0,586,3
ALTO DA BOA VISTA,F,RIO DE JANEIRO,BRASILEIRA,Solteira,1951-05-25,RJ,FEMININO,Não,,Agente Comunitario,3227.15,Não,Mensalista,74.0,198,3
ROCHA MIRANDA,F,RIO DE JANEIRO,Brasileira,Casado,1960-04-16,RJ,FEMININO,Não,,Prof Ii,5081.52,Não,Mensalista,65.0,930,2
PRAÇA SECA,F,RIO DE JANEIRO,BRASILEIRA,Viúvo,1946-07-31,RJ,FEMININO,Não,,Professor,3235.66,Não,Mensalista,79.0,984,2
TIJUCA,F,RIO DE JANEIRO,BRASILEIRA,Viúva,1958-08-08,RJ,FEMININO,Não,,Professor Ii,8155.04,Não,Mensalista,67.0,1048,1
TIJUCA,F,RIO DE JANEIRO,BRASILEIRA,Viúva,1958-08-08,RJ,FEMININO,Não,,Professor Ii,8155.04,Não,Mensalista,67.0,1048,1
ANA CLARA,F,RIO DE JANEIRO,BRASILEIRA,SOLTEIRO,1976-04-27,RJ,FEMININO,Não,,Professor Ii,3218.58,Não,Mensalista,49.0,1048,0
PILARES,F,RIO DE JANEIRO,Brasileira,Solteiro,1958-03-30,RJ,FEMININO,Não,,Trabalhador,1603.44,Não,Mensalista,67.0,1202,2
BRAZ DE PINA,F,RIO DE JANEIRO,Brasileira,Separada judicialmente,1950-04-01,RJ,FEMININO,Não,,Copeira,1352.76,Não,Mensalista,75.0,677,2
MALLET,F,RIO DE JANEIRO,Brasileira,Viúvo,1938-04-27,RJ,FEMININO,Não,,Merendeira,1243.78,Não,Mensalista,87.0,812,2
COSMOS,F,RIO DE JANEIRO,BRASILEIRA,Solteira,1951-06-13,RJ,FEMININO,Não,,Professor Ii,2359.53,Não,Mensalista,74.0,1048,2
INHOAIBA,F,RIO DE JANEIRO,BRASILEIRA,Divorciado,1961-02-18,RJ,MASCULINO,Não,,Aux. De Enfermagem 2º Grau,2825.39,Não,Mensalista,64.0,539,3
AUSTIN,F,NOVA IGUAÇU,BRASILEIRA,Casada,1971-04-06,RJ,FEMININO,Não,,Merendeira,2723.54,Não,Mensalista,54.0,812,0
MADUREIRA,F,RIO DE JANEIRO,Brasileira,Divorciada,1944-02-02,RJ,FEMININO,Não,,Copeiro ( Sms),1885.5,Não,Mensalista,81.0,680,2
TURIAÇU,F,RIO DE JANEIRO,BRASILEIRA,Casada,1949-06-20,RJ,FEMININO,Não,,Enfermeiro,3153.58,Não,Mensalista,76.0,724,2
CAMPO GRANDE,F,RIO DE JANEIRO,BRASILEIRA,Solteira,1968-05-10,RJ,FEMININO,Não,,Aux De Enfermagem ( Enq. Forma,3959.98,Não,Mensalista,57.0,460,0
CAMPO GRANDE,F,RIO DE JANEIRO,BRASILEIRA,Casado,1949-01-20,RJ,FEMININO,Não,,Professor,5341.19,Não,Mensalista,76.0,984,2
MADUREIRA,F,RIO DE JANEIRO,Brasileira,Solteiro,1959-03-25,RJ,FEMININO,Não,,Aux De Enfermagem,2821.9,Não,Mensalista,66.0,459,3
JARDIM CARIOCA,F,RIO DE JANEIRO,BRASILEIRA,Casada,1957-10-14,RJ,FEMININO,Não,,Servente,2966.97,Não,Mensalista,68.0,1116,2
SENADOR CAMARA,F,RIO DE JANEIRO,Brasileira,Casado,1959-09-28,RJ,FEMININO,Não,,Servente,2138.08,Não,Mensalista,66.0,1116,2
INHAUMA,F,RIO DE JANEIRO,Brasileira,Casada,1949-10-17,RJ,FEMININO,Não,,Merendeira,1930.86,Não,Mensalista,76.0,812,2
OLARIA,F,RIO DE JANEIRO,Brasileira,Solteira,1945-04-18,RJ,FEMININO,Não,,Prof. Ii,2774.64,Não,Mensalista,80.0,968,2
CENTRO,F,NOVA IGUAÇU,BRASILEIRA,Solteiro,1988-06-27,RJ,MASCULINO,Não,Risco PLD/FT Baixo,Professor Docente I,4824.11,Não,Mensalista,37.0,1012,0
PECHINCHA,F,RIO DE JANEIRO,BRASILEIRA,Solteiro,1988-06-27,RJ,MASCULINO,Não,Risco PLD/FT Baixo,Professor De Ensino Fundamenta,7377.46,Não,Mensalista,37.0,1001,0
ACARI,F,RIO DE JANEIRO,Brasileira,Viúva,1946-11-12,RJ,FEMININO,Não,,Prof I Espanhol,3348.67,Não,Mensalista,79.0,921,2
SANTA CRUZ,F,RIO DE JANEIRO,BRASILEIRA,Solteira,1984-08-10,RJ,FEMININO,Não,,Aux De Enfermagem 2º Grau,2858.19,Não,Mensalista,41.0,474,0
GUARATIBA,F,RIO DE JANEIRO,BRASILEIRA,Casada,1964-12-25,RJ,FEMININO,Não,,Professor,2011.78,Não,Mensalista,61.0,984,2
MUTUAPIRA,F,SAO GONCALO,Brasileira,Casado,1953-04-26,RJ,FEMININO,Não,,Agente Comunitaria Nivel I (Qs,2900.24,Não,Mensalista,72.0,196,3
PAVUNA,F,RIO DE JANEIRO,Brasileira,Casado,1939-08-15,RJ,MASCULINO,Não,,Bombeiro,4464.7,Não,Mensalista,86.0,652,2
BENTO RIBEIRO,F,RIO DE JANEIRO,BRASILEIRA,Casada,1986-12-16,RJ,FEMININO,Não,Risco PLD/FT Baixo,Medico Otorrinolaringologia,8644.92,Não,Mensalista,39.0,808,1
RECREIO DOS BANDEIRANTES,F,RIO DE JANEIRO,BRASILEIRA,Solteiro,1989-08-10,RJ,FEMININO,Não,Risco PLD/FT Baixo,Guarda Municipal,4938.44,Não,Mensalista,36.0,776,0
BANGU,F,RIO DE JANEIRO,Brasileira,Divorciado,1956-07-28,RJ,FEMININO,Não,,Merendeira,1796.16,Não,Mensalista,69.0,812,2
MARACANA,F,RIO DE JANEIRO,BRASILEIRA,SOLTEIRO,1952-09-13,RJ,FEMININO,Não,,Agente De Administração,3048.46,Não,Mensalista,73.0,216,3
CAMPO GRANDE,F,RIO DE JANEIRO,Brasileira,Casado,1936-02-16,RJ,FEMININO,Não,,Datilografa,1835.32,Não,Mensalista,89.0,689,2
GALEÃO,F,RIO DE JANEIRO,Brasileira,Solteiro,1961-03-29,RJ,MASCULINO,Não,,Art De Alv E Pintura,4724.31,Não,Mensalista,64.0,301,3
COSMOS,F,RIO DE JANEIRO,BRASILEIRA,Casado,1968-03-17,RJ,MASCULINO,Não,,Armazenista (Rioluz),3488.25,Não,Mensalista,57.0,297,3
BENTO RIBEIRO,F,RIO DE JANEIRO,Brasileira,Casado,1967-12-15,RJ,MASCULINO,Não,,Trabalhador,2638.95,Não,Mensalista,58.0,1202,2
FREGUESIA,F,RIO DE JANEIRO,BRASILEIRA,Solteira,1966-02-22,RJ,FEMININO,Não,,Professor Ii,13079.54,Não,Mensalista,59.0,1048,1
FREGUESIA,F,RIO DE JANEIRO,BRASILEIRA,Solteira,1966-02-22,RJ,FEMININO,Não,,Professor Ii,13079.54,Não,Mensalista,59.0,1048,1
CASCADURA,F,RIO DE JANEIRO,Brasileira,Solteira,1946-04-07,RJ,FEMININO,Não,,Roupeiro(Sms),1538.61,Não,Mensalista,79.0,1102,2
CAMPO GRANDE,F,RIO DE JANEIRO,BRASILEIRA,Solteira,1957-07-09,RJ,FEMININO,Não,,Servente,1930.54,Não,Mensalista,68.0,1116,2
OSWALDO CRUZ,F,RIO DE JANEIRO,Brasileira,Divorciado,1944-09-26,RJ,FEMININO,Não,,Merendeira,613.33,Não,Mensalista,81.0,812,2
CAMPO GRANDE,F,RIO DE JANEIRO,Brasileira,Divorciada,1963-12-29,RJ,FEMININO,Não,,Agente De Adminstração,3844.91,Não,Mensalista,62.0,221,3
VIGARIO GERAL,F,RIO DE JANEIRO,BRASILEIRA,Solteira,1968-11-02,RJ,FEMININO,Não,,Tecnico De Laboratorio,4530.42,Não,Mensalista,57.0,1176,2
DUQUE DE CAXIAS,F,RIO DE JANEIRO,Brasileira,Casado,1951-07-27,RJ,FEMININO,Não,,Servente,1605.16,Não,Mensalista,74.0,1116,2
COPACABANA,F,RIO DE JANEIRO,BRASILEIRA,Viúva,1936-03-05,RJ,FEMININO,Não,,Aposentada,11090.96,Não,Mensalista,89.0,294,3
COPACABANA,F,RIO DE JANEIRO,Brasileira,Viúva,1936-03-05,RJ,FEMININO,Não,,Professor Ii,7724.91,Não,Mensalista,89.0,1048,2
BANGU,F,RIO DE JANEIRO,Brasileira,Casado,1973-12-16,RJ,FEMININO,Não,,Professor,6363.88,Não,Mensalista,52.0,984,1
PENHA,F,RIO DE JANEIRO,Brasileira,Casado,1953-11-07,RJ,FEMININO,Não,,Agente De Adm.,4129.04,Não,Mensalista,72.0,211,3
CAMPO GRANDE,F,RIO DE JANEIRO,Brasileira,Casado,1960-04-26,RJ,FEMININO,Não,,Aux. De Enfermagem,2488.48,Não,Mensalista,65.0,525,3
MARECHAL HERMES,F,RIO DE JANEIRO,Brasileira,Casado,1952-02-18,RJ,FEMININO,Não,,Prof Docente 2 A,0.0,Não,Mensalista,73.0,890,2
COSMOS,F,RIO DE JANEIRO,Brasileira,Casado,1965-10-16,RJ,FEMININO,Não,,Merendeira,1295.28,Não,Mensalista,60.0,812,2
SANTA CRUZ,F,RIO DE JANEIRO,BRASILEIRA,Divorciada,1960-05-10,RJ,FEMININO,Não,,Aposentada,1723.01,Não,Mensalista,65.0,294,3
BARRA DA TIJUCA,F,RIO DE JANEIRO,Brasileira,Separada judicialmente,1950-11-10,RJ,FEMININO,Não,,Ag. Administração,2339.61,Não,Mensalista,75.0,78,3
MADUREIRA,F,RIO DE JANEIRO,Brasileira,Viúva,1943-10-18,RJ,FEMININO,Não,,Aux De Enfermagem 2ª Grau,3422.26,Não,Mensalista,82.0,471,3
BANGU,F,RIO DE JANEIRO,Brasileira,Casada,1949-05-24,RJ,FEMININO,Não,,Copeiro,2173.57,Não,Mensalista,76.0,678,2
SENADOR CAMARA,F,RIO DE JANEIRO,Brasileira,Viúvo,1946-02-12,RJ,FEMININO,Não,,Prof Docente Ii B Ref 7,2632.76,Não,Mensalista,79.0,892,2
SENADOR VASCONCELOS,F,RIO DE JANEIRO,Brasileira,Casada,1957-06-29,RJ,FEMININO,Não,,Aposentada,3469.86,Não,Mensalista,68.0,294,3
MADUREIRA,F,RIO DE JANEIRO,BRASILEIRA,Solteira,1982-02-17,RJ,FEMININO,Não,,Secretaria Escolar,3014.52,Não,Mensalista,43.0,1109,0
CAMPO GRANDE,F,RIO DE JANEIRO,Brasileira,Solteira,1950-07-10,RJ,FEMININO,Não,,Auxiliar De Servicos De Saude,2347.36,Não,Mensalista,75.0,634,3
CARAMUJO,F,RIO DE JANEIRO,Brasileira,Não informado,1959-01-13,RJ,MASCULINO,Não,,Auxiliar De Enfermagem,3009.42,Não,Mensalista,66.0,608,3
ANCHIETA,F,RIO DE JANEIRO,Brasileira,Casada,1961-01-24,RJ,FEMININO,Não,,Aux De Enfermagem 2º Grau,3508.43,Não,Mensalista,64.0,474,3
CAMPO GRANDE,F,RIO DE JANEIRO,BRASILEIRA,Solteira,1954-06-06,RJ,FEMININO,Não,,Professor Ii,4193.51,Não,Mensalista,71.0,1048,2
CAMPO GRANDE,F,RIO DE JANEIRO,BRASILEIRA,Solteira,1954-06-06,RJ,FEMININO,Não,,Professor Ii,6377.59,Não,Mensalista,71.0,1048,2
PARADA DE LUCAS,F,RIO DE JANEIRO,Brasileira,Solteira,1950-11-30,RJ,FEMININO,Não,,Aux De Enfermagem 2º Grau,3200.41,Não,Mensalista,75.0,474,3
VILA VALQUEIRE,F,RIO DE JANEIRO,BRASILEIRA,Casada,1952-01-31,RJ,FEMININO,Não,,Merendeira,892.05,Não,Mensalista,73.0,812,2
MUTUA,F,SÃO GONÇALO,BRASILEIRA,Casado,1981-01-22,RJ,MASCULINO,Não,,Prof I / Coordenador Pedagogic,3178.44,Não,Mensalista,44.0,916,0
COPACABANA,F,RIO DE JANEIRO,Brasileira,Casado,1964-05-18,RJ,MASCULINO,Não,,Trabalhador,1709.5,Não,Mensalista,61.0,1202,2
JACARÉ,F,RIO DE JANEIRO,Brasileira,Solteiro,1968-09-05,RJ,MASCULINO,Não,,Ag De Administração,6275.57,Não,Mensalista,57.0,40,3
CAMPOS ELISEOS,F,RIO DE JANEIRO,Brasileira,Viúvo,1944-10-28,RJ,MASCULINO,Não,,Operador De Maquinas Pesadas,4287.48,Não,Mensalista,81.0,855,2
TURIAÇU,F,RIO DE JANEIRO,Brasileira,União Estável,1957-09-07,RJ,MASCULINO,Não,,Ag Administração,5161.01,Não,Mensalista,68.0,21,3
CAMPO GRANDE,F,RIO DE JANEIRO,Brasileira,Casado,1951-06-02,RJ,MASCULINO,Não,,Motorista,2737.88,Não,Mensalista,74.0,827,2
AGUA SANTA,F,RIO DE JANEIRO,Brasileira,Solteiro,1942-12-05,RJ,MASCULINO,Não,,Ag De Portaria,4403.34,Não,Mensalista,83.0,56,3
TAQUARA,F,RIO DE JANEIRO,BRASILEIRA,Casada,1961-11-05,RJ,FEMININO,Não,,Ag. De Educação Infantil,3501.36,Não,Mensalista,64.0,129,3
PARQUE SÃO FRANCISCO,F,RIO DE JANEIRO,Brasileira,Viúva,1951-01-22,RJ,FEMININO,Não,,Merendeira,2665.96,Não,Mensalista,74.0,812,2
BENTO RIBEIRO,F,RIO DE JANEIRO,Brasileira,Casado,1954-04-22,RJ,FEMININO,Não,,Ag Comunitario Nivel I (Qs),1992.08,Não,Mensalista,71.0,34,3
LEOPOLDINA,F,RIO DE JANEIRO,Brasileira,Viúvo,1948-02-15,RJ,FEMININO,Não,,Servente/Assit.,4641.76,Não,Mensalista,77.0,1124,2
MANGUEIRA,F,RIO DE JANEIRO,BRASILEIRA,Solteira,1954-05-28,RJ,FEMININO,Não,,Merendeira,1031.24,Não,Mensalista,71.0,812,2
ANCHIETA,F,RIO DE JANEIRO,Brasileira,Casado,1954-03-04,RJ,MASCULINO,Não,,Agente Auxiliar De Administrac,2794.68,Não,Mensalista,71.0,193,3
PARQUE ANCHIETA,F,RIO DE JANEIRO,Brasileira,Solteira,1960-05-15,RJ,FEMININO,Não,,Ag De Administração,5763.53,Não,Mensalista,65.0,40,3
BANGU,F,RIO DE JANEIRO,Brasileira,Solteiro,1957-09-21,RJ,MASCULINO,Não,,Lavandeiro(Sms),6756.35,Não,Mensalista,68.0,801,2
BANGU,F,RIO DE JANEIRO,Brasileira,Casada,1957-11-04,RJ,FEMININO,Não,,Merendeira,1489.53,Não,Mensalista,68.0,812,2
GUADALUPE,F,RIO DE JANEIRO,BRASILEIRA,Solteira,1944-11-09,RJ,FEMININO,Não,,Aposentada,10031.39,Não,Mensalista,81.0,294,3
GUADALUPE,F,RIO DE JANEIRO,BRASILEIRA,Solteira,1944-11-09,RJ,FEMININO,Não,,Aposentada,10241.58,Não,Mensalista,81.0,294,3
VILA VALQUEIRE,F,RIO DE JANEIRO,BRASILEIRA,Solteiro,1966-01-15,RJ,MASCULINO,Não,,Professor I,9335.4,Não,Mensalista,59.0,1028,1
ENGENHO NOVO,F,RIO DE JANEIRO,Brasileira,Solteiro,1959-11-09,RJ,FEMININO,Não,,Auxiliar Tec De Defesa Civil,3721.84,Não,Mensalista,66.0,646,3
CAMPO GRANDE,F,RIO DE JANEIRO,Brasileira,Casado,1952-07-31,RJ,FEMININO,Não,,Aux De E Enfermagem,5724.08,Não,Mensalista,73.0,456,3
SANTA CRUZ,F,RIO DE JANEIRO,BRASILEIRA,Casada,1972-04-09,RJ,FEMININO,Não,,Aux De Enfermagem 2 º Grau,4395.96,Não,Mensalista,53.0,470,0
SÃO MATEUS,F,SÃO JOÃO DE MERITI,Brasileira,Divorciada,1956-06-20,RJ,FEMININO,Não,,Tecnico De Enfermagem,4736.54,Não,Mensalista,69.0,1172,2
MANGUINHOS,F,RIO DE JANEIRO,Brasileira,Viúva,1951-06-03,RJ,FEMININO,Não,,Servente(Sms),2969.88,Não,Mensalista,74.0,1121,2
RICARDO DE ALBUQUERQUE,F,RIO DE JANEIRO,BRASILEIRA,Casada,1951-07-09,RJ,FEMININO,Não,,Aux De Enfermagem 1º Grau,2378.76,Não,Mensalista,74.0,468,3
CAMPO LINDO,F,SEROPEDICA,Brasileira,Solteira,1952-07-07,RJ,FEMININO,Não,,Ag De Administração,4980.91,Não,Mensalista,73.0,40,3
SANTA TERESA,F,RIO DE JANEIRO,Brasileira,Casada,1945-08-02,RJ,FEMININO,Não,,Datilografo/Subg Iv,4365.1,Não,Mensalista,80.0,698,2
PECHINCHA,F,RIO DE JANEIRO,BRASILEIRA,Solteira,1964-08-14,RJ,FEMININO,Não,,Professor Ii,14746.74,Não,Mensalista,61.0,1048,1
PECHINCHA,F,RIO DE JANEIRO,BRASILEIRA,Solteira,1964-08-14,RJ,FEMININO,Não,,Professor Ii,14746.74,Não,Mensalista,61.0,1048,1
SANTA CRUZ,F,RIO DE JANEIRO,Brasileira,Casado,1954-12-19,RJ,FEMININO,Não,,Ag Comunitario,1977.89,Não,Mensalista,71.0,33,3
PACIENCIA,F,RIO DE JANEIRO,Brasileira,Casada,1951-05-21,RJ,FEMININO,Não,,Servente,2335.96,Não,Mensalista,74.0,1116,2
SEPETIBA,F,RIO DE JANEIRO,Brasileira,Viúva,1952-01-02,RJ,FEMININO,Não,,Copeiro,960.42,Não,Mensalista,73.0,678,2
ENGENHO DA RAINHA,F,RIO DE JANEIRO,Brasileira,Divorciada,1954-05-07,RJ,FEMININO,Não,,Professor I Educaçao Fisica,3598.6,Não,Mensalista,71.0,1041,2
JACAREZINHO,F,RIO DE JANEIRO,Brasileira,Solteira,1949-03-29,RJ,FEMININO,Não,,Merendeira,949.2,Não,Mensalista,76.0,812,2
PARQUE FLUMIMENSE,F,DUQUE DE CAXIAS,Brasileira,Viúvo,1948-10-23,RJ,FEMININO,Não,,Merendeira,1625.42,Não,Mensalista,77.0,812,2
LEOPOLDINA,F,DUQUE DE CAXIAS,Brasileira,Divorciado,1949-02-16,RJ,FEMININO,Não,,Agente De Portaria Da Procurad,4007.56,Não,Mensalista,76.0,247,3
CAMPO GRANDE,F,RIO DE JANEIRO,BRASILEIRA,Viúva,1964-03-25,RJ,FEMININO,Não,,Professorii,12014.5,Não,Mensalista,61.0,1079,1
PACIENCIA,F,RIO DE JANEIRO,BRASILEIRA,Solteira,1970-11-25,RJ,FEMININO,Não,,Merendeira,2723.54,Não,Mensalista,55.0,812,0
ACARI,F,RIO DE JANEIRO,Brasileira,Solteiro,1957-08-26,RJ,MASCULINO,Não,,Agente Da Portaria,6033.86,Não,Mensalista,68.0,209,3
ROCHA MIRANDA,F,RIO DE JANEIRO,Brasileira,Solteira,1938-08-01,RJ,FEMININO,Não,,Aux De Enfermagem 1º Grau,2432.7,Não,Mensalista,87.0,468,3
CENTRO,F,NITEROI,Brasileira,Viúvo,1936-07-02,RJ,FEMININO,Não,,Ass. Adm.,1064.16,Não,Mensalista,89.0,397,3
SEPETIBA,F,RIO DE JANEIRO,BRASILEIRA,Separada judicialmente,1957-09-28,RJ,FEMININO,Não,,Prof Ii/Diretor Adjunto,3625.54,Não,Mensalista,68.0,939,2
SEPETIBA,F,RIO DE JANEIRO,BRASILEIRA,Divorciada,1957-09-28,RJ,FEMININO,Não,,Prof. Ii,4502.58,Não,Mensalista,68.0,968,2
PENHA CIRCULAR,F,RIO DE JANEIRO,BRASILEIRA,Solteiro,1980-05-03,RJ,MASCULINO,Não,,Professor Ii,2910.01,Não,Mensalista,45.0,1048,0
LEOPOLDINA,F,RIO DE JANEIRO,Brasileira,Solteiro,1980-05-03,RJ,MASCULINO,Não,,Educação,5182.48,Não,Mensalista,45.0,710,0
RAMOS,F,RIO DE JANEIRO,BRASILEIRA,Solteira,1978-07-04,RJ,FEMININO,Não,,Professor Ii,6206.64,Não,Mensalista,47.0,1048,0
IRAJA,F,RIO DE JANEIRO,BRASILEIRA,Casada,1962-12-11,RJ,FEMININO,Não,,Professor Ii,4930.93,Não,Mensalista,63.0,1048,2
IRAJA,F,RIO DE JANEIRO,BRASILEIRA,Casada,1962-12-11,RJ,FEMININO,Não,,Professor,4311.8,Não,Mensalista,63.0,984,2
PRAÇA SECA,F,RIO DE JANEIRO,Brasileira,Solteira,1963-04-13,RJ,FEMININO,Não,,Aposentada,4254.44,Não,Mensalista,62.0,294,3
CURICICA,F,RIO DE JANEIRO,Brasileira,Solteira,1945-10-18,RJ,FEMININO,Não,,Auxiliar De Enfermagem,3219.19,Não,Mensalista,80.0,608,3
BANGU,F,RIO DE JANEIRO,BRASILEIRA,Casada,1974-12-25,RJ,FEMININO,Não,,Auxiliar De Enfermagem - 2º Gr,3036.39,Não,Mensalista,51.0,614,0
CACHAMBI,F,RIO DE JANEIRO,Brasileira,Casado,1959-08-16,RJ,FEMININO,Não,,Aux. De Enfermagem-2º Grau,3672.3,Não,Mensalista,66.0,546,3
BANGU,F,RIO DE JANEIRO,Brasileira,Solteira,1954-07-31,RJ,FEMININO,Não,,Merendeira,2451.66,Não,Mensalista,71.0,812,2
CAMPO GRANDE,F,RIO DE JANEIRO,BRASILEIRA,Divorciada,1959-05-26,RJ,FEMININO,Não,,Professor Ii,14958.25,Não,Mensalista,66.0,1048,1
CAMPO GRANDE,F,RIO DE JANEIRO,BRASILEIRA,Divorciada,1959-05-26,RJ,FEMININO,Não,,Prof. De Ensino Fundamental,1388.46,Não,Mensalista,66.0,953,2
CAMPO GRANDE,F,RIO DE JANEIRO,Brasileira,Viúva,1959-12-05,RJ,FEMININO,Não,,Professor Ii,4409.09,Não,Mensalista,66.0,1048,2
CAMPO GRANDE,F,RIO DE JANEIRO,Brasileira,Viúva,1959-12-05,RJ,FEMININO,Não,,Professor Ii,3184.85,Não,Mensalista,66.0,1048,2
BANGU,F,RIO DE JANEIRO,BRASILEIRA,Casada,1964-03-22,RJ,FEMININO,Não,,Professor Ii,10956.64,Não,Mensalista,61.0,1048,1
BANGU,F,RIO DE JANEIRO,Brasileira,Casada,1964-03-22,RJ,FEMININO,Não,,Professor Ii,10956.64,Não,Mensalista,61.0,1048,1
BAIRRO DE FÁTIMA,F,NITEROI,Brasileira,Casado,1943-04-07,RJ,MASCULINO,Não,,Ag. Pag// De Pessoal 1,0.0,Não,Mensalista,82.0,149,3
IRAJA,F,RIO DE JANEIRO,Brasileira,Casado,1956-01-27,RJ,MASCULINO,Não,,Trabalhador,2284.74,Não,Mensalista,69.0,1202,2
ENGENHO NOVO,F,RIO DE JANEIRO,Brasileira,Casado,1952-08-29,RJ,FEMININO,Não,,Chefe De Manutençao,3695.76,Não,Mensalista,73.0,667,2
ANA CLARA,F,RIO DE JANEIRO,Brasileira,Casado,1954-12-25,RJ,MASCULINO,Não,,Aj De Eletricista,2962.12,Não,Mensalista,71.0,282,3
FONSECA,F,NITEROI,BRASILEIRA,Casado,1963-07-22,RJ,MASCULINO,Não,,Digitador,6801.36,Não,Mensalista,62.0,704,1
COELHO NETO,F,RIO DE JANEIRO,Brasileira,Solteiro,1966-12-23,RJ,MASCULINO,Não,,Trabalhador,3046.17,Não,Mensalista,59.0,1202,2
VILAR DOS TELLES,F,RIO DE JANEIRO,Brasileira,Casado,1943-07-30,RJ,MASCULINO,Não,,Trabalhador,1055.24,Não,Mensalista,82.0,1202,2
BOA SORTE,F,CURITIBA,BRASILEIRA,SOLTEIRO,1965-06-14,PR,MASCULINO,Não,,Trabalhador,3271.04,Não,Mensalista,60.0,1202,2
CORDOVIL,F,RIO DE JANEIRO,Brasileira,Divorciado,1954-10-19,RJ,MASCULINO,Não,,Ag De Comunicação,4060.81,Não,Mensalista,71.0,48,3
VAZ LOBO,F,RIO DE JANEIRO,Brasileira,Casado,1949-01-18,RJ,MASCULINO,Não,,Trabalhador,998.65,Não,Mensalista,76.0,1202,2
TODOS OS SANTOS,F,RIO DE JANEIRO,BRASILEIRA,Casado,1955-12-02,RJ,FEMININO,Não,,Prof Ii,4946.16,Não,Mensalista,70.0,930,2
TODOS OS SANTOS,F,RIO DE JANEIRO,BRASILEIRA,Casado,1955-12-02,RJ,FEMININO,Não,,Prof Ii,4946.16,Não,Mensalista,70.0,930,2
BRAZ DE PINA,F,RIO DE JANEIRO,Brasileira,Solteira,1960-04-01,RJ,FEMININO,Não,,Servente,2275.2,Não,Mensalista,65.0,1116,2
JARDIM ALZIRA,F,QUEIMADOS,Brasileira,Solteira,1954-12-30,RJ,FEMININO,Não,,Aux. De Enfermagem 1º Grau,3116.12,Não,Mensalista,71.0,534,3
ROCHA MIRANDA,F,RIO DE JANEIRO,BRASILEIRA,Viúva,1937-12-01,RJ,FEMININO,Não,,Merendeira,1304.73,Não,Mensalista,88.0,812,2
SEPETIBA,F,RIO DE JANEIRO,BRASILEIRA,Casada,1968-11-05,RJ,FEMININO,Não,,Agente Educação,1532.25,Não,Mensalista,57.0,271,3
SEPETIBA,F,RIO DE JANEIRO,Brasileira,Viúvo,1947-02-13,RJ,FEMININO,Não,,Merendeira,2598.64,Não,Mensalista,78.0,812,2
CAMPO GRANDE,F,RIO DE JANEIRO,BRASILEIRA,Casada,1955-03-19,RJ,FEMININO,Não,,Auxiliar De Enfermagem,3786.19,Não,Mensalista,70.0,608,3
PARADA DE LUCAS,F,RIO DE JANEIRO,BRASILEIRA,Viúva,1946-08-23,RJ,FEMININO,Não,,Agente De Administração,2669.37,Não,Mensalista,79.0,216,3
TANQUE,F,RIO DE JANEIRO,Brasileira,Divorciada,1952-06-24,RJ,FEMININO,Não,,Prof Ii,10486.42,Não,Mensalista,73.0,930,1
JARDIM IGUAÇU,F,NOVA IGUAÇU,Brasileira,Casado,1950-11-07,RJ,FEMININO,Não,,Aux De Enfermagem Ii,3129.16,Não,Mensalista,75.0,477,3
MADUREIRA,F,RIO DE JANEIRO,Brasileira,Solteiro,1953-03-04,RJ,FEMININO,Não,,Tecnico De Enfermagem,2789.5,Não,Mensalista,72.0,1172,2
CENTRO,F,NITEROI,Brasileira,Desquitada,1957-04-25,RJ,FEMININO,Não,,Aux. De Escritorio,1429.76,Não,Mensalista,68.0,549,3
PRAÇA SECA,F,RIO DE JANEIRO,BRASILEIRA,Divorciada,1967-04-26,RJ,FEMININO,Não,,Aux De Enfermagem 2º Grau,3836.71,Não,Mensalista,58.0,474,3
SANTA CRUZ,F,RIO DE JANEIRO,BRASILEIRA,Casada,1974-07-13,RJ,FEMININO,Não,,Merendeira,2505.37,Não,Mensalista,51.0,812,0
CURICICA,F,RIO DE JANEIRO,Brasileira,Solteiro,1946-08-04,RJ,FEMININO,Não,,Professor,5538.06,Não,Mensalista,79.0,984,2
VILAR DOS TELLES,F,RIO DE JANEIRO,Brasileira,Desquitada,1943-01-23,RJ,FEMININO,Não,,Professor Ii,1746.29,Não,Mensalista,82.0,1048,2
SEPETIBA,F,RIO DE JANEIRO,Brasileira,Casado,1953-09-26,RJ,MASCULINO,Não,,Trabalhador,2209.8,Não,Mensalista,72.0,1202,2
BANGU,F,RIO DE JANEIRO,Brasileira,Solteiro,1956-11-07,RJ,MASCULINO,Não,,Desenhista Tec.,5732.46,Não,Mensalista,69.0,703,2
VARGEM GRANDE,F,RIO DE JANEIRO,Brasileira,Casado,1947-07-08,RJ,MASCULINO,Não,,Ag. Admin,5476.28,Não,Mensalista,78.0,76,3
CAMPO GRANDE,F,RIO DE JANEIRO,Brasileira,Casado,1952-01-11,RJ,MASCULINO,Não,,Trabalhador,3613.86,Não,Mensalista,73.0,1202,2
INHOAIBA,F,RIO DE JANEIRO,Brasileira,Divorciada,1973-05-10,RJ,FEMININO,Não,,Aposentada,1838.34,Não,Mensalista,52.0,294,0
TURIAÇU,F,RIO DE JANEIRO,BRASILEIRA,Casada,1964-03-10,RJ,FEMININO,Não,,Agente De Administraçao,1638.98,Não,Mensalista,61.0,215,3
BANGU,F,RIO DE JANEIRO,BRASILEIRA,Separada judicialmente,1947-01-21,RJ,FEMININO,Não,,Servente,965.07,Não,Mensalista,78.0,1116,2
BARRA DE GUARATIBA,F,RIO DE JANEIRO,BRASILEIRA,Casada,1974-05-31,RJ,FEMININO,Não,,Professor I,9937.54,Não,Mensalista,51.0,1028,1
BARRA DE GUARATIBA,F,RIO DE JANEIRO,BRASILEIRA,Casada,1974-05-31,RJ,FEMININO,Não,,Professor I,9937.54,Não,Mensalista,51.0,1028,1
CASCADURA,F,RIO DE JANEIRO,Brasileira,Casado,1952-02-02,RJ,FEMININO,Não,,Ass. Administrativo,5616.2,Não,Mensalista,73.0,400,3
CAMPO GRANDE,F,RIO DE JANEIRO,BRASILEIRA,Divorciada,1966-10-02,RJ,FEMININO,Não,,Servente,998.0,Não,Mensalista,59.0,1116,2
CAMPO GRANDE,F,RIO DE JANEIRO,BRASILEIRA,Divorciada,1950-02-24,RJ,FEMININO,Não,,Servente,1762.25,Não,Mensalista,75.0,1116,2
BARRA DA TIJUCA,F,RIO DE JANEIRO,Brasileira,Viúva,1955-02-08,RJ,FEMININO,Não,,Servente,912.12,Não,Mensalista,70.0,1116,2
JACAREPAGUA,F,RIO DE JANEIRO,BRASILEIRA,Casada,1956-08-23,RJ,FEMININO,Não,,Auxiliar De Enfermagem 2° Grau,2446.86,Não,Mensalista,69.0,619,3
CAMPO GRANDE,F,RIO DE JANEIRO,BRASILEIRA,Divorciado,1962-08-28,RJ,MASCULINO,Não,,Prof I - Matemática,6915.37,Não,Mensalista,63.0,913,1
CARAMUJO,F,CURITIBA,Brasileira,Viúvo,1963-03-12,PR,FEMININO,Não,,Aux. De Enfermagem,2261.64,Não,Mensalista,62.0,525,3
PILARES,F,RIO DE JANEIRO,Brasileira,Viúva,1944-01-18,RJ,FEMININO,Não,,Professor,2324.63,Não,Mensalista,81.0,984,2
MOQUETA,F,NOVA IGUAÇU,brasileira,Solteira,1968-01-05,RJ,FEMININO,Não,,Aux De Enfermagem 2ª Grau,3182.86,Não,Mensalista,57.0,471,0
INHOAIBA,F,RIO DE JANEIRO,Brasileira,Casada,1963-11-23,RJ,FEMININO,Não,,Aux De Enfermagem 2º Grau,5350.05,Não,Mensalista,62.0,474,3
INHAUMA,F,RIO DE JANEIRO,Brasileira,Viúvo,1944-08-12,RJ,FEMININO,Não,,Pensionista,4325.0,Não,Mensalista,81.0,863,2
TIJUCA,F,RIO DE JANEIRO,BRASILEIRA,Solteira,1951-10-30,RJ,FEMININO,Não,,Professora Ii,4618.6,Não,Mensalista,74.0,1074,2
TAUA,F,RIO DE JANEIRO,BRASILEIRA,Viúva,1941-05-03,RJ,FEMININO,Não,,Professor Ii,6117.04,Não,Mensalista,84.0,1048,2
TAUA,F,RIO DE JANEIRO,Brasileira,Viúva,1941-05-03,RJ,FEMININO,Não,,Professor,4204.12,Não,Mensalista,84.0,984,2
REALENGO,F,RIO DE JANEIRO,BRASILEIRA,Divorciada,1983-09-18,RJ,FEMININO,Não,,Guarda Municipal,3520.07,Não,Mensalista,42.0,776,0
CAMPINHO,F,RIO DE JANEIRO,Brasileira,Divorciada,1953-02-22,RJ,FEMININO,Não,,Prof. Ii,4724.29,Não,Mensalista,72.0,968,2
COPACABANA,F,RIO DE JANEIRO,Brasileira,Casado,1934-08-17,RJ,FEMININO,Não,,Aposentado,3475.66,Não,Mensalista,91.0,295,3
LUZ,F,NOVA IGUAÇU,BRASILEIRA,Solteira,1978-12-15,RJ,FEMININO,Não,,Aux. De Enfermagem - 2º Grau,3194.61,Não,Mensalista,47.0,532,0
FONSECA,F,NITERÓI,Brasileira,Solteira,1945-05-31,RJ,FEMININO,Não,,Servente,2840.65,Não,Mensalista,80.0,1116,2
PECHINCHA,F,RIO DE JANEIRO,BRASILEIRA,Casada,1957-09-05,RJ,FEMININO,Não,,Professor Ii/Diretor Adjunto,6086.06,Não,Mensalista,68.0,1064,2
INHAUMA,F,RIO DE JANEIRO,Brasileira,OUTROS,1954-10-04,RJ,MASCULINO,Não,,Trabalhador,3962.28,Não,Mensalista,71.0,1202,2
JARDIM CATARINA,F,SAO GONCALO,Brasileira,Casado,1938-01-29,RJ,MASCULINO,Não,,Ag. De Vigilancia,1520.36,Não,Mensalista,87.0,140,3
KM 32,F,NOVA IGUAÇU,BRASILEIRA,Solteiro,1937-02-04,RJ,MASCULINO,Não,,Art De Alvenaria E Pintura,2040.83,Não,Mensalista,88.0,304,3
MEIER,F,RIO DE JANEIRO,BRASILEIRA,Viúva,1955-10-04,RJ,FEMININO,Não,,Auxiliar De Enfermagem,6293.5,Não,Mensalista,70.0,608,3
SANTA CRUZ,F,RIO DE JANEIRO,Brasileira,Solteiro,1955-03-11,RJ,MASCULINO,Não,,Tratador De Animais,2536.43,Não,Mensalista,70.0,1226,2
LEOPOLDINA,F,RIO DE JANEIRO,Brasileira,Casado,1948-11-11,RJ,FEMININO,Não,,Merendeira,2124.0,Não,Mensalista,77.0,812,2
COSMOS,F,RIO DE JANEIRO,BRASILEIRA,Viúvo,1947-07-26,RJ,FEMININO,Não,,Art. De Cozinha,2928.64,Não,Mensalista,78.0,350,3
REALENGO,F,RIO DE JANEIRO,Brasileira,Viúva,1958-09-20,RJ,FEMININO,Não,,Servente,1109.8,Não,Mensalista,67.0,1116,2
CAMPO GRANDE,F,RIO DE JANEIRO,BRASILEIRA,Solteiro,1977-10-28,RJ,MASCULINO,Não,Risco PLD/FT Baixo,Inspetor De Policia Penal,13237.21,Não,Mensalista,48.0,794,1
MARECHAL HERMES,F,RIO DE JANEIRO,Brasileira,Casado,1956-09-07,RJ,FEMININO,Não,,Secretaria 3,0.0,Não,Mensalista,69.0,1108,2
TUBIACANGA,F,RIO DE JANEIRO,BRASILEIRA,Solteiro,1968-04-28,RJ,MASCULINO,Não,,Aux De Enfermagem 2º Grau,3629.92,Não,Mensalista,57.0,474,0
SANTA CRUZ,F,RIO DE JANEIRO,Brasileira,Casado,1954-04-09,RJ,MASCULINO,Não,,Art De Pav E Pedreira,2737.95,Não,Mensalista,71.0,325,3
OLARIA,F,RIO DE JANEIRO,Brasileira,Solteira,1951-04-13,RJ,FEMININO,Não,,Prof Ii,5720.62,Não,Mensalista,74.0,930,2
SANTISSIMO,F,RIO DE JANEIRO,BRASILEIRA,Solteira,1971-09-28,RJ,FEMININO,Não,,Auxiliar De Enfermagem- 2 Grau,2269.05,Não,Mensalista,54.0,622,0
FLAMENGO,F,RIO DE JANEIRO,Brasileira,Solteiro,1938-05-20,RJ,FEMININO,Não,,Ag. Adm,2804.26,Não,Mensalista,87.0,74,3
SEPETIBA,F,RIO DE JANEIRO,Brasileira,Divorciada,1951-04-10,RJ,FEMININO,Não,,Professora,7196.41,Não,Mensalista,74.0,1070,2
LEOPOLDINA,F,RIO DE JANEIRO,Brasileira,Solteira,1952-05-03,RJ,FEMININO,Não,,Aposentada,7153.52,Não,Mensalista,73.0,294,3
REALENGO,F,RIO DE JANEIRO,Brasileira,Divorciada,1956-02-22,RJ,FEMININO,Não,,Aposentada,4812.63,Não,Mensalista,69.0,294,3
COPACABANA,F,RIO DE JANEIRO,Brasileira,Solteira,1940-12-13,RJ,FEMININO,Não,,Prof I,6401.9,Não,Mensalista,85.0,895,2
BRAZ DE PINA,F,RIO DE JANEIRO,Brasileira,Casada,1964-09-25,RJ,FEMININO,Não,,Servente,1517.27,Não,Mensalista,61.0,1116,2
PENHA CIRCULAR,F,RIO DE JANEIRO,BRASILEIRA,Casada,1970-07-24,RJ,FEMININO,Não,,Prof.Ii Coordenador Pedagógico,13768.28,Não,Mensalista,55.0,978,1
CENTRO,F,NOVA IGUACU,BRASILEIRA,Casada,1972-04-23,RJ,FEMININO,Não,Risco PLD/FT Baixo,Agente Educador Ii,2136.25,Não,Mensalista,53.0,268,0
ANDARAI,F,RIO DE JANEIRO,Brasileira,Solteiro,1946-08-27,RJ,MASCULINO,Não,,Ag. De Portaria,2090.42,Não,Mensalista,79.0,133,3
LEOPOLDINA,F,RIO DE JANEIRO,Brasileira,Solteiro,1973-04-25,RJ,FEMININO,Não,,Aux. De Enf.,1927.0,Não,Mensalista,52.0,522,0
PARQUE BOA VENTURA,F,NOVA IGUACU,Brasileira,Casada,1953-01-15,RJ,FEMININO,Não,,Ropeiro ( Sms),2087.8,Não,Mensalista,72.0,1098,2
COCOTA,F,RIO DE JANEIRO,Brasileira,Solteiro,1960-05-10,RJ,MASCULINO,Não,,Trabalhador,3177.31,Não,Mensalista,65.0,1202,2
ROCHA MIRANDA,F,RIO DE JANEIRO,Brasileira,Casado,1951-11-23,RJ,MASCULINO,Não,,Operador De Maquinas Pesadas,2278.54,Não,Mensalista,74.0,855,2
MARAPICU,F,NOVA IGUAÇU,BRASILEIRA,Solteiro,1957-03-08,RJ,MASCULINO,Não,,Operador De Maquinas Pesadas,3412.8,Não,Mensalista,68.0,855,2
SEPETIBA,F,RIO DE JANEIRO,Brasileira,Casado,1965-09-03,RJ,FEMININO,Não,,Ag Comunitario,2261.62,Não,Mensalista,60.0,33,3
ENGENHO NOVO,F,RIO DE JANEIRO,Brasileira,Casada,1939-02-20,RJ,FEMININO,Não,,Professor Ii,1650.64,Não,Mensalista,86.0,1048,2
CAMPO GRANDE,F,RIO DE JANEIRO,Brasileira,Viúvo,1964-02-29,RJ,MASCULINO,Não,,Trabalhador,2757.53,Não,Mensalista,61.0,1202,2
HONORIO GURGEL,F,RIO DE JANEIRO,Brasileira,Casado,1948-09-12,RJ,FEMININO,Não,,Copeiro,2280.78,Não,Mensalista,77.0,678,2
CASCADURA,F,RIO DE JANEIRO,Brasileira,Viúva,1937-04-09,RJ,FEMININO,Não,,Especialista De Educação,2781.84,Não,Mensalista,88.0,751,2
COELHO NETO,F,RIO DE JANEIRO,Brasileira,Solteiro,1953-11-07,RJ,MASCULINO,Não,,Agente De Administração,2967.49,Não,Mensalista,72.0,216,3
CAVALCANTE,F,RIO DE JANEIRO,Brasileira,Divorciado,1951-12-20,RJ,MASCULINO,Não,,Trabalhador 2 ( Rio Esportes),1721.66,Não,Mensalista,74.0,1208,2
INHAUMA,F,RIO DE JANEIRO,Brasileira,Casado,1945-03-25,RJ,MASCULINO,Não,,Agente Administrativo,5302.84,Não,Mensalista,80.0,178,3
CURICICA,F,RIO DE JANEIRO,Brasileira,Solteiro,1960-01-17,RJ,MASCULINO,Não,,Ag. De Vigilancia,6816.66,Não,Mensalista,65.0,140,3
SANTA CRUZ,F,RIO DE JANEIRO,Brasileira,Casado,1952-12-08,RJ,MASCULINO,Não,,Trabalhador,3544.77,Não,Mensalista,73.0,1202,2
REALENGO,F,RIO DE JANEIRO,Brasileira,Casado,1965-08-29,RJ,MASCULINO,Não,,Trabalhador,3577.47,Não,Mensalista,60.0,1202,2
IMBARIE,F,DUQUE DE CAXIAS,Brasileira,Solteiro,1957-04-15,RJ,MASCULINO,Não,,Motorista,5745.35,Não,Mensalista,68.0,827,2
CARAMUJO,F,RIO DE JANEIRO,Brasileira,Casado,1946-09-17,RJ,MASCULINO,Não,,Art.Pavimento E Pedreira,1846.4,Não,Mensalista,79.0,386,3
CIDADE DE DEUS,F,RIO DE JANEIRO,BRASILEIRA,SOLTEIRO,1957-10-08,RJ,MASCULINO,Não,,Servente,1986.66,Não,Mensalista,68.0,1116,2
CATUMBI,F,RIO DE JANEIRO,Brasileira,Solteiro,1983-04-04,RJ,MASCULINO,Não,,Professor,3889.54,Não,Mensalista,42.0,984,0
JACARÉ,F,RIO DE JANEIRO,Brasileira,Viúvo,1947-06-13,RJ,MASCULINO,Não,,Merendeira/Chefe Ii,2234.16,Não,Mensalista,78.0,819,2
BRAZ DE PINA,F,RIO DE JANEIRO,Brasileira,Casado,1953-04-03,RJ,FEMININO,Não,,Servente,901.9,Não,Mensalista,72.0,1116,2
CAMPO GRANDE,F,RIO DE JANEIRO,Brasileira,Divorciado,1966-08-12,RJ,MASCULINO,Não,,Trabalhador,2884.2,Não,Mensalista,59.0,1202,2
ENCANTADO,F,RIO DE JANEIRO,BRASILEIRA,Solteira,1968-03-28,RJ,FEMININO,Não,,Aux De Laboratorio,2861.22,Não,Mensalista,57.0,488,0
SANTA CRUZ,F,RIO DE JANEIRO,Brasileira,Casado,1952-10-09,RJ,MASCULINO,Não,,Trabalhador,2606.68,Não,Mensalista,73.0,1202,2
INHAUMA,F,RIO DE JANEIRO,Brasileira,Casado,1953-11-08,RJ,MASCULINO,Não,,Militar Inativo,5050.38,Não,Mensalista,72.0,825,2
CAMPO GRANDE,F,RIO DE JANEIRO,Brasileira,Solteiro,1951-09-03,RJ,MASCULINO,Não,,Trabalhador,1752.88,Não,Mensalista,74.0,1202,2
PRAÇA SECA,F,RIO DE JANEIRO,BRASILEIRA,Casado,1960-02-23,RJ,MASCULINO,Não,,Prof I - Geografia,4337.18,Não,Mensalista,65.0,904,2
PRAÇA SECA,F,RIO DE JANEIRO,BRASILEIRA,Casado,1960-02-23,RJ,MASCULINO,Não,,Prof I - Geografia,9576.88,Não,Mensalista,65.0,904,1
ROCHA,F,RIO DE JANEIRO,BRASILEIRA,Solteiro,1971-11-24,RJ,MASCULINO,Não,,Assistente Social,16137.02,Não,Mensalista,54.0,430,1
CAMPO GRANDE,F,RIO DE JANEIRO,BRASILEIRA,Solteiro,1953-10-07,RJ,MASCULINO,Não,,Ag. De Vigilancia,2892.36,Não,Mensalista,72.0,140,3
TODOS OS SANTOS,F,RIO DE JANEIRO,BRASILEIRA,Solteiro,1988-05-14,RJ,MASCULINO,Não,Risco PLD/FT Baixo,Tecnico Universitario Ii,7604.33,Não,Mensalista,37.0,1192,1
CENTRO,F,MESQUITA,Brasileira,Casado,1949-06-01,RJ,MASCULINO,Não,,Art. De Pavimentação E Pedreir,3274.62,Não,Mensalista,76.0,368,3
CAMPO GRANDE,F,RIO DE JANEIRO,BRASILEIRA,Solteira,1953-06-13,RJ,FEMININO,Não,,Professor Ii,3334.37,Não,Mensalista,72.0,1048,2
CAMPO GRANDE,F,RIO DE JANEIRO,BRASILEIRA,Solteira,1953-06-13,RJ,FEMININO,Não,,Professor Ii,2011.28,Não,Mensalista,72.0,1048,2
TURIAÇU,F,RIO DE JANEIRO,BRASILEIRA,Solteira,1988-02-25,RJ,FEMININO,Não,,Tecnico De Enfermagem,2533.83,Não,Mensalista,37.0,1172,0
TAQUARA,F,RIO DE JANEIRO,Brasileira,Solteira,1982-09-06,RJ,FEMININO,Não,,Professor Ii,4843.64,Não,Mensalista,43.0,1048,0
TAQUARA,F,RIO DE JANEIRO,BRASILEIRA,Solteira,1982-09-06,RJ,FEMININO,Não,,Professor Ii,4843.64,Não,Mensalista,43.0,1048,0
RAMOS,F,RIO DE JANEIRO,Brasileira,Casado,1959-08-29,RJ,FEMININO,Não,,Prof,8188.38,Não,Mensalista,66.0,874,1
REALENGO,F,RIO DE JANEIRO,BRASILEIRA,Casada,1977-09-21,RJ,FEMININO,Não,,Tecnico De Enfermagem,3502.85,Não,Mensalista,48.0,1172,0
VILA MARGARIDA,F,ITAGUAI,BRASILEIRA,Solteiro,1983-02-04,RJ,FEMININO,Não,Risco PLD/FT Baixo,Professor Adjunto De Educação,5740.58,Não,Mensalista,42.0,993,0
SANTA CRUZ,F,RIO DE JANEIRO,BRASILEIRA,Casada,1972-06-02,RJ,FEMININO,Não,,Ag. De Educação Infantil,3357.45,Não,Mensalista,53.0,129,3
COSMOS,F,RIO DE JANEIRO,BRASILEIRA,Divorciada,1971-01-14,RJ,FEMININO,Não,,Professor Ii,9185.13,Não,Mensalista,54.0,1048,1
TAQUARA,F,RIO DE JANEIRO,Brasileira,Solteira,1973-09-04,RJ,FEMININO,Não,,Aux De Enfermagem 2º Grau,3256.89,Não,Mensalista,52.0,474,0
MEIER,F,RIO DE JANEIRO,Brasileira,Casada,1978-01-18,RJ,FEMININO,Não,,Merendeira,2895.11,Não,Mensalista,47.0,812,0
MAUA,F,MAGE,BRASILEIRA,Solteira,1973-11-17,RJ,FEMININO,Não,,Aux. De Creche,4430.88,Não,Mensalista,52.0,519,0
SEPETIBA,F,RIO DE JANEIRO,BRASILEIRA,Casada,1977-12-18,RJ,FEMININO,Não,,Professor Ii,3845.3,Não,Mensalista,48.0,1048,0
COSMOS,F,RIO DE JANEIRO,BRASILEIRA,Solteira,1981-12-27,RJ,FEMININO,Não,,Ag. De Educação Infantil,3037.09,Não,Mensalista,44.0,129,0
SANTA CRUZ,F,CAMPOS DE GOYTACAZES,BRASILEIRA,Solteiro,1992-03-22,RJ,FEMININO,Não,Risco PLD/FT Baixo,Professor Docente 1,3884.53,Não,Mensalista,33.0,1011,0
SANTA CRUZ,F,RIO DE JANEIRO,Brasileira,Casada,1977-09-29,RJ,FEMININO,Não,,Prof Ii,1978.47,Não,Mensalista,48.0,930,0
CAMPO GRANDE,F,RIO DE JANEIRO,BRASILEIRA,Solteira,1978-03-20,RJ,FEMININO,Não,,Prof Ii,6700.08,Não,Mensalista,47.0,930,0
COLEGIO,F,RIO DE JANEIRO,Brasileira,Casada,1974-02-13,RJ,FEMININO,Não,,Prof Ii,6243.73,Não,Mensalista,51.0,930,0
JARDIM IGUAÇU,F,NOVA IGUAÇU,Brasileira,Solteira,1965-12-22,RJ,FEMININO,Não,,Ag De Administração,5689.29,Não,Mensalista,60.0,40,3
BOTAFOGO,F,RIO DE JANEIRO,BRASILEIRA,Casada,1954-03-07,RJ,FEMININO,Não,,Professor Ii,2370.5,Não,Mensalista,71.0,1048,2
TIJUCA,F,RIO DE JANEIRO,BRASILEIRA,Separada judicialmente,1971-06-24,RJ,FEMININO,Não,,Ag. Educação Infantil,3683.8,Não,Mensalista,54.0,145,3
INGÁ,F,NITEROI,BRASILEIRA,Solteira,1964-09-08,RJ,FEMININO,Não,,Merendeira,2432.64,Não,Mensalista,61.0,812,2
IPANEMA,F,RIO DE JANEIRO,Brasileira,Divorciado,1958-01-31,RJ,FEMININO,Não,,Tec. Judiciario Ii,9684.94,Não,Mensalista,67.0,1160,1
CAMORIM,F,RIO DE JANEIRO,BRASILEIRA,Casada,1971-08-22,RJ,FEMININO,Não,,Professor Ii,14874.6,Não,Mensalista,54.0,1048,1
CAMORIM,F,RIO DE JANEIRO,BRASILEIRA,Casada,1971-08-22,RJ,FEMININO,Não,,Professor Ii,12681.7,Não,Mensalista,54.0,1048,1
GUARATIBA,F,RIO DE JANEIRO,BRASILEIRA,Divorciada,1969-11-13,RJ,FEMININO,Não,,Professor Ii,7996.61,Não,Mensalista,56.0,1048,1
PRAIA SECA,F,ARARUAMA,BRASILEIRA,Divorciada,1964-05-20,RJ,FEMININO,Não,,Professor Ii,6142.54,Não,Mensalista,61.0,1048,2
PRAIA SECA,F,ARARUAMA,BRASILEIRA,Divorciada,1964-05-20,RJ,FEMININO,Não,,Professor Ii,6142.54,Não,Mensalista,61.0,1048,2
COSMOS,F,RIO DE JANEIRO,Brasileira,Casado,1977-04-15,RJ,FEMININO,Não,,Professora Ii,3582.66,Não,Mensalista,48.0,1074,0
SANTA CRUZ,F,RIO DE JANEIRO,Brasileira,Solteiro,1976-07-19,RJ,FEMININO,Não,,Merendeira,1547.22,Não,Mensalista,49.0,812,0
VILA DA PENHA,F,RIO DE JANEIRO,BRASILEIRA,Casada,1982-06-28,RJ,FEMININO,Não,,Professor Ii,8269.22,Não,Mensalista,43.0,1048,1
VILA DA PENHA,F,RIO DE JANEIRO,BRASILEIRA,Casada,1982-06-28,RJ,FEMININO,Não,,Professor Ii,8269.22,Não,Mensalista,43.0,1048,1
FREGUESIA JACAREPAGUA,F,RIO DE JANEIRO,Brasileira,Solteira,1972-09-28,RJ,FEMININO,Não,,Professor Ii,12838.49,Não,Mensalista,53.0,1048,1
FREGUESIA JACAREPAGUA,F,RIO DE JANEIRO,BRASILEIRA,Solteira,1972-09-28,RJ,FEMININO,Não,,Professor Ii,12838.49,Não,Mensalista,53.0,1048,1
SENADOR VASCONCELOS,F,RIO DE JANEIRO,Brasileira,Solteira,1973-11-01,RJ,FEMININO,Não,,Professor Ii,3720.88,Não,Mensalista,52.0,1048,0
BANGU,F,RIO DE JANEIRO,Brasileira,Solteira,1972-04-03,RJ,FEMININO,Não,,Professor Ii,4456.22,Não,Mensalista,53.0,1048,0
BANGU,F,RIO DE JANEIRO,BRASILEIRA,Solteira,1972-04-03,RJ,FEMININO,Não,,Professorf Ii,4912.0,Não,Mensalista,53.0,1078,0
PARQUE ANCHIETA,F,RIO DE JANEIRO,Brasileira,Divorciada,1975-10-30,RJ,FEMININO,Não,,Ag.De Administração,12604.64,Não,Mensalista,50.0,160,1
PECHINCHA,F,RIO DE JANEIRO,Brasileira,Casado,1973-11-21,RJ,FEMININO,Não,,Professor,5704.32,Não,Mensalista,52.0,984,0
BANGU,F,RIO DE JANEIRO,BRASILEIRA,Divorciada,1971-05-27,RJ,FEMININO,Não,,Merendeira,1835.21,Não,Mensalista,54.0,812,0
SANTA CRUZ,F,RIO DE JANEIRO,BRASILEIRA,Casada,1974-11-08,RJ,FEMININO,Não,,Secretaria Escolar,3356.38,Não,Mensalista,51.0,1109,0
VILA KOSMOS,F,RIO DE JANEIRO,Brasileira,Divorciada,1972-02-12,RJ,FEMININO,Não,,Professor Ii,6401.39,Não,Mensalista,53.0,1048,1
VILA KOSMOS,F,RIO DE JANEIRO,BRASILEIRA,Divorciada,1972-02-12,RJ,FEMININO,Não,,Professor Ii,6494.02,Não,Mensalista,53.0,1048,1
LEOPOLDINA,F,RIO DE JANEIRO,Brasileira,Solteiro,1967-12-31,RJ,FEMININO,Não,,Professor,3768.88,Não,Mensalista,58.0,984,2
PAVUNA,F,RIO DE JANEIRO,BRASILEIRA,Solteira,1969-08-17,RJ,FEMININO,Não,,Merendeira,2122.35,Não,Mensalista,56.0,812,0
PADRE MIGUEL,F,RIO DE JANEIRO,BRASILEIRA,Casada,1983-08-06,RJ,FEMININO,Não,,Prof De Educação Infantil,5988.25,Não,Mensalista,42.0,886,0
ESTÁCIO,F,RIO DE JANEIRO,BRASILEIRA,SOLTEIRO,1972-04-28,RJ,FEMININO,Não,,Aux. Creche,1238.5,Não,Mensalista,53.0,517,0
PENHA CIRCULAR,F,RIO DE JANEIRO,BRASILEIRA,Divorciada,1986-01-15,RJ,FEMININO,Não,,Ag. De Educação Infantil,3034.44,Não,Mensalista,39.0,129,0
BANGU,F,RIO DE JANEIRO,BRASILEIRA,Casado,1974-12-25,RJ,FEMININO,Não,,Aux. De Creche,827.84,Não,Mensalista,51.0,519,0
BANGU,F,RIO DE JANEIRO,Brasileira,Solteira,1971-10-16,RJ,FEMININO,Não,,Aux De Enfermagem 2º Grau,3402.48,Não,Mensalista,54.0,474,0
MADUREIRA,F,RIO DE JANEIRO,BRASILEIRA,Divorciada,1968-08-21,RJ,FEMININO,Não,,Professor Ii,7732.7,Não,Mensalista,57.0,1048,1
JARDIM DA VIGA,F,NOVA IGUAÇU,BRASILEIRA,Casado,1984-07-19,RJ,MASCULINO,Não,,Agente Educador Ii,2170.74,Não,Mensalista,41.0,268,0
FREGUESIA JACAREPAGUA,F,RIO DE JANEIRO,BRASILEIRA,Solteira,1976-02-14,RJ,FEMININO,Não,,Professor Ii,8916.78,Não,Mensalista,49.0,1048,1
PITANGUEIRAS,F,ILHA DO GOVERNADOR,BRASILEIRA,União Estável,1977-01-25,RJ,FEMININO,Não,,Auxiliar De Enfermagem,3422.87,Não,Mensalista,48.0,608,0
SÃO CRISTOVÃO,F,RIO DE JANEIRO,BRASILEIRA,Divorciada,1970-01-22,RJ,FEMININO,Não,,Aux. De Enfermagem,3549.67,Não,Mensalista,55.0,525,0
PAVUNA,F,RIO DE JANEIRO,BRASILEIRA,Separado judicialmente,1980-10-20,RJ,FEMININO,Não,,Professor Ii,4272.47,Não,Mensalista,45.0,1048,0
PENHA,F,RIO DE JANEIRO,BRASILEIRA,Solteira,1973-02-04,RJ,FEMININO,Não,,Prof Ii,1724.73,Não,Mensalista,52.0,930,0
CAMPO GRANDE,F,RIO DE JANEIRO,BRASILEIRA,Casada,1989-01-31,RJ,FEMININO,Não,Risco PLD/FT Baixo,Professor De Educação Infantil,10493.64,Não,Mensalista,36.0,998,1
JARDIM SULACAPE,F,RIO DE JANEIRO,BRASILEIRA,SOLTEIRO,1956-10-03,RJ,FEMININO,Não,,Professor Educação Fisica,3968.69,Não,Mensalista,69.0,1021,2
JARDIM SULACAPE,F,RIO DE JANEIRO,BRASILEIRA,Solteira,1956-10-03,RJ,FEMININO,Não,,Professor,3968.69,Não,Mensalista,69.0,984,2
CAMPO GRANDE,F,RIO DE JANEIRO,Brasileira,Divorciada,1963-04-02,RJ,FEMININO,Não,,Auxiliar De Enfermagem,2645.94,Não,Mensalista,62.0,608,3
QUINTINO BOCAIUVA,F,RIO DE JANEIRO,BRASILEIRA,Casada,1981-06-29,RJ,FEMININO,Não,,Professor Ii,8058.73,Não,Mensalista,44.0,1048,1
PARQUE NOVO RIO,F,SAO JOAO DE MERITI,Brasileira,Casado,1963-12-08,RJ,MASCULINO,Não,,Aposentado,1221.91,Não,Mensalista,62.0,295,3
BANGU,F,RIO DE JANEIRO,Brasileira,Casado,1958-05-22,RJ,MASCULINO,Não,,Trabalhador,2438.94,Não,Mensalista,67.0,1202,2
ITANHANGA,F,RIO DE JANEIRO,BRASILEIRA,Solteiro,1962-07-09,RJ,MASCULINO,Não,Risco PLD/FT Baixo,Arquiteto,14111.57,Não,Mensalista,63.0,298,1
IRAJA,F,RIO DE JANEIRO,Brasileira,Divorciado,1946-08-15,RJ,MASCULINO,Não,,Aposentado,6347.5,Não,Mensalista,79.0,295,3
QUINTINO BOCAIUVA,F,RIO DE JANEIRO,Brasileira,Casado,1960-09-25,RJ,MASCULINO,Não,,Ag. De Defesa Civil,2872.7,Não,Mensalista,65.0,119,3
CACHAMBI,F,RIO DE JANEIRO,Brasileira,Solteiro,1957-12-29,RJ,MASCULINO,Não,,Aposentado,4044.64,Não,Mensalista,68.0,295,3
SEPETIBA,F,RIO DE JANEIRO,Brasileira,Solteiro,1964-10-08,RJ,MASCULINO,Não,,Trabalhador,3205.62,Não,Mensalista,61.0,1202,2
SENADOR CAMARA,F,RIO DE JANEIRO,Brasileira,Casado,1957-10-09,RJ,MASCULINO,Não,,Art De Pav E Pedreira,3905.23,Não,Mensalista,68.0,325,3
ANDARAI,F,RIO DE JANEIRO,BRASILEIRA,Casado,1969-11-23,RJ,MASCULINO,Não,,Guarda Municipal,1681.76,Não,Mensalista,56.0,776,0
CAMPO GRANDE,F,RIO DE JANEIRO,Brasileira,Casado,1957-10-20,RJ,MASCULINO,Não,,Agente De Portaria,4528.96,Não,Mensalista,68.0,243,3
CASCADURA,F,RIO DE JANEIRO,Brasileiro,Viúvo,1943-07-07,RJ,MASCULINO,Não,,Agente De Portaria,1247.01,Não,Mensalista,82.0,243,3
CAMPO GRANDE,F,RIO DE JANEIRO,Brasileira,Casado,1953-08-19,RJ,MASCULINO,Não,,Trabalhador,2656.48,Não,Mensalista,72.0,1202,2
NOVA AURORA,F,BELFORD ROXO,Brasileira,Casado,1962-06-12,RJ,MASCULINO,Não,,Borracheiro,3420.66,Não,Mensalista,63.0,653,3
IPANEMA,F,RIO DE JANEIRO,Brasileira,Solteiro,1951-08-11,RJ,MASCULINO,Não,,Prof.Ii Historia,1940.0,Não,Mensalista,74.0,979,2
IRAJA,F,RIO DE JANEIRO,BRASILEIRA,Casado,1972-08-31,RJ,MASCULINO,Não,,Guarda Municipal,5812.91,Não,Mensalista,53.0,776,0
PRAÇA SECA,F,RIO DE JANEIRO,Brasileira,Casado,1965-12-11,RJ,MASCULINO,Não,,Trabalhador,2960.86,Não,Mensalista,60.0,1202,2
SANTA CRUZ,F,RIO DE JANEIRO,Brasileira,Solteiro,1950-06-15,RJ,MASCULINO,Não,,Motorista,1496.09,Não,Mensalista,75.0,827,2
COSMOS,F,RIO DE JANEIRO,Brasileira,Casado,1958-06-27,RJ,MASCULINO,Não,,Servente,1809.04,Não,Mensalista,67.0,1116,2
GRAJAU,F,RIO DE JANEIRO,Brasileira,Divorciado,1942-02-10,RJ,MASCULINO,Não,,Anistiado,6750.0,Não,Mensalista,83.0,291,3
TAQUARA,F,RIO DE JANEIRO,Brasileira,Solteiro,1951-11-08,RJ,MASCULINO,Não,,Agente Administrativo,3777.56,Não,Mensalista,74.0,178,3
PADRE MIGUEL,F,RIO DE JANEIRO,Brasileira,Casado,1952-10-13,RJ,MASCULINO,Não,,Datilografo(Sms),4326.23,Não,Mensalista,73.0,694,2
ILHA DE ITACURUÇA,F,MANGARATIBA,Brasileira,Solteiro,1964-01-29,RJ,MASCULINO,Não,,Agente De Administraçao,4097.06,Não,Mensalista,61.0,215,3
ITAIPU,F,BELFORD ROXO,Brasileira,Casado,1963-10-15,RJ,MASCULINO,Não,,Trabalhador/Subgerente Iii,5704.57,Não,Mensalista,62.0,1220,2
VILA CENTENARIO,F,DUQUE DE CAXIAS,BRASILEIRA,Casado,1965-08-16,RJ,MASCULINO,Não,Risco PLD/FT Baixo,Investigador Policial,12741.62,Não,Mensalista,60.0,796,1
RAMOS,F,RIO DE JANEIRO,Brasileira,Solteiro,1956-09-27,RJ,MASCULINO,Não,,Art. De Serviços De Garagem,4471.33,Não,Mensalista,69.0,369,3
TAQUARA,F,RIO DE JANEIRO,Brasileira,Solteiro,1957-02-11,RJ,MASCULINO,Não,,Ag De Portaria,3001.2,Não,Mensalista,68.0,56,3
VILA SÃO LUIS,F,DUQUE DE CAXIAS,BRASILEIRA,Solteiro,1955-01-31,RJ,MASCULINO,Não,,Aux De Enfermagem 2º Grau,3828.13,Não,Mensalista,70.0,474,3
COELHO DA ROCHA,F,SÃO JOÃO DE MERITI,BRASILEIRA,Solteiro,1974-04-20,RJ,MASCULINO,Não,,Egente De Educação Infantil,3114.64,Não,Mensalista,51.0,711,0
ENGENHEIRO BELFORD,F,SÃO JOÃO DE MERITI,Brasileira,Casado,1963-02-14,RJ,MASCULINO,Não,,Art De Pavimentação E Pedreira,3071.95,Não,Mensalista,62.0,330,3
BANGU,F,RIO DE JANEIRO,BRASILEIRA,Solteiro,1959-11-21,RJ,MASCULINO,Não,,Servente,1943.12,Não,Mensalista,66.0,1116,2
ENGENHO DE DENTRO,F,RIO DE JANEIRO,Brasileira,Solteiro,1963-11-06,RJ,MASCULINO,Não,,Aux. De Enfermagem 2. Grau,2365.02,Não,Mensalista,62.0,536,3
PADRE MIGUEL,F,RIO DE JANEIRO,Brasileira,Solteiro,1959-07-24,RJ,MASCULINO,Não,,Trabalhador,2930.91,Não,Mensalista,66.0,1202,2
CURICICA,F,RIO DE JANEIRO,Brasileira,Não informado,1954-09-25,RJ,MASCULINO,Não,,Aux. Operac. Serv. Div.,2881.58,Não,Mensalista,71.0,571,3
ANA CLARA,F,RIO DE JANEIRO,Brasileira,Solteiro,1951-09-18,RJ,MASCULINO,Não,,Art. Estrut. De Obras De Met.,2404.1,Não,Mensalista,74.0,372,3
CAMPO GRANDE,F,RIO DE JANEIRO,Brasileira,Divorciado,1954-02-23,RJ,MASCULINO,Não,,Trabalhador,4382.96,Não,Mensalista,71.0,1202,2
REALENGO,F,RIO DE JANEIRO,Brasileira,Casado,1948-01-08,RJ,MASCULINO,Não,,Motorista,2294.46,Não,Mensalista,77.0,827,2
BACAXA,F,SAQUAREMA,Brasileira,Solteiro,1967-09-18,RJ,MASCULINO,Não,,Trabalhador,3164.2,Não,Mensalista,58.0,1202,2
CENTRO,F,NILOPOLIS,BRASILEIRA,Solteiro,1973-10-04,RJ,MASCULINO,Não,,Guarda Municipal,4631.67,Não,Mensalista,52.0,776,0
SANTA CRUZ,F,RIO DE JANEIRO,Brasileira,Divorciado,1947-11-17,RJ,MASCULINO,Não,,Professor Ii,5147.71,Não,Mensalista,78.0,1048,2
PACIENCIA,F,RIO DE JANEIRO,Brasileira,Casado,1960-12-11,RJ,MASCULINO,Não,,Trabalhador,1855.74,Não,Mensalista,65.0,1202,2
SANTA CRUZ,F,RIO DE JANEIRO,Brasileira,Viúvo,1949-10-19,RJ,MASCULINO,Não,,Trabalhador,2148.83,Não,Mensalista,76.0,1202,2
CENTRO,F,DUQUE DE CAXIAS,BRASILEIRA,Solteiro,1977-07-01,RJ,MASCULINO,Não,Risco PLD/FT Baixo,Professor Docente I - 18 Horas,3667.93,Não,Mensalista,48.0,1014,0
SENADOR VASCONCELOS,F,RIO DE JANEIRO,BRASILEIRA,Solteiro,1961-09-09,RJ,MASCULINO,Não,Risco PLD/FT Baixo,3º Sargento Pm,8068.72,Não,Mensalista,64.0,11,3
VICENTE DE CARVALHO,F,RIO DE JANEIRO,Brasileira,Separado judicialmente,1962-01-22,RJ,MASCULINO,Não,,Trabalhador,2726.64,Não,Mensalista,63.0,1202,2
ESTÁCIO,F,RIO DE JANEIRO,Brasileira,Solteiro,1945-05-01,RJ,MASCULINO,Não,,Prof 1 Ling.,5557.07,Não,Mensalista,80.0,879,2
CAMPO GRANDE,F,RIO DE JANEIRO,BRASILEIRA,Casado,1948-10-16,RJ,MASCULINO,Não,,Operador De Maq.Pesadas,2055.12,Não,Mensalista,77.0,854,2
COSMOS,F,RIO DE JANEIRO,BRASILEIRA,Solteiro,1966-12-02,RJ,MASCULINO,Não,,Trabalhador,4224.87,Não,Mensalista,59.0,1202,2
MANGUINHOS,F,RIO DE JANEIRO,BRASILEIRA,Solteiro,1967-07-09,RJ,MASCULINO,Não,,Servente,2124.99,Não,Mensalista,58.0,1116,2
ANCHIETA,F,RIO DE JANEIRO,Brasileira,Divorciado,1960-03-31,RJ,MASCULINO,Não,,Motorista,3939.3,Não,Mensalista,65.0,827,2
BANGU,F,RIO DE JANEIRO,Brasileira,Solteiro,1954-11-08,RJ,MASCULINO,Não,,Aposentado,1367.55,Não,Mensalista,71.0,295,3
PIEDADE,F,RIO DE JANEIRO,BRASILEIRA,Casado,1958-11-21,RJ,MASCULINO,Não,Risco PLD/FT Baixo,Assistente,3671.36,Não,Mensalista,67.0,421,3
SANTA CRUZ,F,RIO DE JANEIRO,Brasileira,Casado,1946-06-06,RJ,MASCULINO,Não,,Aux. De Serv. De Veterinaria,1571.42,Não,Mensalista,79.0,557,3
JARDIM OLAVO BILAC,F,DUQUE DE CAXIAS,Brasileira,Casado,1951-04-12,RJ,MASCULINO,Não,,Art De Artes Graficas,3036.15,Não,Mensalista,74.0,306,3
SANTA CRUZ,F,RIO DE JANEIRO,Brasileira,Casado,1955-01-06,RJ,MASCULINO,Não,,Trabalhador,3035.41,Não,Mensalista,70.0,1202,2
DENDÊ,F,RIO DE JANEIRO,Brasileira,Viúvo,1955-07-16,RJ,MASCULINO,Não,,Aposentado,2617.28,Não,Mensalista,70.0,295,3
INHOAIBA,F,RIO DE JANEIRO,Brasileira,Casado,1956-09-06,RJ,MASCULINO,Não,,Art De Pavimentação E Pedreira,3614.02,Não,Mensalista,69.0,330,3
BANGU,F,RIO DE JANEIRO,Brasileira,Solteiro,1949-03-15,RJ,MASCULINO,Não,,Trabalhador,2500.42,Não,Mensalista,76.0,1202,2
BENFICA,F,RIO DE JANEIRO,Brasileira,Solteiro,1958-10-04,RJ,MASCULINO,Não,,Aposentado,4062.78,Não,Mensalista,67.0,295,3
SANTISSIMO,F,RIO DE JANEIRO,Brasileira,Solteiro,1958-12-20,RJ,MASCULINO,Não,,Servente,2182.97,Não,Mensalista,67.0,1116,2
PARQUE ESPERANÇA,F,BELFORD ROXO,BRASILEIRA,Casado,1969-05-20,RJ,MASCULINO,Não,,Guarda Municipal,6165.97,Não,Mensalista,56.0,776,0
INHAUMA,F,RIO DE JANEIRO,Brasileira,Casado,1952-03-14,RJ,MASCULINO,Não,,Aposentado,1408.55,Não,Mensalista,73.0,295,3
ANCHIETA,F,RIO DE JANEIRO,BRASILEIRA,Casado,1966-05-16,RJ,MASCULINO,Não,,Guarda Municipal,6316.97,Não,Mensalista,59.0,776,1
CURICICA,F,RIO DE JANEIRO,Brasileira,Casado,1962-09-30,RJ,MASCULINO,Não,,Aux. Op. Serv. Div.,3133.1,Não,Mensalista,63.0,568,3
PRAÇA SECA,F,RIO DE JANEIRO,Brasileira,Solteiro,1957-06-30,RJ,MASCULINO,Não,,Ag. Operador De Transito,2916.81,Não,Mensalista,68.0,148,3
BENFICA,F,RIO DE JANEIRO,BRASILEIRA,Solteiro,1953-10-16,RJ,MASCULINO,Não,,Inspetor De Alunos,1661.51,Não,Mensalista,72.0,789,2
CAMPO GRANDE,F,RIO DE JANEIRO,Brasileira,Casado,1949-07-20,RJ,MASCULINO,Não,,Agente De Administração,6910.47,Não,Mensalista,76.0,216,3
CENTRO,F,NITEROI,Brasileira,Divorciado,1948-10-09,RJ,MASCULINO,Não,,Ag. De Trabalhos De Engenharia,2376.52,Não,Mensalista,77.0,138,3
BOTAFOGO,F,RIO DE JANEIRO,Brasileira,Solteiro,1959-02-08,RJ,MASCULINO,Não,,Assist Administrativo,6060.38,Não,Mensalista,66.0,414,3
GUADALUPE,F,RIO DE JANEIRO,BRASILEIRA,Casado,1978-10-24,RJ,MASCULINO,Não,,Ag De Apoio De Educação Infant,1797.0,Não,Mensalista,47.0,46,0
ANA CLARA,F,RIO DE JANEIRO,Brasileira,Divorciado,1970-03-10,RJ,MASCULINO,Não,,Esp.Legislativo,9774.0,Não,Mensalista,55.0,738,1
ACARI,F,SAO PEDRO DA ALDEIA,Brasileira,Casado,1942-09-17,RJ,MASCULINO,Não,,Operador De Mq.Pesadas,1656.71,Não,Mensalista,83.0,856,2
BANGU,F,RIO DE JANEIRO,BRASILEIRA,SOLTEIRO,1950-04-25,RJ,MASCULINO,Não,,Servente,897.51,Não,Mensalista,75.0,1116,2
TURIAÇU,F,RIO DE JANEIRO,Brasileira,Divorciado,1962-11-20,RJ,MASCULINO,Não,,Adjunto,6010.0,Não,Mensalista,63.0,12,3
CAMPO GRANDE,F,RIO DE JANEIRO,Brasileira,Solteiro,1962-05-15,RJ,MASCULINO,Não,,Trabalhador,3607.92,Não,Mensalista,63.0,1202,2
JACARÉ,F,RIO DE JANEIRO,BRASILEIRA,Casado,1978-02-10,RJ,MASCULINO,Não,Risco PLD/FT Baixo,Auxiliar De Enfermagem ( Enq.,4947.95,Não,Mensalista,47.0,609,0
CAMPO GRANDE,F,RIO DE JANEIRO,Brasileira,Casado,1949-08-28,RJ,MASCULINO,Não,,Operador De Maq Auxiliares,3718.92,Não,Mensalista,76.0,851,2
SANTA CRUZ,F,RIO DE JANEIRO,Brasileira,Divorciado,1950-12-12,RJ,MASCULINO,Não,,Art. De Pav. E Pedreira,2975.22,Não,Mensalista,75.0,365,3
CAMPO GRANDE,F,RIO DE JANEIRO,Brasileira,Solteiro,1953-10-11,RJ,MASCULINO,Não,,Agente De Vigilancia,1875.82,Não,Mensalista,72.0,259,3
VILA SAO JOAO,F,QUEIMADOS,BRASILEIRA,Solteiro,1972-09-26,RJ,MASCULINO,Não,Risco PLD/FT Baixo,Subtenente Pm,17114.67,Não,Mensalista,53.0,1136,1
SANTA CRUZ,F,RIO DE JANEIRO,Brasileira,Casado,1969-06-22,RJ,MASCULINO,Não,,Aux De Enfermagem,3178.69,Não,Mensalista,56.0,459,0
TIJUCA,F,RIO DE JANEIRO,Brasileira,Casado,1961-05-18,RJ,MASCULINO,Não,,Ag De Portaria,1809.46,Não,Mensalista,64.0,56,3
BRAZ DE PINA,F,RIO DE JANEIRO,BRASILEIRA,Divorciado,1971-05-09,RJ,MASCULINO,Não,,Aux. De Enfermagem,3692.26,Não,Mensalista,54.0,525,0
SEPETIBA,F,RIO DE JANEIRO,Brasileira,Solteiro,1968-01-21,RJ,MASCULINO,Não,,Aux De Enfermagem 2º Grau,4320.66,Não,Mensalista,57.0,474,0
CENTRO,F,MESQUITA,Brasileira,Casado,1945-02-27,RJ,MASCULINO,Não,,Trabalhador,1830.95,Não,Mensalista,80.0,1202,2
DEL CASTILHO,F,RIO DE JANEIRO,Brasileira,Casado,1956-09-29,RJ,MASCULINO,Não,,Tecn. De Produção E Organizaçã,5455.79,Não,Mensalista,69.0,1166,2
VIGARIO GERAL,F,RIO DE JANEIRO,BRASILEIRA,Solteiro,2002-07-06,RJ,MASCULINO,Não,Risco PLD/FT Baixo,Assistente Ii,2394.4,Não,Mensalista,23.0,427,0
SANTA CRUZ,F,RIO DE JANEIRO,BRASILEIRA,Casado,1974-06-29,RJ,FEMININO,Não,,Professor Ii,3648.79,Não,Mensalista,51.0,1048,0
SANTA CRUZ,F,RIO DE JANEIRO,BRASILEIRA,Casado,1974-06-29,RJ,FEMININO,Não,,Professor Ii,3648.79,Não,Mensalista,51.0,1048,0
SANTA CRUZ,F,RIO DE JANEIRO,Brasileira,Solteiro,1950-11-21,RJ,MASCULINO,Não,,Trabalhador,2574.08,Não,Mensalista,75.0,1202,2
CAMPO GRANDE,F,RIO DE JANEIRO,Brasileira,Solteiro,1963-06-29,RJ,MASCULINO,Não,,Trabalhador,3217.66,Não,Mensalista,62.0,1202,2
CHATUBA,F,NOVA IGUACU,Brasileira,Casado,1965-05-30,RJ,MASCULINO,Não,,Militar Ativo,2545.06,Não,Mensalista,60.0,823,2
ANIL,F,RIO DE JANEIRO,Brasileira,Casado,1952-12-19,RJ,MASCULINO,Não,,Trabalhador,3314.89,Não,Mensalista,73.0,1202,2
SANTA CRUZ,F,RIO DE JANEIRO,Brasileira,Casado,1946-07-29,RJ,MASCULINO,Não,,Trabalhador,4029.7,Não,Mensalista,79.0,1202,2
CAMPO GRANDE,F,RIO DE JANEIRO,Brasileira,Casado,1957-01-07,RJ,MASCULINO,Não,,Ag.Vigilante,2435.28,Não,Mensalista,68.0,166,3
JARDIM TROPICAL,F,NOVA IGUAÇU,BRASILEIRA,Solteiro,1989-01-27,RJ,MASCULINO,Não,Risco PLD/FT Baixo,Professor Docente I - 30 Horas,4643.63,Não,Mensalista,36.0,1015,0
SÃO CRISTOVÃO,F,RIO DE JANEIRO,BRASILEIRA,Solteiro,1990-03-20,RJ,MASCULINO,Não,Risco PLD/FT Baixo,Professor Docente I - 30 Horas,4577.43,Não,Mensalista,35.0,1015,0
SEPETIBA,F,RIO DE JANEIRO,Brasileira,Solteiro,1943-10-06,RJ,MASCULINO,Não,,Art. De Carpint E Marcenaria,2220.01,Não,Mensalista,82.0,346,3
DEL CASTILHO,F,RIO DE JANEIRO,BRASILEIRA,Solteiro,1984-09-26,RJ,MASCULINO,Não,Risco PLD/FT Baixo,Ag De Segurança Socioeducativo,6885.02,Não,Mensalista,41.0,61,0
JACAREPAGUA,F,RIO DE JANEIRO,Brasileira,Solteiro,1962-12-29,RJ,MASCULINO,Não,,Trabalhador,4121.24,Não,Mensalista,63.0,1202,2
CAMPO GRANDE,F,RIO DE JANEIRO,Brasileira,Solteiro,1946-05-18,RJ,MASCULINO,Não,,Trabalhador,750.99,Não,Mensalista,79.0,1202,2
CAMPO GRANDE,F,RIO DE JANEIRO,Brasileira,Solteiro,1963-06-29,RJ,MASCULINO,Não,,Servente,2834.37,Não,Mensalista,62.0,1116,2
INHAUMA,F,RIO DE JANEIRO,Brasileira,Casado,1961-12-15,RJ,MASCULINO,Não,,Aux. De Enfermagem,2338.18,Não,Mensalista,64.0,525,3
SANTA CRUZ,F,RIO DE JANEIRO,BRASILEIRA,Casado,1967-06-29,RJ,MASCULINO,Não,,Merendeira,1733.38,Não,Mensalista,58.0,812,0
BANGU,F,RIO DE JANEIRO,BRASILEIRA,Casado,1958-08-24,RJ,MASCULINO,Não,,Aposentado,2657.12,Não,Mensalista,67.0,295,3
JARDIM SULACAPE,F,RIO DE JANEIRO,Brasileira,Solteiro,1961-06-29,RJ,MASCULINO,Não,,Art. De Eletricidade,3540.08,Não,Mensalista,64.0,352,3
TAQUARA,F,RIO DE JANEIRO,Brasileira,Casado,1955-06-26,RJ,MASCULINO,Não,,Auxiliar Operacional,2134.4,Não,Mensalista,70.0,645,3
CENTRO,F,SÃO JOÃO DE MERITI,Brasileira,Desquitado,1955-09-15,RJ,FEMININO,Não,,Professora,5373.76,Não,Mensalista,70.0,1070,2
PEDRA DE GUARATIBA,F,RIO DE JANEIRO,BRASILEIRA,Solteira,1963-02-07,RJ,FEMININO,Não,Risco PLD/FT Baixo,Professor De Ensino Fundamenta,12338.33,Não,Mensalista,62.0,1001,1
ALTO DA BOA VISTA,F,RIO DE JANEIRO,BRASILEIRA,Viúvo,1942-04-20,RJ,MASCULINO,Não,,Aposentado,1914.97,Não,Mensalista,83.0,295,3
REALENGO,F,RIO DE JANEIRO,Brasileira,Casado,1956-06-21,RJ,MASCULINO,Não,,Aux De Enfermagem 2º Grau,3758.13,Não,Mensalista,69.0,474,3
EDEN,F,SAO JOAO DE MERITI,Brasileira,Casado,1953-12-30,RJ,MASCULINO,Não,,Trabalhador,4554.9,Não,Mensalista,72.0,1202,2
JARDIM AMERICA,F,ITAGUAI,Brasileira,Desquitada,1961-05-08,RJ,FEMININO,Não,,Professor Ii,5452.3,Não,Mensalista,64.0,1048,2
ANIL,F,RIO DE JANEIRO,BRASILEIRA,Casada,1985-03-04,RJ,FEMININO,Não,,Agente Educador Ii,2353.71,Não,Mensalista,40.0,268,0
OSWALDO CRUZ,F,RIO DE JANEIRO,BRASILEIRA,Solteira,1988-11-01,RJ,FEMININO,Não,,Professora De Ensino Fundament,8493.25,Não,Mensalista,37.0,1071,1
LEOPOLDINA,F,RIO DE JANEIRO,Brasileira,Solteiro,1975-03-14,RJ,MASCULINO,Não,,Aux. De Enfermagem,1948.82,Não,Mensalista,50.0,525,0
PARQUE ALIAN,F,SÃO JOÃO DE MERITI,BRASILEIRA,Casada,1982-09-19,RJ,FEMININO,Não,,Professor Ii,7323.0,Não,Mensalista,43.0,1048,1
CENTRO,F,RIO DE JANEIRO,BRASILEIRA,Divorciada,1982-02-15,RJ,FEMININO,Não,Risco PLD/FT Baixo,2º Sargento,10200.86,Não,Mensalista,43.0,5,0
JARDIM AMERICA,F,RIO DE JANEIRO,BRASILEIRA,Casada,1969-05-16,RJ,FEMININO,Não,,Professor Ii,12420.99,Não,Mensalista,56.0,1048,1
COSMOS,F,RIO DE JANEIRO,Brasileira,Solteiro,1979-12-02,RJ,FEMININO,Não,,Professor,6605.88,Não,Mensalista,46.0,984,0
CAMPO GRANDE,F,RIO DE JANEIRO,BRASILEIRA,Casada,1987-03-31,RJ,FEMININO,Não,,Ag Educação Infantil,2279.04,Não,Mensalista,38.0,70,0
ENGENHO DE DENTRO,F,RIO DE JANEIRO,Brasileira,Solteira,1978-08-31,RJ,FEMININO,Não,,Agente De Adminstração,5906.9,Não,Mensalista,47.0,221,0
SEPETIBA,F,RIO DE JANEIRO,BRASILEIRA,Solteira,1983-11-11,RJ,FEMININO,Não,,Ag Educador Ii,987.06,Não,Mensalista,42.0,69,0
BONSUCESSO,F,RIO DE JANEIRO,Brasileira,Solteira,1969-05-20,RJ,FEMININO,Não,,Ag. Administração,6758.67,Não,Mensalista,56.0,78,3
REALENGO,F,RIO DE JANEIRO,Brasileira,Divorciada,1977-09-30,RJ,FEMININO,Não,,Prof. I,2917.4,Não,Mensalista,48.0,958,0
VILA DA PENHA,F,RIO DE JANEIRO,BRASILEIRA,Casada,1980-10-06,RJ,FEMININO,Não,,Professor De Ensino Fundamenta,8409.02,Não,Mensalista,45.0,1001,1
BANGU,F,RIO DE JANEIRO,BRASILEIRA,Casada,1981-01-21,RJ,FEMININO,Não,,Ag Aux De Creche,1028.63,Não,Mensalista,44.0,27,0
INHOAIBA,F,RIO DE JANEIRO,BRASILEIRA,Casada,1977-12-07,RJ,FEMININO,Não,,Ag. De Educaçao Infantil,3289.16,Não,Mensalista,48.0,127,0
GUARATIBA,F,RIO DE JANEIRO,BRASILEIRA,Casada,1967-05-30,RJ,FEMININO,Não,,Merendeira,2432.64,Não,Mensalista,58.0,812,0
PENHA,F,RIO DE JANEIRO,Brasileira,Solteira,1980-04-15,RJ,FEMININO,Não,,Professor Ii,6574.96,Não,Mensalista,45.0,1048,0
PENHA,F,RIO DE JANEIRO,BRASILEIRA,Solteira,1980-04-15,RJ,FEMININO,Não,,Professor Ii,6750.67,Não,Mensalista,45.0,1048,0
IRAJA,F,RIO DE JANEIRO,Brasileira,Casado,1953-02-10,RJ,FEMININO,Não,,Ag. De Administraçao,2122.58,Não,Mensalista,72.0,108,3
DEL CASTILHO,F,RIO DE JANEIRO,BRASILEIRA,Solteiro,1983-08-21,RJ,MASCULINO,Não,Risco PLD/FT Baixo,Agente De Segurança Socioeduca,6675.22,Não,Mensalista,42.0,256,0
FONSECA,F,NITERÓI,Brasileira,Solteiro,1957-07-06,RJ,MASCULINO,Não,,Professor Ii,5021.93,Não,Mensalista,68.0,1048,2
PARQUE SANTA HELENA,F,CAMPOS DE GOYTACAZES,BRASILEIRA,Solteiro,2002-01-02,RJ,MASCULINO,Não,Risco PLD/FT Baixo,Soldado Bm,5496.48,Não,Mensalista,23.0,1128,0
PENHA,F,RIO DE JANEIRO,BRASILEIRA,Solteiro,1984-08-04,RJ,MASCULINO,Não,Risco PLD/FT Baixo,Professor Do Ensino Fundamenta,8192.72,Não,Mensalista,41.0,1009,1
ENGENHO DE DENTRO,F,RIO DE JANEIRO,BRASILEIRA,Solteiro,1983-05-25,RJ,MASCULINO,Não,,Aux De Controle De Endemias,2348.52,Não,Mensalista,42.0,452,0
ANCHIETA,F,RIO DE JANEIRO,BRASILEIRA,Solteira,1983-10-12,RJ,FEMININO,Não,,Professor De Ensino Fundament,7014.82,Não,Mensalista,42.0,1000,0
CAMPO GRANDE,F,RIO DE JANEIRO,BRASILEIRA,Solteira,1981-05-07,RJ,FEMININO,Não,,Aux. De Enfrmagem - 2º Grau,1947.44,Não,Mensalista,44.0,548,0
ENGENHO PEQUENO,F,SÃO GONÇALO,BRASILEIRA,Solteira,1989-09-14,RJ,FEMININO,Não,,Ag.Educação Infantil,3342.3,Não,Mensalista,36.0,164,0
CAMPO GRANDE,F,RIO DE JANEIRO,BRASILEIRA,Solteira,1983-05-09,RJ,FEMININO,Não,Risco PLD/FT Baixo,Professor Ii,8949.54,Não,Mensalista,42.0,1048,1
ROCINHA,F,RIO DE JANEIRO,BRASILEIRA,Solteira,1985-11-16,RJ,FEMININO,Não,,Agente Auxiliar De Creche,833.95,Não,Mensalista,40.0,195,0
SÃO CRISTOVÃO,F,RIO DE JANEIRO,Brasileira,Solteira,1944-06-26,RJ,FEMININO,Não,,Servente,1440.76,Não,Mensalista,81.0,1116,2
PECHINCHA,F,RIO DE JANEIRO,Brasileira,Solteira,1958-03-21,RJ,FEMININO,Não,,Aux. De Enfermagem,4867.97,Não,Mensalista,67.0,525,3
MARACANA,F,RIO DE JANEIRO,BRASILEIRA,Casada,1949-03-31,RJ,FEMININO,Não,,Merendeira,1432.15,Não,Mensalista,76.0,812,2
HIGIENOPOLIS,F,RIO DE JANEIRO,Brasileira,Viúva,1956-01-01,RJ,FEMININO,Não,,Professor I,5014.16,Não,Mensalista,69.0,1028,2
NOSSA SENHORA DAS GRAÇAS,F,NOVA IGUACU,BRASILEIRA,Solteira,1993-09-05,RJ,FEMININO,Não,Risco PLD/FT Baixo,Assistente I,5531.64,Não,Mensalista,32.0,426,0
GUARATIBA,F,RIO DE JANEIRO,BRASILEIRA,Solteira,1993-05-21,RJ,FEMININO,Não,,Agente Educador Ii,2149.62,Não,Mensalista,32.0,268,0
CAMPO GRANDE,F,RIO DE JANEIRO,Brasileira,Solteiro,1968-12-25,RJ,MASCULINO,Não,,Professor,4103.03,Não,Mensalista,57.0,984,2
ELITE,F,RESENDE,BRASILEIRA,Solteiro,1987-06-16,RJ,MASCULINO,Não,Risco PLD/FT Baixo,Técnico Universitário Ii,7331.48,Não,Mensalista,38.0,1235,1
ENGENHO DA RAINHA,F,RIO DE JANEIRO,BRASILEIRA,Casada,1992-11-25,RJ,FEMININO,Não,,Agente Educador Ii,2204.99,Não,Mensalista,33.0,268,0
SANTA CRUZ,F,RIO DE JANEIRO,BRASILEIRA,Casada,1984-02-23,RJ,FEMININO,Não,,Agente De Educação Infantil,2692.87,Não,Mensalista,41.0,237,0
PARQUE SÃO VICENTE,F,BELFORD ROXO,BRASILEIRA,Casado,1985-03-16,RJ,FEMININO,Não,Risco PLD/FT Baixo,Professor Docente I,3339.86,Não,Mensalista,40.0,1012,0
BANGU,F,RIO DE JANEIRO,BRASILEIRA,Solteira,1966-04-09,RJ,FEMININO,Não,,Aux De Enfermagem,2898.17,Não,Mensalista,59.0,459,3
INHOAIBA,F,RIO DE JANEIRO,BRASILEIRA,Casada,1978-06-06,RJ,FEMININO,Não,,Professor Ii,8930.72,Não,Mensalista,47.0,1048,1
PENHA CIRCULAR,F,RIO DE JANEIRO,Brasileira,Divorciada,1971-04-28,RJ,FEMININO,Não,,Aux De Enfermagem 2º Grau,2204.04,Não,Mensalista,54.0,474,0
JARDIM OLAVO BILAC,F,DUQUE DE CAXIAS,BRASILEIRA,Solteira,1986-12-29,RJ,FEMININO,Não,,Agente De Educaçao Infantil,3041.54,Não,Mensalista,39.0,235,0
COLEGIO,F,RIO DE JANEIRO,BRASILEIRA,Separada judicialmente,1966-05-09,RJ,FEMININO,Não,,Professor I,9403.08,Não,Mensalista,59.0,1028,1
COLEGIO,F,RIO DE JANEIRO,BRASILEIRA,Separada judicialmente,1966-05-09,RJ,FEMININO,Não,,Professor I,4839.98,Não,Mensalista,59.0,1028,2
CORDOVIL,F,RIO DE JANEIRO,BRASILEIRA,Solteira,1974-06-20,RJ,FEMININO,Não,,Ag. De Ed. Infantil,3863.5,Não,Mensalista,51.0,126,0
VILA ISABEL,F,RIO DE JANEIRO,BRASILEIRA,Divorciada,1976-04-10,RJ,FEMININO,Não,,Ag. De Ed. Infantil,3034.44,Não,Mensalista,49.0,126,0
CAMPO GRANDE,F,RIO DE JANEIRO,BRASILEIRA,Solteira,1983-11-22,RJ,FEMININO,Não,,Ag De Educação Infantil,2866.67,Não,Mensalista,42.0,55,0
SEPETIBA,F,RIO DE JANEIRO,Brasileira,Viúva,1945-05-11,RJ,FEMININO,Não,,Auxiliar De Enfermagem,2108.94,Não,Mensalista,80.0,608,3
RAMOS,F,RIO DE JANEIRO,Brasileira,Casado,1943-09-01,RJ,MASCULINO,Não,,Sargento (Aposentado),2595.58,Não,Mensalista,82.0,1104,2
JARDIM BRASIL,F,CURITIBA,BRASILEIRA,União Estável,1978-11-08,PR,FEMININO,Não,,Agente Auxiliar De Creche,1001.66,Não,Mensalista,47.0,195,0
ABOLIÇÃO,F,RIO DE JANEIRO,BRASILEIRA,Casada,1968-04-21,RJ,FEMININO,Não,,Merendeira,1240.46,Não,Mensalista,57.0,812,0
MADUREIRA,F,RIO DE JANEIRO,BRASILEIRA,Solteira,1944-01-01,RJ,FEMININO,Não,,Professor Ii,5545.41,Não,Mensalista,81.0,1048,2
SEPETIBA,F,RIO DE JANEIRO,Brasileira,Viúva,1956-06-13,RJ,FEMININO,Não,,Aposentada,1100.0,Não,Mensalista,69.0,294,3
ANDARAI,F,RIO DE JANEIRO,BRASILEIRA,Divorciada,1966-03-12,RJ,FEMININO,Não,,Auix De Enfermagem,684.98,Não,Mensalista,59.0,448,3
IRAJA,F,RIO DE JANEIRO,BRASILEIRA,Casado,1952-08-08,RJ,FEMININO,Não,,Professor I,7251.6,Não,Mensalista,73.0,1028,2
IRAJA,F,RIO DE JANEIRO,BRASILEIRA,Casada,1952-08-08,RJ,FEMININO,Não,,Professor I,7251.6,Não,Mensalista,73.0,1028,2
CAVALCANTE,F,RIO DE JANEIRO,Brasileira,Solteiro,1960-07-12,RJ,FEMININO,Não,,Servente,3414.44,Não,Mensalista,65.0,1116,2
LARGO DA IDEIA,F,SÃO GONÇALO,BRASILEIRA,Casada,1961-04-02,RJ,FEMININO,Não,,Merendeira,1292.99,Não,Mensalista,64.0,812,2
ANDARAI,F,RIO DE JANEIRO,BRASILEIRA,Divorciada,1956-11-11,RJ,FEMININO,Não,,Aux De Enfermagem,2277.36,Não,Mensalista,69.0,459,3
ENGENHO NOVO,F,RIO DE JANEIRO,Brasileira,Divorciada,1957-05-26,RJ,FEMININO,Não,,Aux De Enfermagem 2º Grau,1744.82,Não,Mensalista,68.0,474,3
GAMBOA,F,RIO DE JANEIRO,Brasileira,Viúva,1955-05-22,RJ,FEMININO,Não,,Agente Comunitario,2366.17,Não,Mensalista,70.0,198,3
MANGUEIRA,F,RIO DE JANEIRO,BRASILEIRA,Solteira,1954-12-02,RJ,FEMININO,Não,,Ag De Portaria ( Sms),3901.3,Não,Mensalista,71.0,57,3
CIDADE NOVA,F,RIO DE JANEIRO,Brasileira,Solteiro,1951-08-19,RJ,FEMININO,Não,,Pensionista,2402.88,Não,Mensalista,74.0,863,2
BANGU,F,RIO DE JANEIRO,BRASILEIRA,Solteira,1949-02-05,RJ,FEMININO,Não,,Professor,4248.03,Não,Mensalista,76.0,984,2
BANGU,F,RIO DE JANEIRO,BRASILEIRA,Solteira,1949-02-05,RJ,FEMININO,Não,,Prof-Lingua Portuguesa,7042.71,Não,Mensalista,76.0,944,2
SANTA CRUZ,F,RIO DE JANEIRO,Brasileira,Separado judicialmente,1950-04-13,RJ,FEMININO,Não,,Professora,5010.38,Não,Mensalista,75.0,1070,2
SEPETIBA,F,RIO DE JANEIRO,BRASILEIRA,Solteira,1961-12-06,RJ,FEMININO,Não,,Servente,2728.65,Não,Mensalista,64.0,1116,2
BOTAFOGO,F,RIO DE JANEIRO,Brasileira,Não informado,1948-02-22,RJ,FEMININO,Não,,Oficial Adm,1620.02,Não,Mensalista,77.0,840,2
CAMPO GRANDE,F,RIO DE JANEIRO,BRASILEIRA,Divorciada,1953-10-12,RJ,FEMININO,Não,,Merendeira,10758.1,Não,Mensalista,72.0,812,1
ANCHIETA,F,RIO DE JANEIRO,Brasileira,Solteira,1956-11-08,RJ,FEMININO,Não,,Aposentada,3197.18,Não,Mensalista,69.0,294,3
PIEDADE,F,RIO DE JANEIRO,BRASILEIRA,Casada,1956-11-15,RJ,FEMININO,Não,,Prof I - Geografia,9138.42,Não,Mensalista,69.0,904,1
CARAMUJO,F,RIO DE JANEIRO,Brasileira,Não informado,1952-05-29,RJ,FEMININO,Não,,Datilografo,3534.78,Não,Mensalista,73.0,690,2
COPACABANA,F,RIO DE JANEIRO,Brasileira,Solteira,1955-10-25,RJ,FEMININO,Não,,Ag. Aux. De Administração,5361.46,Não,Mensalista,70.0,86,3
VILA NOVA,F,NOVA IGUACU,BRASILEIRA,Divorciada,1955-07-22,RJ,FEMININO,Não,,Aux De Enfermagem,2744.35,Não,Mensalista,70.0,459,3
PAVUNA,F,RIO DE JANEIRO,BRASILEIRA,Casada,1966-06-17,RJ,FEMININO,Não,,Merendeira,1230.62,Não,Mensalista,59.0,812,2
BENTO RIBEIRO,F,RIO DE JANEIRO,Brasileira,Não informado,1956-08-17,RJ,FEMININO,Não,,Assist. Adm.,3467.54,Não,Mensalista,69.0,417,3
PACIENCIA,F,RIO DE JANEIRO,Brasileira,Solteira,1967-02-23,RJ,FEMININO,Não,,Servente,1993.61,Não,Mensalista,58.0,1116,2
TAQUARA JACAREPAGUÁ,F,RIO DE JANEIRO,Brasileira,Viúva,1953-03-31,RJ,FEMININO,Não,,Agente De Administração,7229.69,Não,Mensalista,72.0,216,3
BANGU,F,RIO DE JANEIRO,BRASILEIRA,Solteira,1959-11-16,RJ,FEMININO,Não,,Merendeira,917.17,Não,Mensalista,66.0,812,2
CAMPO GRANDE,F,RIO DE JANEIRO,BRASILEIRA,Viúva,1963-08-24,RJ,FEMININO,Não,,Copeiro,2479.14,Não,Mensalista,62.0,678,2
BANGU,F,RIO DE JANEIRO,Brasileira,Desquitada,1943-11-30,RJ,FEMININO,Não,,Merendeira,1573.68,Não,Mensalista,82.0,812,2
IRAJA,F,RIO DE JANEIRO,BRASILEIRA,Casada,1968-11-08,RJ,FEMININO,Não,,Aux. De Enfermagem - 2º Grau,4402.89,Não,Mensalista,57.0,532,0
TODOS OS SANTOS,F,RIO DE JANEIRO,Brasileira,Divorciada,1956-02-02,RJ,FEMININO,Não,,Aposentada,6853.86,Não,Mensalista,69.0,294,3
ENGENHO NOVO,F,RIO DE JANEIRO,BRASILEIRA,Divorciada,1956-02-02,RJ,FEMININO,Não,,Professor De Ensino Fundamenta,7193.02,Não,Mensalista,69.0,1001,2
LINS DE VASCONCELOS,F,RIO DE JANEIRO,BRASILEIRA,Divorciada,1967-09-07,RJ,FEMININO,Não,,Merendeira,1972.25,Não,Mensalista,58.0,812,0
INHAUMA,F,RIO DE JANEIRO,Brasileira,Solteiro,1953-04-15,RJ,FEMININO,Não,,Ag. De Doc. Medica,3041.12,Não,Mensalista,72.0,120,3
CURICICA,F,RIO DE JANEIRO,Brasileira,Solteira,1958-05-24,RJ,FEMININO,Não,,Aux De Enfermagem 2º Grau,3307.43,Não,Mensalista,67.0,474,3
NOVA CIDADE,F,SAO GONCALO,Brasileira,Casado,1943-06-18,RJ,FEMININO,Não,,Professora,6790.94,Não,Mensalista,82.0,1070,2
BANGU,F,RIO DE JANEIRO,Brasileira,Divorciado,1950-06-16,RJ,FEMININO,Não,,Prof.I Geografia Lic.Plen,3740.44,Não,Mensalista,75.0,975,2
SENADOR CAMARA,F,RIO DE JANEIRO,Brasileira,Casado,1943-09-02,RJ,FEMININO,Não,,Aux. Enferm.,2800.22,Não,Mensalista,82.0,562,3
BANGU,F,RIO DE JANEIRO,Brasileira,Desquitada,1954-01-11,RJ,FEMININO,Não,,Prof Ii,4869.51,Não,Mensalista,71.0,930,2
ENGENHO NOVO,F,RIO DE JANEIRO,Brasileira,Viúva,1957-04-29,RJ,FEMININO,Não,,Copeiro,1776.79,Não,Mensalista,68.0,678,2
MARECHAL HERMES,F,RIO DE JANEIRO,BRASILEIRA,Viúva,1952-10-23,RJ,FEMININO,Não,,Aposentada,3999.93,Não,Mensalista,73.0,294,3
CENTRO,F,RIO DE JANEIRO,BRASILEIRA,Divorciada,1958-06-19,RJ,FEMININO,Não,,Aux. De Enfermagem - 1ª Grau,3364.26,Não,Mensalista,67.0,527,3
BANGU,F,RIO DE JANEIRO,Brasileira,Casado,1951-03-01,RJ,FEMININO,Não,,Servente,1052.2,Não,Mensalista,74.0,1116,2
CENTRO,F,NILOPOLIS,BRASILEIRA,Casada,1966-10-27,RJ,FEMININO,Não,,Tecnico De Enfermagem,3133.6,Não,Mensalista,59.0,1172,2
VILA ISABEL,F,RIO DE JANEIRO,Brasileira,Solteiro,1946-01-06,RJ,FEMININO,Não,,Procuradora Geral,15199.58,Não,Mensalista,79.0,873,1
VILA VALQUEIRE,F,RIO DE JANEIRO,Brasileira,Solteiro,1950-03-20,RJ,FEMININO,Não,,Copeiro,1066.86,Não,Mensalista,75.0,678,2
SANTA CRUZ,F,RIO DE JANEIRO,BRASILEIRA,Divorciada,1959-01-18,RJ,FEMININO,Não,,Aux De Enfermagem 2º Grau,2556.15,Não,Mensalista,66.0,474,3
PENHA,F,RIO DE JANEIRO,BRASILEIRA,Divorciada,1955-12-28,RJ,FEMININO,Não,,Aposentada,4862.25,Não,Mensalista,70.0,294,3
PENHA,F,RIO DE JANEIRO,BRASILEIRA,Divorciada,1955-12-28,RJ,FEMININO,Não,,Professor Ii,9074.18,Não,Mensalista,70.0,1048,1
VILA DA PENHA,F,RIO DE JANEIRO,BRASILEIRA,Viúva,1950-01-10,RJ,FEMININO,Não,,Especial/Diretor Iv,1367.78,Não,Mensalista,75.0,747,2
VILA DA PENHA,F,RIO DE JANEIRO,BRASILEIRA,Viúva,1950-01-10,RJ,FEMININO,Não,,Prof Ii- Aposentada,4621.39,Não,Mensalista,75.0,937,2
SANTA CRUZ,F,RIO DE JANEIRO,BRASILEIRA,Casada,1963-03-17,RJ,FEMININO,Não,,Merendeira,2982.91,Não,Mensalista,62.0,812,2
SANTA CRUZ,F,RIO DE JANEIRO,BRASILEIRA,Solteira,1966-04-23,RJ,FEMININO,Não,,Merendeira,1625.14,Não,Mensalista,59.0,812,2
ENGENHO DA RAINHA,F,RIO DE JANEIRO,BRASILEIRA,Separado judicialmente,1966-09-26,RJ,FEMININO,Não,,Professor Ii,5554.35,Não,Mensalista,59.0,1048,2
ENGENHO DA RAINHA,F,RIO DE JANEIRO,BRASILEIRA,Separada judicialmente,1966-09-26,RJ,FEMININO,Não,,Professor Ii,4368.49,Não,Mensalista,59.0,1048,2
ILHA DO GOVERNADOR,F,RIO DE JANEIRO,BRASILEIRA,Solteira,1955-01-18,RJ,FEMININO,Não,,Professor,2190.55,Não,Mensalista,70.0,984,2
ILHA DO GOVERNADOR,F,RIO DE JANEIRO,BRASILEIRA,Solteira,1955-01-18,RJ,FEMININO,Não,,Professor,5099.86,Não,Mensalista,70.0,984,2
BARRA DE GUARATIBA,F,RIO DE JANEIRO,Brasileira,Casada,1957-12-05,RJ,FEMININO,Não,,Professor Ii,8423.36,Não,Mensalista,68.0,1048,1
REALENGO,F,RIO DE JANEIRO,Brasileira,Solteira,1952-03-19,RJ,FEMININO,Não,,Aposentada,1557.9,Não,Mensalista,73.0,294,3
VILA VALQUEIRE,F,RIO DE JANEIRO,Brasileira,Casado,1945-03-02,RJ,FEMININO,Não,,Ag Administrativo Aposentado,2831.56,Não,Mensalista,80.0,20,3
VIGARIO GERAL,F,RIO DE JANEIRO,Brasileira,Divorciada,1956-03-31,RJ,FEMININO,Não,Risco PLD/FT Baixo,Agente Comunitario Nivel Ii,3018.11,Não,Mensalista,69.0,202,3
CENTRO,F,DUQUE DE CAXIAS,Brasileira,Solteiro,1952-09-27,RJ,FEMININO,Não,,Aposentada,0.0,Não,Mensalista,73.0,294,3
BOTAFOGO,F,RIO DE JANEIRO,Brasileira,Viúva,1952-07-14,RJ,FEMININO,Não,,Tecnico De Saude Publica,3265.18,Não,Mensalista,73.0,1183,2
HIGIENOPOLIS,F,RIO DE JANEIRO,BRASILEIRA,SOLTEIRO,1964-07-08,RJ,FEMININO,Não,,Merendeira,703.19,Não,Mensalista,61.0,812,2
BANGU,F,RIO DE JANEIRO,Brasileira,Solteira,1949-05-13,RJ,FEMININO,Não,,Aux De Enfermagem 2º Grau,3529.38,Não,Mensalista,76.0,474,3
OLARIA,F,RIO DE JANEIRO,BRASILEIRA,Solteira,1954-09-01,RJ,FEMININO,Não,,Professor Ii,14910.35,Não,Mensalista,71.0,1048,1
BENTO RIBEIRO,F,RIO DE JANEIRO,Brasileira,Viúva,1950-01-18,RJ,FEMININO,Não,,Aux De Enfermagem 2º Grau,2639.88,Não,Mensalista,75.0,474,3
REALENGO,F,RIO DE JANEIRO,BRASILEIRA,Solteira,1958-05-08,RJ,FEMININO,Não,,Merendeira,972.17,Não,Mensalista,67.0,812,2
MAUA,F,MAGE,Brasileira,Solteiro,1952-06-28,RJ,FEMININO,Não,,Aux. De Enfermagem,5093.92,Não,Mensalista,73.0,525,3
REALENGO,F,RIO DE JANEIRO,BRASILEIRA,Casada,1963-03-06,RJ,FEMININO,Não,,Datilografo,3723.08,Não,Mensalista,62.0,690,2
ENGENHO DE DENTRO,F,RIO DE JANEIRO,BRASILEIRA,Casada,1949-05-26,RJ,FEMININO,Não,,Professor I Matematica,8870.64,Não,Mensalista,76.0,1045,1
CACUIA,F,RIO DE JANEIRO,Brasileira,Viúvo,1948-06-18,RJ,FEMININO,Não,,Servente,835.62,Não,Mensalista,77.0,1116,2
BANGU,F,RIO DE JANEIRO,Brasileira,Viúva,1955-04-28,RJ,FEMININO,Não,,Aux De Enfermagem 1º Grau,4073.66,Não,Mensalista,70.0,468,3
TAQUARA,F,RIO DE JANEIRO,BRASILEIRA,Solteira,1958-10-22,RJ,FEMININO,Não,,Professor Ii,7022.23,Não,Mensalista,67.0,1048,2
COPACABANA,F,RIO DE JANEIRO,BRASILEIRA,Divorciada,1963-03-03,RJ,FEMININO,Não,,Professor Ii,11068.79,Não,Mensalista,62.0,1048,1
COPACABANA,F,RIO DE JANEIRO,BRASILEIRA,Divorciada,1963-03-03,RJ,FEMININO,Não,,Aposentada,7998.19,Não,Mensalista,62.0,294,3
CAMPO GRANDE,F,RIO DE JANEIRO,Brasileira,Solteiro,1970-11-06,RJ,FEMININO,Não,,Agente De Administracao,1931.16,Não,Mensalista,55.0,213,3
REALENGO,F,RIO DE JANEIRO,Brasileira,Solteiro,1963-04-03,RJ,FEMININO,Não,,Ag. Administração,10114.52,Não,Mensalista,62.0,78,3
AUSTIN,F,NOVA IGUACU,BRASILEIRA,Casada,1976-08-04,RJ,FEMININO,Não,,Ag. De Educação Infantil,3114.64,Não,Mensalista,49.0,129,0
IRAJA,F,RIO DE JANEIRO,Brasileira,Casada,1964-11-22,RJ,FEMININO,Não,,Aposentada,3584.54,Não,Mensalista,61.0,294,3
ITABORAI,F,ITABORAI,Brasileira,Casado,1963-07-25,RJ,FEMININO,Não,,Prof I - Geografia,4723.1,Não,Mensalista,62.0,904,2
CAMPO GRANDE,F,RIO DE JANEIRO,Brasileira,Viúvo,1958-11-05,RJ,MASCULINO,Não,,Trabalhador,2431.74,Não,Mensalista,67.0,1202,2
JARDIM PARAISO,F,SÃO JOÃO DE MERITI,Brasileira,Viúvo,1962-01-02,RJ,MASCULINO,Não,,Armazenista (Rioluz),5098.28,Não,Mensalista,63.0,297,3
PILARES,F,RIO DE JANEIRO,BRASILEIRA,Solteiro,1982-03-31,RJ,MASCULINO,Não,Risco PLD/FT Baixo,Gari,2938.31,Não,Mensalista,43.0,769,0
CAMPO GRANDE,F,RIO DE JANEIRO,Brasileira,Casado,1965-03-29,RJ,MASCULINO,Não,,Agente De Vigilancia,1881.54,Não,Mensalista,60.0,259,3
POVOADO,F,RIO DE JANEIRO,Brasileira,Divorciado,1951-08-30,RJ,MASCULINO,Não,,Trabalhador,2764.38,Não,Mensalista,74.0,1202,2
CASCADURA,F,RIO DE JANEIRO,Brasileira,Divorciado,1965-02-21,RJ,MASCULINO,Não,,Aux. De Enfermagem,2366.84,Não,Mensalista,60.0,525,3
SANTA CRUZ,F,RIO DE JANEIRO,BRASILEIRA,SOLTEIRO,1967-08-06,RJ,MASCULINO,Não,,Trabalhador,1945.03,Não,Mensalista,58.0,1202,2
CATUMBI,F,RIO DE JANEIRO,Brasileira,Viúvo,1954-08-26,RJ,MASCULINO,Não,,Agente De Vigilância,2813.87,Não,Mensalista,71.0,264,3
CENTRO,F,SAO JOAO DE MERITI,BRASILEIRA,Casado,1964-02-16,RJ,MASCULINO,Não,,Carpinteiro,6011.3,Não,Mensalista,61.0,663,0
SEPETIBA,F,RIO DE JANEIRO,Brasileira,Casado,1948-09-01,RJ,MASCULINO,Não,,Trabalhador,1882.91,Não,Mensalista,77.0,1202,2
CATUMBI,F,RIO DE JANEIRO,Brasileira,Solteiro,1959-02-13,RJ,MASCULINO,Não,,Guarda De Endemia,2861.52,Não,Mensalista,66.0,774,2
IPANEMA,F,RIO DE JANEIRO,Brasileira,Solteiro,1948-04-14,RJ,MASCULINO,Não,,Agente De Administração,4451.97,Não,Mensalista,77.0,216,3
VILA KOSMOS,F,RIO DE JANEIRO,Brasileira,Casado,1962-08-16,RJ,MASCULINO,Não,,Aposentado,2579.43,Não,Mensalista,63.0,295,3
JACAREPAGUA,F,RIO DE JANEIRO,BRASILEIRA,Solteiro,1959-04-11,RJ,MASCULINO,Não,Risco PLD/FT Baixo,Contador,9769.14,Não,Mensalista,66.0,671,1
JARDIM DA VIGA,F,NOVA IGUACU,BRASILEIRA,Casado,1976-01-27,RJ,FEMININO,Não,Risco PLD/FT Baixo,Professor Docente I - 18 Horas,4264.06,Não,Mensalista,49.0,1014,0
VILA KOSMOS,F,RIO DE JANEIRO,Brasileira,Divorciada,1957-08-23,RJ,FEMININO,Não,,Aux. De Enfermagem,2538.36,Não,Mensalista,68.0,525,3
JARDIM MERITI,F,SAO JOAO DE MERITI,Brasileira,Casada,1974-05-22,RJ,FEMININO,Não,,Ag De Administração,7992.93,Não,Mensalista,51.0,40,3
TAQUARA,F,RIO DE JANEIRO,BRASILEIRA,Separada judicialmente,1959-07-20,RJ,FEMININO,Não,,Professor Ii,10350.19,Não,Mensalista,66.0,1048,1
REALENGO,F,RIO DE JANEIRO,Brasileira,Viúvo,1964-11-07,RJ,FEMININO,Não,,Prof Ii,6008.58,Não,Mensalista,61.0,930,2
CAMPO GRANDE,F,RIO DE JANEIRO,BRASILEIRA,Solteira,1963-06-08,RJ,FEMININO,Não,,Professor,5564.46,Não,Mensalista,62.0,984,2
CAMPO GRANDE,F,RIO DE JANEIRO,BRASILEIRA,Solteira,1963-06-08,RJ,FEMININO,Não,,Professor,5564.46,Não,Mensalista,62.0,984,2
SÃO CRISTOVÃO,F,RIO DE JANEIRO,BRASILEIRA,Solteira,1974-02-01,RJ,FEMININO,Não,,Ag. De Educação Infantil,2492.16,Não,Mensalista,51.0,129,0
ENGENHO DA RAINHA,F,RIO DE JANEIRO,BRASILEIRA,Solteira,1976-02-15,RJ,FEMININO,Não,,Merendeira,2181.72,Não,Mensalista,49.0,812,0
VISTA ALEGRE,F,RIO DE JANEIRO,BRASILEIRA,Casada,1982-11-27,RJ,FEMININO,Não,,Professor Ii,5579.76,Não,Mensalista,43.0,1048,0
LINDO PARQUE,F,SÃO GONÇALO,BRASILEIRA,Solteira,1973-05-09,RJ,FEMININO,Não,,Ag. De Ed. Infantil,3168.03,Não,Mensalista,52.0,126,3
ENGENHO DE DENTRO,F,RIO DE JANEIRO,BRASILEIRA,Solteira,1982-11-30,RJ,FEMININO,Não,,Professor Ii,5288.7,Não,Mensalista,43.0,1048,0
JARDIM MARACANA,F,RIO DE JANEIRO,BRASILEIRA,Casado,1976-04-23,RJ,FEMININO,Não,Risco PLD/FT Baixo,Tecnico Universitário Ii,8976.98,Não,Mensalista,49.0,1195,1
GUARATIBA,F,RIO DE JANEIRO,BRASILEIRA,Solteira,1977-03-04,RJ,FEMININO,Não,,Professor De Educaçao Infantil,8927.28,Não,Mensalista,48.0,996,1
GUARATIBA,F,RIO DE JANEIRO,BRASILEIRA,Solteira,1977-03-04,RJ,FEMININO,Não,,Professor Ii,8927.28,Não,Mensalista,48.0,1048,1
RIO COMPRIDO,F,RIO DE JANEIRO,BRASILEIRA,Solteira,1971-08-22,RJ,FEMININO,Não,,Professor Ii,10627.37,Não,Mensalista,54.0,1048,1
RIO COMPRIDO,F,RIO DE JANEIRO,Brasileira,Solteira,1971-08-22,RJ,FEMININO,Não,,Professor I,10627.37,Não,Mensalista,54.0,1028,1
SETOR HABITACIONAL JARDIM BOTANICO,F,BRASILIA,BRASILEIRA,Solteiro,1982-05-31,DF,FEMININO,Não,Risco PLD/FT Baixo,Oficial De Cartorio Policial,12664.59,Não,Mensalista,43.0,841,1
CASCADURA,F,RIO DE JANEIRO,Brasileira,Casado,1978-02-22,RJ,FEMININO,Não,,Prof. Ii,4288.44,Não,Mensalista,47.0,968,0
CORDOVIL,F,RIO DE JANEIRO,BRASILEIRA,Divorciada,1960-06-12,RJ,FEMININO,Não,,Aux. De Enfermagem - 2º Grau,2853.78,Não,Mensalista,65.0,532,3
GAVEA,F,RIO DE JANEIRO,Brasileira,Solteira,1962-03-19,RJ,FEMININO,Não,,Arquiteto,8838.73,Não,Mensalista,63.0,298,3
CENTRO,F,SÃO GONÇALO,BRASILEIRA,União Estável,1976-12-22,RJ,FEMININO,Não,,Ag De Administração,2245.16,Não,Mensalista,49.0,40,0
MANGUINHOS,F,CABO FRIO,BRASILEIRA,Solteiro,1980-02-05,RJ,FEMININO,Não,Risco PLD/FT Baixo,Professor Docente I - 18 Horas,4093.89,Não,Mensalista,45.0,1014,0
CENTRO,F,GUAPIMIRIM,BRASILEIRA,SOLTEIRO,1973-11-14,RJ,FEMININO,Não,,Enfermeira,4667.22,Não,Mensalista,52.0,720,0
IPIRANGA,F,NOVA IGUAÇU,BRASILEIRA,Solteiro,1981-03-06,RJ,FEMININO,Não,Risco PLD/FT Baixo,Professor Docente I - 18 Horas,4195.97,Não,Mensalista,44.0,1014,0
CAMPO GRANDE,F,RIO DE JANEIRO,BRASILEIRA,Casada,1977-06-03,RJ,FEMININO,Não,,Agente Educador Ii,1843.03,Não,Mensalista,48.0,268,0
GUADALUPE,F,RIO DE JANEIRO,BRASILEIRA,Solteira,1976-05-04,RJ,FEMININO,Não,,Ag Educador Ii,2231.54,Não,Mensalista,49.0,69,0
SANTA ROSA,F,NITEROI,Brasileira,Divorciada,1975-05-18,RJ,FEMININO,Não,,Aux.De Enfermagem,4060.75,Não,Mensalista,50.0,581,0
BANCARIOS,F,RIO DE JANEIRO,BRASILEIRA,Divorciado,1977-08-20,RJ,FEMININO,Não,Risco PLD/FT Baixo,Prof Adj Educaçãi Infantil,6165.86,Não,Mensalista,48.0,881,0
TANQUE,F,RIO DE JANEIRO,BRASILEIRA,Solteira,1982-01-25,RJ,FEMININO,Não,,Professor Ii,3405.53,Não,Mensalista,43.0,1048,0
TANQUE,F,RIO DE JANEIRO,BRASILEIRA,Solteira,1982-01-25,RJ,FEMININO,Não,,Professor Ii,3405.53,Não,Mensalista,43.0,1048,0
ANCHIETA,F,RIO DE JANEIRO,BRASILEIRA,Casado,1978-08-21,RJ,FEMININO,Não,,Professor,1361.9,Não,Mensalista,47.0,984,0
CAMPO GRANDE,F,RIO DE JANEIRO,BRASILEIRA,Solteira,1974-01-19,RJ,FEMININO,Não,,Professor Ii,8871.57,Não,Mensalista,51.0,1048,1
CAMPO GRANDE,F,RIO DE JANEIRO,BRASILEIRA,Solteira,1974-01-19,RJ,FEMININO,Não,,Professor Ii,8871.57,Não,Mensalista,51.0,1048,1
TANQUE,F,NITEROI,BRASILEIRA,Casada,1969-06-06,RJ,FEMININO,Não,,Professor Ii,3383.26,Não,Mensalista,56.0,1048,2
CARAMUJO,F,RIO DE JANEIRO,Brasileira,Casado,1981-04-22,RJ,FEMININO,Não,,Merendeira,981.92,Não,Mensalista,44.0,812,0
CASCADURA,F,RIO DE JANEIRO,BRASILEIRA,Solteira,1978-01-26,RJ,FEMININO,Não,,Professor Ii,7902.31,Não,Mensalista,47.0,1048,1
ROCHA MIRANDA,F,RIO DE JANEIRO,BRASILEIRA,Casada,1986-06-23,RJ,FEMININO,Não,,Professor Ii,3797.64,Não,Mensalista,39.0,1048,0
ROCHA MIRANDA,F,RIO DE JANEIRO,BRASILEIRA,Casada,1986-06-23,RJ,FEMININO,Não,,Professor Ii,3797.64,Não,Mensalista,39.0,1048,0
ALTO DAS PALM,F,CASEMIRO DE ABREU,BRASILEIRA,Casado,1969-03-17,RJ,FEMININO,Não,Risco PLD/FT Baixo,Agente De Administração,4997.83,Não,Mensalista,56.0,216,3
GUADALUPE,F,RIO DE JANEIRO,BRASILEIRA,Casada,1970-06-12,RJ,FEMININO,Não,,Professor Ii,6018.01,Não,Mensalista,55.0,1048,1
ENGENHO DE DENTRO,F,RIO DE JANEIRO,BRASILEIRA,Solteira,1975-10-27,RJ,FEMININO,Não,,Prof.Ii,7310.53,Não,Mensalista,50.0,977,1
CENTRO,F,DUQUE DE CAXIAS,Brasileira,Solteira,1970-07-29,RJ,FEMININO,Não,,Merendeira,1908.26,Não,Mensalista,55.0,812,0
CAMPO GRANDE,F,RIO DE JANEIRO,BRASILEIRA,SOLTEIRO,1975-07-15,RJ,FEMININO,Não,,Professor Ii,2743.93,Não,Mensalista,50.0,1048,0
CAMPO GRANDE,F,RIO DE JANEIRO,BRASILEIRA,Solteira,1975-07-15,RJ,FEMININO,Não,,Professor Ii,2743.93,Não,Mensalista,50.0,1048,0
CORDOVIL,F,RIO DE JANEIRO,Brasileira,Solteiro,1943-10-24,RJ,MASCULINO,Não,,Trabalhador,1770.28,Não,Mensalista,82.0,1202,2
VILA NORMA,F,SAO JOAO DE MERITI,BRASILEIRA,Casado,1957-05-29,RJ,MASCULINO,Não,,Aux De Enfermagem,4761.99,Não,Mensalista,68.0,459,3
PENHA CIRCULAR,F,RIO DE JANEIRO,BRASILEIRA,Casado,1972-02-03,RJ,MASCULINO,Não,,Guarda Municipal,3925.63,Não,Mensalista,53.0,776,0
ITAIPAVA,F,PETROPOLIS,Brasileira,Casado,1957-02-27,RJ,MASCULINO,Não,,Agente De Material,3408.67,Não,Mensalista,68.0,242,3
MADUREIRA,F,RIO DE JANEIRO,BRASILEIRA,Casado,1950-12-07,RJ,MASCULINO,Não,,Art De Mecanica,2056.91,Não,Mensalista,75.0,323,3
PACIENCIA,F,RIO DE JANEIRO,Brasileira,Solteiro,1965-08-23,RJ,FEMININO,Não,,Zelador,1022.2,Não,Mensalista,60.0,1238,2
CENTRO,F,SAO JOAO DE MERITI,BRASILEIRA,Divorciada,1955-07-20,RJ,FEMININO,Não,,Auxiliar De Enfermagem - 2° G,2182.91,Não,Mensalista,70.0,612,3
BENTO RIBEIRO,F,RIO DE JANEIRO,Brasileira,Viúva,1953-03-16,RJ,FEMININO,Não,,Agente De Administracao,1447.73,Não,Mensalista,72.0,213,3
OLINDA,F,NILOPOLIS,BRASILEIRA,Divorciado,1967-10-26,RJ,MASCULINO,Não,,Guarda Municipal,5772.96,Não,Mensalista,58.0,776,0
CAMPO GRANDE,F,RIO DE JANEIRO,Brasileira,Casado,1977-03-26,RJ,MASCULINO,Não,,Ag De Administração / Subgeren,10695.29,Não,Mensalista,48.0,42,1
CASCADURA,F,RIO DE JANEIRO,BRASILEIRA,Divorciado,1952-08-21,RJ,MASCULINO,Não,,Inspetor De Alunos,3362.54,Não,Mensalista,73.0,789,2
CAMPO GRANDE,F,RIO DE JANEIRO,Brasileira,Casado,1955-09-20,RJ,MASCULINO,Não,,Agente Operador De Transito,7575.73,Não,Mensalista,70.0,275,3
INHAUMA,F,RIO DE JANEIRO,BRASILEIRA,SOLTEIRO,1973-04-21,RJ,MASCULINO,Não,,Professor,2871.7,Não,Mensalista,52.0,984,0
ANDARAI,F,RIO DE JANEIRO,Brasileira,Separado judicialmente,1959-11-12,RJ,MASCULINO,Não,,Servente,5913.89,Não,Mensalista,66.0,1116,2
MATA PACA,F,NITEROI,BRASILEIRA,Solteiro,1987-04-10,RJ,MASCULINO,Não,Risco PLD/FT Baixo,Professor Docente I - 30 Horas,7194.42,Não,Mensalista,38.0,1015,0
CENTRO,F,NOVA IGUAÇU,BRASILEIRA,Divorciado,1972-03-09,RJ,MASCULINO,Não,,Auxiliar De Enfermagem-2ª Grau,4244.28,Não,Mensalista,53.0,625,0
SEBASTIAO,F,MAGE,Brasileira,Solteiro,1960-01-23,RJ,MASCULINO,Não,,Mec. De Maquinas,2998.54,Não,Mensalista,65.0,803,2
OLARIA,F,RIO DE JANEIRO,BRASILEIRA,Casado,1967-12-07,RJ,MASCULINO,Não,,Guarda Municipal,4750.85,Não,Mensalista,58.0,776,0
ACARI,F,RIO DE JANEIRO,BRASILEIRA,Solteiro,1966-07-05,RJ,MASCULINO,Não,,Trabalhador,3224.47,Não,Mensalista,59.0,1202,2
SANTA CRUZ,F,RIO DE JANEIRO,BRASILEIRA,Casado,1959-01-10,RJ,MASCULINO,Não,,Guarda Municipal,5201.36,Não,Mensalista,66.0,776,2
IRAJA,F,RIO DE JANEIRO,Brasileira,Solteiro,1960-09-12,RJ,MASCULINO,Não,,Agente De Portaria,1716.35,Não,Mensalista,65.0,243,3
CORDOVIL,F,RIO DE JANEIRO,Brasileira,Divorciado,1954-08-12,RJ,MASCULINO,Não,,Servente,2425.59,Não,Mensalista,71.0,1116,2
VILA VALQUEIRE,F,RIO DE JANEIRO,BRASILEIRA,Casado,1950-08-10,RJ,FEMININO,Não,,Professor Ii / Diretor Adj,7859.11,Não,Mensalista,75.0,1052,2
IRAJA,F,RIO DE JANEIRO,BRASILEIRA,Casada,1960-02-06,RJ,FEMININO,Não,,Aux De Enfermagem 2º Grau,2978.2,Não,Mensalista,65.0,474,3
IRAJA,F,RIO DE JANEIRO,BRASILEIRA,Divorciada,1965-08-01,RJ,FEMININO,Não,,Professor Ii,5328.22,Não,Mensalista,60.0,1048,2
INHOAIBA,F,RIO DE JANEIRO,BRASILEIRA,Solteira,1956-09-27,RJ,FEMININO,Não,,Ag Aux De Administração,1995.45,Não,Mensalista,69.0,26,3
ANCHIETA,F,RIO DE JANEIRO,BRASILEIRA,Casado,1959-11-14,RJ,FEMININO,Não,,Merendeira,1099.76,Não,Mensalista,66.0,812,2
GUADALUPE,F,RIO DE JANEIRO,BRASILEIRA,Divorciada,1964-07-25,RJ,FEMININO,Não,,Merendeira,749.83,Não,Mensalista,61.0,812,2
PILARES,F,RIO DE JANEIRO,BRASILEIRA,Casada,1969-11-06,RJ,FEMININO,Não,,Professor Ii,5219.21,Não,Mensalista,56.0,1048,2
PILARES,F,RIO DE JANEIRO,BRASILEIRA,Casada,1969-11-06,RJ,FEMININO,Não,,Professor Ii,5219.21,Não,Mensalista,56.0,1048,2
EDSON PASSOS,F,MESQUITA,BRASILEIRA,Solteira,1962-04-09,RJ,FEMININO,Não,,Merendeira,2422.25,Não,Mensalista,63.0,812,2
ANIL,F,RIO DE JANEIRO,BRASILEIRA,Casada,1955-07-01,RJ,FEMININO,Não,,Aux. Enfermagem 2º Grau,2297.97,Não,Mensalista,70.0,565,3
COPACABANA,F,RIO DE JANEIRO,BRASILEIRA,Solteira,1966-07-29,RJ,FEMININO,Não,Risco PLD/FT Baixo,Prof I - Ciencias,4649.22,Não,Mensalista,59.0,897,2
BRAZ DE PINA,F,RIO DE JANEIRO,Brasileira,Solteira,1957-02-03,RJ,FEMININO,Não,,Merendeira,1387.45,Não,Mensalista,68.0,812,2
JACAREPAGUA,F,RIO DE JANEIRO,BRASILEIRA,Solteira,1959-03-08,RJ,FEMININO,Não,,Ag. De Educação Infantil,1100.0,Não,Mensalista,66.0,129,3
PRAÇA SECA,F,RIO DE JANEIRO,Brasileira,Casada,1962-04-16,RJ,FEMININO,Não,,Professor Ii,4115.55,Não,Mensalista,63.0,1048,2
VIGARIO GERAL,F,RIO DE JANEIRO,Brasileira,Divorciada,1959-07-08,RJ,FEMININO,Não,,Servente,1797.24,Não,Mensalista,66.0,1116,2
MARECHAL HERMES,F,RIO DE JANEIRO,Brasileira,Solteira,1962-06-11,RJ,FEMININO,Não,,Ag Administração,8193.9,Não,Mensalista,63.0,21,3
CAMPO GRANDE,F,RIO DE JANEIRO,Brasileira,Casado,1958-09-28,RJ,FEMININO,Não,,Professor,5534.72,Não,Mensalista,67.0,984,2
SEPETIBA,F,RIO DE JANEIRO,Brasileira,Casado,1953-05-06,RJ,FEMININO,Não,,Copeiro,2486.38,Não,Mensalista,72.0,678,2
HIGIENOPOLIS,F,RIO DE JANEIRO,Brasileira,Solteira,1982-10-14,RJ,FEMININO,Não,,Professor De Educaçao Infantil,12542.12,Não,Mensalista,43.0,996,1
ITAIPUACU,F,MARICA,Brasileira,Solteira,1959-09-14,RJ,FEMININO,Não,,Digitador,4602.04,Não,Mensalista,66.0,704,2
GUARATIBA,F,RIO DE JANEIRO,BRASILEIRA,Divorciada,1983-12-17,RJ,FEMININO,Não,,Secretaria Escolar,2171.6,Não,Mensalista,42.0,1109,0
CAJU,F,RIO DE JANEIRO,BRASILEIRA,Casada,1961-09-15,RJ,FEMININO,Não,,Agente De Educação Infantil,3323.16,Não,Mensalista,64.0,237,3
CAMPO GRANDE,F,RIO DE JANEIRO,BRASILEIRA,Divorciada,1958-09-23,RJ,FEMININO,Não,,Professor Ii,3532.28,Não,Mensalista,67.0,1048,2
CAMPO GRANDE,F,RIO DE JANEIRO,Brasileira,Casada,1958-09-23,RJ,FEMININO,Não,,Professor I - Ling. Portuguesa,6972.84,Não,Mensalista,67.0,1038,2
CAMPO GRANDE,F,RIO DE JANEIRO,Brasileira,Casado,1969-11-20,RJ,FEMININO,Não,,Professor Ii,6808.9,Não,Mensalista,56.0,1048,1
CAMPO GRANDE,F,RIO DE JANEIRO,BRASILEIRA,Casada,1969-11-20,RJ,FEMININO,Não,,Professor,6808.9,Não,Mensalista,56.0,984,1
FONSECA,F,NITEROI,BRASILEIRA,Solteira,1958-09-20,RJ,FEMININO,Não,,Professor,3634.3,Não,Mensalista,67.0,984,2
CAMPO GRANDE,F,RIO DE JANEIRO,Brasileira,Casado,1955-04-18,RJ,FEMININO,Não,,Aposentada,3226.46,Não,Mensalista,70.0,294,3
COPACABANA,F,RIO DE JANEIRO,Brasileira,Solteiro,1967-09-05,RJ,FEMININO,Não,,Enfermeiro,3600.64,Não,Mensalista,58.0,724,0
IRAJA,F,RIO DE JANEIRO,Brasileira,Solteiro,1977-01-03,RJ,FEMININO,Não,,Professora,1405.82,Não,Mensalista,48.0,1070,0
CAMPO GRANDE,F,RIO DE JANEIRO,BRASILEIRA,Casada,1970-03-08,RJ,FEMININO,Não,Risco PLD/FT Baixo,Professor Ii,9914.31,Não,Mensalista,55.0,1048,1
CAMPO GRANDE,F,RIO DE JANEIRO,BRASILEIRA,Casada,1964-09-09,RJ,FEMININO,Não,,Aux. De Enfermagem - 2ª Grau,2627.89,Não,Mensalista,61.0,531,3
SEPETIBA,F,RIO DE JANEIRO,Brasileira,Casado,1954-11-09,RJ,FEMININO,Não,,Ag Auxiliar Administração,2288.92,Não,Mensalista,71.0,29,3
VILAR DOS TELLES,F,SÃO JOÃO DE MERITI,Brasileira,Solteiro,1952-08-13,RJ,FEMININO,Não,,Aux. De Enfermagem,2874.92,Não,Mensalista,73.0,525,3
INHAUMA,F,RIO DE JANEIRO,BRASILEIRA,Separada judicialmente,1957-05-16,RJ,FEMININO,Não,,Aux De Enfermagem 2º Grau,3086.93,Não,Mensalista,68.0,474,3
GUADALUPE,F,RIO DE JANEIRO,Brasileira,Não informado,1952-06-17,RJ,FEMININO,Não,,Assistente Administrativo,3301.12,Não,Mensalista,73.0,422,3
QUINTINO BOCAIUVA,F,RIO DE JANEIRO,BRASILEIRA,Divorciada,1954-01-27,RJ,FEMININO,Não,,Professor Ii,4468.09,Não,Mensalista,71.0,1048,2
QUINTINO BOCAIUVA,F,RIO DE JANEIRO,BRASILEIRA,Divorciada,1954-01-27,RJ,FEMININO,Não,,Professor Ii,4468.09,Não,Mensalista,71.0,1048,2
TOMAS COELHO,F,RIO DE JANEIRO,Brasileira,Solteiro,1956-08-14,RJ,FEMININO,Não,,Ag Comunitario,2520.82,Não,Mensalista,69.0,33,3
CENTRO,F,RIO DE JANEIRO,Brasileira,Casada,1958-02-06,RJ,FEMININO,Não,,Servente,1980.91,Não,Mensalista,67.0,1116,2
ILHA DO GOVERNADOR,F,RIO DE JANEIRO,Brasileira,Solteira,1975-09-10,RJ,FEMININO,Não,,Aux De Enfermagem 1º Grau,3322.2,Não,Mensalista,50.0,468,0
PIEDADE,F,RIO DE JANEIRO,BRASILEIRA,Casado,1962-12-01,RJ,FEMININO,Não,,Professor,7655.18,Não,Mensalista,63.0,984,1
PIEDADE,F,RIO DE JANEIRO,Brasileira,Casado,1962-12-01,RJ,FEMININO,Não,,Professor,7655.18,Não,Mensalista,63.0,984,1
OLARIA,F,RIO DE JANEIRO,Brasileira,Divorciada,1970-05-23,RJ,FEMININO,Não,,Recepcionista,5383.5,Não,Mensalista,55.0,1094,2
QUINTINO BOCAIUVA,F,RIO DE JANEIRO,BRASILEIRA,Casada,1946-07-19,RJ,FEMININO,Não,,Professor Ii,3637.89,Não,Mensalista,79.0,1048,2
QUINTINO BOCAIUVA,F,RIO DE JANEIRO,Brasileira,Casada,1946-07-19,RJ,FEMININO,Não,,Professor Ii,3747.14,Não,Mensalista,79.0,1048,2
PENHA,F,RIO DE JANEIRO,Brasileira,Solteira,1952-12-16,RJ,FEMININO,Não,,Merendeira,1100.0,Não,Mensalista,73.0,812,2
SANTA CRUZ,F,RIO DE JANEIRO,Brasileira,União Estável,1964-11-15,RJ,FEMININO,Não,,Agente Aux. De Adm.,4614.42,Não,Mensalista,61.0,186,3
REALENGO,F,RIO DE JANEIRO,Brasileira,Viúvo,1951-05-05,RJ,MASCULINO,Não,,Motorista,2930.06,Não,Mensalista,74.0,827,2
ANA CLARA,F,RIO DE JANEIRO,Brasileira,Solteiro,1957-08-05,RJ,FEMININO,Não,,Ag. Comunitario,2793.02,Não,Mensalista,68.0,95,3
PAVUNA,F,RIO DE JANEIRO,BRASILEIRA,SOLTEIRO,1982-07-02,RJ,FEMININO,Não,,Ag. De Educação Infantil,1648.99,Não,Mensalista,43.0,129,0
FREGUESIA,F,RIO DE JANEIRO,BRASILEIRA,Casada,1982-09-19,RJ,FEMININO,Não,,Professor Ii,7245.85,Não,Mensalista,43.0,1048,1
FREGUESIA,F,RIO DE JANEIRO,BRASILEIRA,Casada,1982-09-19,RJ,FEMININO,Não,,Professor Ii,7445.94,Não,Mensalista,43.0,1048,1
JARDIM ATLANTICO,F,MARICA,BRASILEIRA,União Estável,1982-10-05,RJ,FEMININO,Não,Risco PLD/FT Baixo,Assistente,1715.6,Não,Mensalista,43.0,421,0
CAMPO GRANDE,F,RIO DE JANEIRO,BRASILEIRA,Solteira,1981-11-26,RJ,FEMININO,Não,,Professor Ii,12189.83,Não,Mensalista,44.0,1048,1
CAMPO GRANDE,F,RIO DE JANEIRO,BRASILEIRA,Solteira,1981-11-26,RJ,FEMININO,Não,,Professor Ii,12189.83,Não,Mensalista,44.0,1048,1
CAMPO GRANDE,F,RIO DE JANEIRO,Brasileira,Divorciada,1977-01-27,RJ,FEMININO,Não,,Prof Ii,4278.21,Não,Mensalista,48.0,930,0
MEIER,F,RIO DE JANEIRO,BRASILEIRA,Solteira,1991-06-17,RJ,FEMININO,Não,,Professor De Ensino Fundamenta,8004.63,Não,Mensalista,34.0,1001,0
SANTO ALEIXO,F,RIO DE JANEIRO,Brasileira,Solteiro,1949-09-19,RJ,MASCULINO,Não,,Trabalhador,1596.14,Não,Mensalista,76.0,1202,2
FREGUESIA JACAREPAGUA,F,RIO DE JANEIRO,BRASILEIRA,Solteiro,1956-02-12,RJ,MASCULINO,Não,Risco PLD/FT Baixo,Auxiliar De Controle De Endemi,4719.92,Não,Mensalista,69.0,603,3
CABUIS,F,NILOPOLIS,Brasileira,Casado,1965-07-12,RJ,MASCULINO,Não,,Trabalhador,3740.38,Não,Mensalista,60.0,1202,2
ENGENHO DA RAINHA,F,RIO DE JANEIRO,BRASILEIRA,Casado,1986-07-17,RJ,MASCULINO,Não,,Secretario Escolar,2925.46,Não,Mensalista,39.0,1113,0
BRAZ DE PINA,F,RIO DE JANEIRO,Brasileira,Casado,1950-09-02,RJ,MASCULINO,Não,,Art. De Est. De Obras De Metal,1053.48,Não,Mensalista,75.0,354,3
SANTA CRUZ,F,RIO DE JANEIRO,Brasileira,Casado,1957-07-26,RJ,MASCULINO,Não,,Art De Instalacoes Hidraulicas,3857.53,Não,Mensalista,68.0,318,3
SÃO CRISTOVÃO,F,RIO DE JANEIRO,Brasileira,Casado,1960-09-01,RJ,MASCULINO,Não,,Trabalhador/Subgerente Iv,3739.04,Não,Mensalista,65.0,1221,2
NOSSA SENHORA DE FATIMA,F,NITEROI,BRASILEIRA,Solteiro,1966-03-10,RJ,MASCULINO,Não,Risco PLD/FT Baixo,Guarda Municipal,4219.49,Não,Mensalista,59.0,776,0
CATUMBI,F,RIO DE JANEIRO,Brasileira,Solteiro,1946-06-04,RJ,MASCULINO,Não,,Servente,954.75,Não,Mensalista,79.0,1116,2
GAVEA,F,RIO DE JANEIRO,Brasileira,Solteiro,1965-05-02,RJ,MASCULINO,Não,,Prof I Matematica,15064.35,Não,Mensalista,60.0,925,1
INHAUMA,F,SAO GONCALO,Brasileira,Solteiro,1975-09-01,RJ,MASCULINO,Não,,Soldado Classe A,2032.78,Não,Mensalista,50.0,1129,0
JARDIM RIVIERA,F,ITAGUAI,BRASILEIRA,Solteiro,1966-07-14,RJ,MASCULINO,Não,,Ajudante De Almoxarifado,3131.3,Não,Mensalista,59.0,283,3
SANTA CRUZ,F,RIO DE JANEIRO,Brasileira,Casado,1953-08-16,RJ,MASCULINO,Não,,Agente De Vigilância,2195.95,Não,Mensalista,72.0,264,3
CAIÇARA ADELAIDE,F,BELO HORIZONTE,BRASILEIRA,Solteiro,1961-04-25,MG,MASCULINO,Não,Risco PLD/FT Baixo,Assistente Administrativo,11120.72,Não,Mensalista,64.0,422,1
INHAUMA,F,RIO DE JANEIRO,Brasileira,Casado,1951-05-28,RJ,MASCULINO,Não,,Servente (Sms),1615.57,Não,Mensalista,74.0,1118,2
SANTA CRUZ,F,RIO DE JANEIRO,Brasileira,Casado,1955-01-09,RJ,MASCULINO,Não,,Trabalhador,4695.24,Não,Mensalista,70.0,1202,2
TIJUCA,F,RIO DE JANEIRO,Brasileira,Casado,1952-08-21,RJ,MASCULINO,Não,,Auxiliar Tec De Defesa Civil,4942.47,Não,Mensalista,73.0,646,3
IRAJA,F,RIO DE JANEIRO,BRASILEIRA,Casado,1966-10-08,RJ,MASCULINO,Não,,Professor Ii,7959.77,Não,Mensalista,59.0,1048,1
CENTRO,F,MESQUITA,BRASILEIRA,Solteiro,1977-05-17,RJ,MASCULINO,Não,Risco PLD/FT Baixo,Auxiliar De Controle De Endemi,6338.64,Não,,48.0,603,0
INHAUMA,F,MARICA,Brasileira,Divorciado,1956-12-01,RJ,MASCULINO,Não,,Ag De Administraçao,2898.1,Não,Mensalista,69.0,39,3
HIGIENOPOLIS,F,RIO DE JANEIRO,Brasileira,Solteiro,1961-04-12,RJ,MASCULINO,Não,,Agente Educador Ii,1447.58,Não,Mensalista,64.0,268,3
BANGU,F,RIO DE JANEIRO,BRASILEIRA,Casado,1965-01-25,RJ,MASCULINO,Não,,Auxiliar De Turma I (Rio Luz),5626.8,Não,Mensalista,60.0,643,0
SENADOR VASCONCELOS,F,RIO DE JANEIRO,Brasileira,Solteiro,1962-11-27,RJ,MASCULINO,Não,,Agente De Administração,3430.74,Não,Mensalista,63.0,216,3
ANCHIETA,F,RIO DE JANEIRO,Brasileira,Solteiro,1953-08-04,RJ,MASCULINO,Não,,Trabalhador,2984.62,Não,Mensalista,72.0,1202,2
ENGENHEIRO ROCHA FREIRE,F,NOVA IGUACU,BRASILEIRA,Casado,1972-12-09,RJ,MASCULINO,Não,Risco PLD/FT Baixo,2º Sargento Bm,10589.35,Não,Mensalista,53.0,6,1
COSMOS,F,RIO DE JANEIRO,Brasileira,Casado,1967-05-21,RJ,MASCULINO,Não,,Op. De Maquinas Copiadoras,10138.82,Não,Mensalista,58.0,846,1
ANDARAI,F,RIO DE JANEIRO,Brasileira,Solteiro,1978-07-13,RJ,MASCULINO,Não,,Soldado Qm 07/01,1671.86,Não,Mensalista,47.0,1131,0
NOVA CAMPINA,F,DUQUE DE CAXIAS,Brasileira,Solteiro,1963-02-05,RJ,MASCULINO,Não,,Trabalhador,3914.57,Não,Mensalista,62.0,1202,2
ROCHA MIRANDA,F,RIO DE JANEIRO,BRASILEIRA,Solteiro,1971-07-30,RJ,MASCULINO,Não,Risco PLD/FT Baixo,Aux. De Controle De Endemias,2435.18,Não,,54.0,518,0
DEODORO,F,RIO DE JANEIRO,Brasileira,Solteiro,1960-10-09,RJ,MASCULINO,Não,,Ag De Vigilancia,2867.31,Não,Mensalista,65.0,62,3
SENADOR CAMARA,F,RIO DE JANEIRO,Brasileira,Casado,1965-04-01,RJ,MASCULINO,Não,,Ag. De Material,4317.23,Não,Mensalista,60.0,131,3
ANA CLARA,F,RIO DE JANEIRO,Brasileira,Não informado,1957-03-07,RJ,MASCULINO,Não,,Aux. Operac. Serv. Div.,2210.4,Não,Mensalista,68.0,571,3
TANQUE,F,RIO DE JANEIRO,BRASILEIRA,Casado,1969-03-15,RJ,MASCULINO,Não,,Prof I - Geografia,3602.22,Não,Mensalista,56.0,904,0
CENTRO,F,NOVA IGUAÇU,BRASILEIRA,Casado,1978-09-22,RJ,MASCULINO,Não,Risco PLD/FT Baixo,Auxiliar De Controle De Endemi,5032.92,Não,,47.0,603,0
SANTA ROSA,F,NITEROI,BRASILEIRA,Casado,1978-10-23,RJ,MASCULINO,Não,,Aux Operacional,2500.0,Não,Mensalista,47.0,511,0
CAMPO GRANDE,F,RIO DE JANEIRO,BRASILEIRA,SOLTEIRO,1986-07-30,RJ,MASCULINO,Não,,Prof. De Ensino Fundamental,5362.1,Não,Mensalista,39.0,953,0
VILAR DOS TELLES,F,SÃO JOÃO DE MERITI,Brasileira,Casado,1978-05-17,RJ,MASCULINO,Não,,Agente De Portaria,1202.64,Não,Mensalista,47.0,243,0
HUMAITÁ,F,RIO DE JANEIRO,BRASILEIRA,Solteiro,1971-07-06,RJ,MASCULINO,Não,Risco PLD/FT Baixo,Assistente Executivo,4912.95,Não,,54.0,425,0
CENTRO,F,NILOPOLIS,BRASILEIRA,Casado,1977-07-12,RJ,MASCULINO,Não,,Guarda Municipal,4649.73,Não,Mensalista,48.0,776,0
VILA ISABEL,F,RIO DE JANEIRO,BRASILEIRA,Casado,1983-08-31,RJ,MASCULINO,Não,,Guarda Municipal,5137.47,Não,Mensalista,42.0,776,0
IRAJA,F,RIO DE JANEIRO,BRASILEIRA,Solteiro,1974-08-28,RJ,MASCULINO,Não,Risco PLD/FT Baixo,Assistente De Diretoria,2154.95,Não,Mensalista,51.0,424,0
SANTO ANTONIO,F,ITABORAI,BRASILEIRA,Casado,1978-10-03,RJ,FEMININO,Familiar ou Estreito Colaborador,Risco PLD/FT Alto,Tecnico Universitário Ii,8252.8,Não,Mensalista,47.0,1195,1
SANTA CRUZ,F,RIO DE JANEIRO,BRASILEIRA,Solteira,1981-02-27,RJ,FEMININO,Não,,Ag Aux De Creche,2930.09,Não,Mensalista,44.0,27,0
PILARES,F,RIO DE JANEIRO,BRASILEIRA,Solteira,1975-02-18,RJ,FEMININO,Não,,Agente De Educacao Infantil,3161.5,Não,Mensalista,50.0,232,0
ROCHA MIRANDA,F,RIO DE JANEIRO,Brasileira,Casada,1962-09-28,RJ,FEMININO,Não,,Merendeira,864.96,Não,Mensalista,63.0,812,2
COLUMBANDÊ,F,SÃO GONÇALO,Brasileira,Casado,1972-12-17,RJ,MASCULINO,Não,,Recepcionista,4712.26,Não,Mensalista,53.0,1094,0
TANQUE,F,RIO DE JANEIRO,Brasileira,Divorciado,1967-12-21,RJ,MASCULINO,Não,,Trabalhador,2753.39,Não,Mensalista,58.0,1202,2
ENCANTADO,F,RIO DE JANEIRO,Brasileira,Casado,1978-05-30,RJ,MASCULINO,Não,,Ag. De Adm.,3563.42,Não,Mensalista,47.0,106,0
DEL CASTILHO,F,RIO DE JANEIRO,Brasileira,Solteiro,1967-03-06,RJ,MASCULINO,Não,,Servente,1467.32,Não,Mensalista,58.0,1116,2
DOIS IRMÃOS,F,NOVA IGUAÇU,Brasileira,Solteiro,1962-10-09,RJ,MASCULINO,Não,,Trabalhador,3507.11,Não,Mensalista,63.0,1202,2
OSWALDO CRUZ,F,RIO DE JANEIRO,Brasileira,Solteiro,1961-09-09,RJ,MASCULINO,Não,,Art.De Cozinha,2940.91,Não,Mensalista,64.0,377,3
CACHAMBI,F,RIO DE JANEIRO,BRASILEIRA,Solteiro,1973-01-23,RJ,MASCULINO,Não,,Prof I Ciencias,3411.52,Não,Mensalista,52.0,917,0
ROCHA MIRANDA,F,RIO DE JANEIRO,Brasileira,Solteira,1959-10-17,RJ,FEMININO,Não,,Agente Educador,2220.56,Não,Mensalista,66.0,267,3
INHOAIBA,F,RIO DE JANEIRO,BRASILEIRA,Casado,1957-11-29,RJ,MASCULINO,Não,,Ag De Vigilancia,2852.92,Não,Mensalista,68.0,62,3
GUADALUPE,F,RIO DE JANEIRO,Brasileira,Casado,1950-04-25,RJ,MASCULINO,Não,,Art De Grafica,3064.12,Não,Mensalista,75.0,315,3
VIGARIO GERAL,F,RIO DE JANEIRO,BRASILEIRA,Divorciado,1942-06-16,RJ,MASCULINO,Não,,Aposentado,1967.24,Não,Mensalista,83.0,295,3
CAMPO GRANDE,F,RIO DE JANEIRO,Brasileira,Casado,1944-02-07,RJ,MASCULINO,Não,,Motorista,2725.54,Não,Mensalista,81.0,827,2
REALENGO,F,RIO DE JANEIRO,Brasileira,Casado,1969-02-07,RJ,MASCULINO,Não,,Aux De Enfermagem 2º Grau,3888.73,Não,Mensalista,56.0,474,0
SANTA CRUZ,F,RIO DE JANEIRO,BRASILEIRA,Solteiro,1967-08-04,RJ,MASCULINO,Não,,Auxiliar De Controle De Endemi,1911.28,Não,Mensalista,58.0,603,0
SANTA CRUZ,F,RIO DE JANEIRO,Brasileira,Divorciado,1964-10-04,RJ,MASCULINO,Não,,Art De Alv. E Pintura,2920.48,Não,Mensalista,61.0,303,3
BANGU,F,RIO DE JANEIRO,BRASILEIRA,Casado,1962-03-23,RJ,MASCULINO,Não,,Mapotecario (Rioluz),3453.19,Não,Mensalista,63.0,802,2
CAJUEIROS,F,MARICA,BRASILEIRA,Viúvo,1972-12-28,RJ,MASCULINO,Não,,Aux De Enfermagem 2º Grau,4145.12,Não,Mensalista,53.0,474,0
CAMPO GRANDE,F,RIO DE JANEIRO,BRASILEIRA,Solteiro,1965-08-27,RJ,MASCULINO,Não,,Ag De Administração,4486.76,Não,Mensalista,60.0,40,3
CAMPO GRANDE,F,RIO DE JANEIRO,Brasileira,Casado,1958-08-07,RJ,MASCULINO,Não,,Trabalhador,4645.44,Não,Mensalista,67.0,1202,2
CAMPO GRANDE,F,RIO DE JANEIRO,Brasileira,Solteiro,1963-05-08,RJ,MASCULINO,Não,,Aux De Serv Gerais,3471.22,Não,Mensalista,62.0,494,3
TAQUARA,F,RIO DE JANEIRO,Brasileira,Casado,1965-12-02,RJ,MASCULINO,Não,,Agente De Administração,5384.36,Não,Mensalista,60.0,216,3
GLORIA,F,RIO DE JANEIRO,BRASILEIRO,SOLTEIRO,1975-10-11,RJ,MASCULINO,Não,,Agente De Administração,2282.88,Não,Mensalista,50.0,216,0
SANTA CRUZ,F,RIO DE JANEIRO,BRASILEIRA,Solteiro,1967-10-16,RJ,MASCULINO,Não,Risco PLD/FT Baixo,Guarda Municipal,7869.04,Não,Mensalista,58.0,776,1
CENTRO,F,MESQUITA,Brasileira,Divorciada,1947-04-04,RJ,FEMININO,Não,,Agente De Administração,2737.81,Não,Mensalista,78.0,216,3
SANTA CRUZ,F,RIO DE JANEIRO,BRASILEIRA,Casado,1970-12-13,RJ,MASCULINO,Não,,Aux. De Controle De Endemias,2530.14,Não,Mensalista,55.0,518,0
COSMOS,F,RIO DE JANEIRO,Brasileira,Solteiro,1955-04-30,RJ,MASCULINO,Não,,Art. De Alvarenga E Pintura,2167.77,Não,Mensalista,70.0,339,3
GLORIA,F,RIO DE JANEIRO,Brasileira,Viúvo,1948-04-14,RJ,MASCULINO,Não,,Pensionista,8344.9,Não,Mensalista,77.0,863,2
VICENTE DE CARVALHO,F,RIO DE JANEIRO,Brasileira,Solteira,1963-07-15,RJ,FEMININO,Não,,Aux De Enfermagem 2º Grau,3047.66,Não,Mensalista,62.0,474,3
TAQUARA,F,RIO DE JANEIRO,Brasileira,Viúva,1958-09-02,RJ,FEMININO,Não,,Copeiro(Sms),1394.89,Não,Mensalista,67.0,682,2
PENHA,F,RIO DE JANEIRO,Brasileira,Solteira,1942-07-09,RJ,FEMININO,Não,,Servente,862.2,Não,Mensalista,83.0,1116,2
BANGU,F,RIO DE JANEIRO,Brasileira,Casada,1956-08-05,RJ,FEMININO,Não,,Zelador,842.04,Não,Mensalista,69.0,1238,2
TAQUARA,F,RIO DE JANEIRO,BRASILEIRA,Solteira,1966-09-12,RJ,FEMININO,Não,,Prof.Ii,14242.28,Não,Mensalista,59.0,977,1
TAQUARA,F,RIO DE JANEIRO,BRASILEIRA,Solteira,1966-09-12,RJ,FEMININO,Não,,Professor Ii,14242.28,Não,Mensalista,59.0,1048,1
IRAJA,F,RIO DE JANEIRO,BRASILEIRA,Solteiro,1968-05-19,RJ,FEMININO,Não,,Merendeira,1274.98,Não,Mensalista,57.0,812,0
PAVUNA,F,RIO DE JANEIRO,BRASILEIRA,Casado,1958-03-29,RJ,FEMININO,Não,,Agente De Portaria,1998.84,Não,Mensalista,67.0,243,3
MEIER,F,RIO DE JANEIRO,BRASILEIRA,Casado,1958-09-05,RJ,FEMININO,Não,,Diretora Adjunta,2164.59,Não,Mensalista,67.0,707,2
TIJUCA,F,RIO DE JANEIRO,Brasileira,Casado,1960-02-21,RJ,FEMININO,Não,,Tecnico De Fazenda,10663.0,Não,Mensalista,65.0,1174,1
MESQUITA,F,NOVA IGUACU,Brasileira,Casado,1946-12-12,RJ,FEMININO,Não,,Professor Docente Inativo,5544.86,Não,Mensalista,79.0,1019,2
PECHINCHA,F,RIO DE JANEIRO,BRASILEIRA,Divorciada,1953-02-05,RJ,FEMININO,Não,,Servente,1771.23,Não,Mensalista,72.0,1116,2
CACHAMBI,F,RIO DE JANEIRO,BRASILEIRA,Separado judicialmente,1956-08-28,RJ,FEMININO,Não,,Professor Ii,6275.04,Não,Mensalista,69.0,1048,2
CACHAMBI,F,RIO DE JANEIRO,BRASILEIRA,Separada judicialmente,1956-08-28,RJ,FEMININO,Não,,Professor Ii,6275.04,Não,Mensalista,69.0,1048,2
PACIENCIA,F,RIO DE JANEIRO,Brasileira,Casado,1963-05-06,RJ,FEMININO,Não,,Agente De Administraçao,2463.22,Não,Mensalista,62.0,215,3
CURICICA,F,RIO DE JANEIRO,BRASILEIRA,Casada,1952-11-17,RJ,FEMININO,Não,,Ag Comunitario Nivel Ii (Qs),4614.88,Não,Mensalista,73.0,36,3
OSWALDO CRUZ,F,RIO DE JANEIRO,BRASILEIRA,Solteira,1964-03-18,RJ,FEMININO,Não,,Aux De Enfermagem 2º Grau,2970.94,Não,Mensalista,61.0,474,3
COPACABANA,F,RIO DE JANEIRO,BRASILEIRA,Casada,1949-10-04,RJ,FEMININO,Não,,Professor I,6696.54,Não,Mensalista,76.0,1028,2
COPACABANA,F,RIO DE JANEIRO,Brasileira,Casada,1949-10-04,RJ,FEMININO,Não,,Professor I,6696.54,Não,Mensalista,76.0,1028,2
CAMPO GRANDE,F,RIO DE JANEIRO,Brasileira,Divorciado,1946-08-26,RJ,FEMININO,Não,,Aux. De Enfermagem,4022.64,Não,Mensalista,79.0,525,3
CAMPO GRANDE,F,RIO DE JANEIRO,BRASILEIRA,Casada,1959-08-24,RJ,FEMININO,Não,,Professor Ii,5373.37,Não,Mensalista,66.0,1048,2
CAMPO GRANDE,F,RIO DE JANEIRO,Brasileira,Casada,1959-08-24,RJ,FEMININO,Não,,Professor Ii,5373.37,Não,Mensalista,66.0,1048,2
ROCHA MIRANDA,F,RIO DE JANEIRO,Brasileira,Solteira,1952-05-13,RJ,FEMININO,Não,,Professora Ii,6638.23,Não,Mensalista,73.0,1074,2
MEIER,F,RIO DE JANEIRO,BRASILEIRA,Solteira,1991-07-11,RJ,FEMININO,Não,,Prof De Educação Infantil,7350.64,Não,Mensalista,34.0,886,0
BANGU,F,RIO DE JANEIRO,Brasileira,Viúva,1965-10-10,RJ,FEMININO,Não,,Merendeira,1869.77,Não,Mensalista,60.0,812,2
SANTA BARBARA,F,NITEROI,Brasileira,Casada,1969-04-23,RJ,FEMININO,Não,,Aux De Enfermagem 1º Grau,3696.79,Não,Mensalista,56.0,468,0
JARDIM AMERICA,F,RIO DE JANEIRO,BRASILEIRA,Casada,1975-10-29,RJ,FEMININO,Não,,Professor,7131.66,Não,Mensalista,50.0,984,1
CAMPO GRANDE,F,RIO DE JANEIRO,Brasileira,Casada,1962-12-29,RJ,FEMININO,Não,,Servente,2108.59,Não,Mensalista,63.0,1116,2
OLARIA,F,RIO DE JANEIRO,BRASILEIRA,Divorciada,1968-05-16,RJ,FEMININO,Não,,Merendeira,2353.98,Não,Mensalista,57.0,812,0
SANTA CRUZ,F,RIO DE JANEIRO,Brasileira,Divorciada,1960-02-12,RJ,FEMININO,Não,,Professor Ii,4519.4,Não,Mensalista,65.0,1048,2
LEOPOLDINA,F,RIO DE JANEIRO,BRASILEIRA,Casado,1960-07-04,RJ,FEMININO,Não,,Merendeira,1353.54,Não,Mensalista,65.0,812,2
CAMPO GRANDE,F,RIO DE JANEIRO,Brasileira,Separada judicialmente,1966-03-28,RJ,FEMININO,Não,,Roupeiro (Sms),2405.3,Não,Mensalista,59.0,1101,2
PENHA,F,RIO DE JANEIRO,BRASILEIRA,Solteira,1961-05-19,RJ,FEMININO,Não,,Professor Ii,11377.36,Não,Mensalista,64.0,1048,1
PENHA,F,RIO DE JANEIRO,BRASILEIRA,Solteira,1961-05-19,RJ,FEMININO,Não,,Professor Ii,11377.36,Não,Mensalista,64.0,1048,1
AMENDOEIRA,F,SAO GONCALO,BRASILEIRA,Casada,1982-08-13,RJ,FEMININO,Não,,Ag. De Educação Infantil,3219.74,Não,Mensalista,43.0,129,0
BADU,F,NITEROI,BRASILEIRA,Divorciada,1966-10-25,RJ,FEMININO,Não,,Merendeira,1332.59,Não,Mensalista,59.0,812,2
SANTA CRUZ,F,RIO DE JANEIRO,BRASILEIRA,Separada judicialmente,1975-07-08,RJ,FEMININO,Não,,Agente Educação Infantil,8338.97,Não,Mensalista,50.0,272,0
INHOAIBA,F,RIO DE JANEIRO,BRASILEIRA,Casada,1970-03-03,RJ,FEMININO,Não,,Merendeira,1693.58,Não,Mensalista,55.0,812,0
GENECIANO,F,NOVA IGUAÇU,Brasileira,Solteira,1966-04-28,RJ,FEMININO,Não,,Merendeira,1100.0,Não,Mensalista,59.0,812,2
PARQUE ANCHIETA,F,RIO DE JANEIRO,BRASILEIRA,Solteira,1976-11-27,RJ,FEMININO,Não,,Professor Ii,7309.74,Não,Mensalista,49.0,1048,1
PARQUE ANCHIETA,F,RIO DE JANEIRO,BRASILEIRA,Solteira,1976-11-27,RJ,FEMININO,Não,,Professor Ii,7309.74,Não,Mensalista,49.0,1048,1
OLAVO BILAC,F,DUQUE DE CAXIAS,BRASILEIRA,Casada,1963-11-26,RJ,FEMININO,Não,,Tec. De Laboratorio,4674.55,Não,Mensalista,62.0,1154,2
BANGU,F,RIO DE JANEIRO,Brasileira,Casada,1965-03-03,RJ,FEMININO,Não,,Professor Ii,7418.07,Não,Mensalista,60.0,1048,1
SEPETIBA,F,RIO DE JANEIRO,Brasileira,Casada,1972-07-29,RJ,FEMININO,Não,,Recepcionista (Sms),4460.35,Não,Mensalista,53.0,1095,0
ENGENHO NOVO,F,RIO DE JANEIRO,BRASILEIRA,Solteira,1974-07-08,RJ,FEMININO,Não,,Assistente Social,9739.19,Não,Mensalista,51.0,430,1
CAMPO GRANDE,F,RIO DE JANEIRO,BRASILEIRA,Divorciada,1970-12-20,RJ,FEMININO,Não,,Ag De Administração,6236.01,Não,Mensalista,55.0,40,3
SANTA CRUZ,F,RIO DE JANEIRO,Brasileira,Casada,1962-10-15,RJ,FEMININO,Não,,Aposentada,3289.9,Não,Mensalista,63.0,294,3
GUADALUPE,F,RIO DE JANEIRO,BRASILEIRA,Divorciado,1957-05-05,RJ,FEMININO,Não,,Auxi De Enfermagem,2139.55,Não,Mensalista,68.0,593,3
TAQUARA,F,RIO DE JANEIRO,Brasileira,Separada judicialmente,1957-03-31,RJ,FEMININO,Não,,Professor,3200.49,Não,Mensalista,68.0,984,2
TAQUARA,F,RIO DE JANEIRO,BRASILEIRA,Separada judicialmente,1957-03-31,RJ,FEMININO,Não,,Prof. Ii,1986.54,Não,Mensalista,68.0,968,2
CAMPO GRANDE,F,RIO DE JANEIRO,Brasileira,Casado,1973-01-27,RJ,FEMININO,Não,,Professor,2714.55,Não,Mensalista,52.0,984,0
FREGUESIA,F,RIO DE JANEIRO,BRASILEIRA,Casada,1960-10-06,RJ,FEMININO,Não,,Professor De Ensino Fundamenta,7436.35,Não,Mensalista,65.0,1001,1
FREGUESIA,F,RIO DE JANEIRO,BRASILEIRA,Casada,1960-10-06,RJ,FEMININO,Não,,Professor Ii,5895.89,Não,Mensalista,65.0,1048,2
SENADOR CAMARA,F,RIO DE JANEIRO,Brasileira,Solteira,1958-09-16,RJ,FEMININO,Não,,Professor Ii,6653.03,Não,Mensalista,67.0,1048,2
MADUREIRA,F,RIO DE JANEIRO,Brasileira,Divorciada,1965-04-10,RJ,FEMININO,Não,,Professor Ii,6244.46,Não,Mensalista,60.0,1048,2
REALENGO,F,RIO DE JANEIRO,Brasileira,Solteira,1965-08-26,RJ,FEMININO,Não,,Servente,841.08,Não,Mensalista,60.0,1116,2
ITAPEBA,F,MARICA,BRASILEIRA,Casada,1964-08-05,RJ,FEMININO,Não,,Professor Ii,5615.49,Não,Mensalista,61.0,1048,2
ITAPEBA,F,MARICA,BRASILEIRA,Casada,1964-08-05,RJ,FEMININO,Não,,Professor Ii,5615.49,Não,Mensalista,61.0,1048,2
CASCADURA,F,RIO DE JANEIRO,BRASILEIRA,Solteira,1967-11-20,RJ,FEMININO,Não,,Aux De Enfermagem 2º Grau,4233.87,Não,Mensalista,58.0,474,3
BENTO RIBEIRO,F,RIO DE JANEIRO,Brasileira,Casada,1961-01-12,RJ,FEMININO,Não,,Tec De Prod E Organização,2278.09,Não,Mensalista,64.0,1144,2
GUADALUPE,F,RIO DE JANEIRO,Brasileira,Solteira,1959-10-06,RJ,FEMININO,Não,,Recepcionista,990.34,Não,Mensalista,66.0,1094,2
PACIENCIA,F,RIO DE JANEIRO,BRASILEIRA,Solteira,1978-03-12,RJ,FEMININO,Não,,Aux. De Enfermagem - 2º Grau,2545.35,Não,Mensalista,47.0,532,0
PILARES,F,RIO DE JANEIRO,BRASILEIRA,Divorciada,1968-10-01,RJ,FEMININO,Não,,Tecnico De Higiene Dental,2370.11,Não,Mensalista,57.0,1175,2
VISTA ALEGRE,F,RIO DE JANEIRO,BRASILEIRA,Solteira,1959-05-22,RJ,FEMININO,Não,,Ag De Administração,1352.57,Não,Mensalista,66.0,40,3
INHAUMA,F,RIO DE JANEIRO,BRASILEIRA,Casada,1967-02-22,RJ,FEMININO,Não,,Professor Ii/Diretor Adjunto,2895.62,Não,Mensalista,58.0,1064,2
SEPETIBA,F,RIO DE JANEIRO,Brasileira,Casada,1964-01-30,RJ,FEMININO,Não,,Aux. De Enfermagen,1593.24,Não,Mensalista,61.0,547,3
GUADALUPE,F,RIO DE JANEIRO,BRASILEIRA,Casada,1969-07-19,RJ,FEMININO,Não,,Professor Ii,11541.28,Não,Mensalista,56.0,1048,1
VICENTE DE CARVALHO,F,RIO DE JANEIRO,Brasileira,Divorciada,1961-02-10,RJ,FEMININO,Não,,Aux De Enfermagem,1842.22,Não,Mensalista,64.0,459,3
BANGU,F,RIO DE JANEIRO,BRASILEIRA,Casada,1964-05-22,RJ,FEMININO,Não,,Agente Aux. De Creche,2458.3,Não,Mensalista,61.0,188,3
SANTISSIMO,F,RIO DE JANEIRO,BRASILEIRA,Divorciada,1958-07-28,RJ,FEMININO,Não,,Professor Ii,4179.78,Não,Mensalista,67.0,1048,2
SANTISSIMO,F,RIO DE JANEIRO,BRASILEIRA,Divorciada,1958-07-28,RJ,FEMININO,Não,,Professor Ii,3874.78,Não,Mensalista,67.0,1048,2
SANTA CRUZ,F,RIO DE JANEIRO,BRASILEIRA,Divorciada,1978-08-26,RJ,FEMININO,Não,,Agente De Educação Infantil,3114.64,Não,Mensalista,47.0,237,0
SEPETIBA,F,RIO DE JANEIRO,Brasileira,Não informado,1958-03-05,RJ,FEMININO,Não,,Prof I,7408.64,Não,Mensalista,67.0,895,1
LEOPOLDINA,F,NITEROI,Brasileira,Não informado,1954-07-25,RJ,FEMININO,Não,,Aux.Operac.Serv. Diversos,2606.06,Não,Mensalista,71.0,591,3
LAGES,F,PARACAMBI,BRASILEIRA,Casada,1958-01-28,RJ,FEMININO,Não,,Aux. De Enfermagem 2º Grau,3035.76,Não,Mensalista,67.0,539,3
TOMAS COELHO,F,RIO DE JANEIRO,Brasileira,Solteira,1958-01-16,RJ,FEMININO,Não,,Aux De Enfermagem 1º Grau,2839.44,Não,Mensalista,67.0,468,3
SANTA CRUZ,F,RIO DE JANEIRO,BRASILEIRA,União Estável,1957-10-10,RJ,FEMININO,Não,,Servente,1930.5,Não,Mensalista,68.0,1116,2
TOMAS COELHO,F,RIO DE JANEIRO,BRASILEIRA,Solteira,1969-07-07,RJ,FEMININO,Não,,Ag Educação Infantil,3601.17,Não,Mensalista,56.0,70,3
PEDRA DE GUARATIBA,F,RIO DE JANEIRO,Brasileira,Casada,1956-12-16,RJ,FEMININO,Não,,Professor Ii,9852.57,Não,Mensalista,69.0,1048,1
PEDRA DE GUARATIBA,F,RIO DE JANEIRO,BRASILEIRA,Casada,1956-12-16,RJ,FEMININO,Não,,Professor Ii,9852.57,Não,Mensalista,69.0,1048,1
MARECHAL HERMES,F,RIO DE JANEIRO,BRASILEIRA,União Estável,1961-05-19,RJ,FEMININO,Não,,Professor Ii,2370.58,Não,Mensalista,64.0,1048,2
LEOPOLDINA,F,RIO DE JANEIRO,Brasileira,Divorciado,1961-02-02,RJ,FEMININO,Não,,Aux. De Enfermagem,4249.0,Não,Mensalista,64.0,525,3
CIDADE DE DEUS,F,RIO DE JANEIRO,BRASILEIRA,Casada,1963-11-17,RJ,FEMININO,Não,,Ag De Educação Infantil,3501.36,Não,Mensalista,62.0,55,3
ANIL,F,RIO DE JANEIRO,Brasileira,Solteiro,1962-03-13,RJ,FEMININO,Não,,Pensionista,4781.44,Não,Mensalista,63.0,863,2
RECREIO DOS BANDEIRANTES,F,RIO DE JANEIRO,BRASILEIRA,Solteira,1963-05-17,RJ,FEMININO,Não,,Professor Ii,13896.47,Não,Mensalista,62.0,1048,1
RECREIO DOS BANDEIRANTES,F,RIO DE JANEIRO,Brasileira,Solteira,1963-05-17,RJ,FEMININO,Não,,Professor Ii,13896.47,Não,Mensalista,62.0,1048,1
VILA DA PENHA,F,RIO DE JANEIRO,BRASILEIRA,Divorciado,1967-06-04,RJ,FEMININO,Não,Risco PLD/FT Baixo,Professor Ii,8376.18,Não,Mensalista,58.0,1048,1
ANCHIETA,F,RIO DE JANEIRO,Brasileira,União Estável,1955-12-13,RJ,FEMININO,Não,,Auxiliar De Enfermagem,2085.83,Não,Mensalista,70.0,608,3
COSMOS,F,RIO DE JANEIRO,BRASILEIRA,Casada,1959-03-21,RJ,FEMININO,Não,,Professor Ii,2601.02,Não,Mensalista,66.0,1048,2
COSMOS,F,RIO DE JANEIRO,BRASILEIRA,Casado,1959-03-21,RJ,FEMININO,Não,,Professora,3465.33,Não,Mensalista,66.0,1070,2
COSTA BARROS,F,RIO DE JANEIRO,Brasileira,Solteira,1961-03-16,RJ,FEMININO,Não,,Servente,1681.29,Não,Mensalista,64.0,1116,2
GUADALUPE,F,RIO DE JANEIRO,Brasileira,Divorciado,1959-02-24,RJ,FEMININO,Não,,Prof Ii,3316.3,Não,Mensalista,66.0,930,2
VILA KOSMOS,F,RIO DE JANEIRO,BRASILEIRA,Viúva,1958-03-22,RJ,FEMININO,Não,,Servente,1615.22,Não,Mensalista,67.0,1116,2
CORDOVIL,F,RIO DE JANEIRO,Brasileira,Solteira,1960-02-18,RJ,FEMININO,Não,,Aux. De Enfermagem-2. Grau,4767.63,Não,Mensalista,65.0,544,3
PACIENCIA,F,RIO DE JANEIRO,Brasileira,Separado judicialmente,1960-03-02,RJ,FEMININO,Não,,Professora Ii,7908.5,Não,Mensalista,65.0,1074,1
CAMPO GRANDE,F,RIO DE JANEIRO,BRASILEIRA,Solteira,1956-11-17,RJ,FEMININO,Não,,Professor Ii,8304.83,Não,Mensalista,69.0,1048,1
CAMPO GRANDE,F,RIO DE JANEIRO,BRASILEIRA,Solteira,1964-06-25,RJ,FEMININO,Não,,Datilografo/Subgerente Iv,6119.8,Não,Mensalista,61.0,699,0
PACIENCIA,F,RIO DE JANEIRO,BRASILEIRA,Casada,1968-10-07,RJ,FEMININO,Não,,Merendeira,1778.72,Não,Mensalista,57.0,812,0
SÃO CRISTOVÃO,F,RIO DE JANEIRO,Brasileira,Solteira,1975-10-13,RJ,FEMININO,Não,,Auxiliar De Enfermagem,4210.2,Não,Mensalista,50.0,608,0
ANDARAI,F,RIO DE JANEIRO,Brasileira,Casada,1962-04-04,RJ,FEMININO,Não,,Ag Comunitario,3577.35,Não,Mensalista,63.0,33,3
CORDOVIL,F,RIO DE JANEIRO,Brasileira,Divorciada,1963-12-31,RJ,FEMININO,Não,,Aux De Enfermagem 1º Grau,2908.1,Não,Mensalista,62.0,468,3
SANTA CRUZ,F,RIO DE JANEIRO,BRASILEIRA,Viúva,1962-07-18,RJ,FEMININO,Não,,Merendeira,2060.83,Não,Mensalista,63.0,812,2
ENGENHO DE DENTRO,F,RIO DE JANEIRO,BRASILEIRA,Divorciado,1964-08-04,RJ,FEMININO,Não,,Prof.Ii,2835.08,Não,Mensalista,61.0,977,2
ENGENHO NOVO,F,RIO DE JANEIRO,BRASILEIRA,Casada,1964-04-23,RJ,FEMININO,Não,,Professor Ii,7764.98,Não,Mensalista,61.0,1048,1
EDSON PASSOS,F,MESQUITA,BRASILEIRA,Viúva,1963-02-24,RJ,FEMININO,Não,,Merendeira,2359.92,Não,Mensalista,62.0,812,2
SANTISSIMO,F,RIO DE JANEIRO,Brasileira,Casada,1963-10-24,RJ,FEMININO,Não,,Merendeira,1384.04,Não,Mensalista,62.0,812,2
CAMPO GRANDE,F,RIO DE JANEIRO,BRASILEIRA,Divorciada,1955-06-19,RJ,FEMININO,Não,,Ag Defesa Civil / Subgerente I,2819.57,Não,Mensalista,70.0,67,3
JACAREPAGUA,F,RIO DE JANEIRO,BRASILEIRA,Divorciada,1967-04-20,RJ,FEMININO,Não,,Professor Ii,5569.5,Não,Mensalista,58.0,1048,2
PACIENCIA,F,RIO DE JANEIRO,Brasileira,Solteira,1968-03-01,RJ,FEMININO,Não,,Aux De Enfermagem 2º Grau,3929.86,Não,Mensalista,57.0,474,0
JACAREPAGUA,F,RIO DE JANEIRO,Brasileira,Divorciada,1967-04-20,RJ,FEMININO,Não,,Aposentada,5024.33,Não,Mensalista,58.0,294,3
PADRE MIGUEL,F,RIO DE JANEIRO,BRASILEIRA,SOLTEIRO,1972-06-16,RJ,FEMININO,Não,,Professor,1617.65,Não,Mensalista,53.0,984,0
CAMPO GRANDE,F,RIO DE JANEIRO,BRASILEIRA,Casada,1968-05-06,RJ,FEMININO,Não,,Aux De Enfermagem 2º Grau,7570.6,Não,Mensalista,57.0,474,1
CAMPO GRANDE,F,RIO DE JANEIRO,BRASILEIRA,Casada,1968-05-06,RJ,FEMININO,Não,,Aux De Enfermagem 2º Grau,6102.53,Não,Mensalista,57.0,474,0
CAMPO GRANDE,F,RIO DE JANEIRO,Brasileira,Casado,1959-03-07,RJ,FEMININO,Não,,Prof Ii,5842.68,Não,Mensalista,66.0,930,2
CENTRO,F,MESQUITA,Brasileira,Casado,1960-12-03,RJ,FEMININO,Não,,Merendeira,930.48,Não,Mensalista,65.0,812,2
SENADOR VASCONCELOS,F,RIO DE JANEIRO,Brasileira,Solteira,1963-02-04,RJ,FEMININO,Não,,Aux Deenfermagem 2º Grau,2905.78,Não,Mensalista,62.0,505,3
BENTO RIBEIRO,F,RIO DE JANEIRO,Brasileira,Solteira,1960-09-07,RJ,FEMININO,Não,,Ag Comunitario Nivel Ii (Qs),2455.24,Não,Mensalista,65.0,36,3
ABOLIÇÃO,F,RIO DE JANEIRO,BRASILEIRA,Casada,1959-11-29,RJ,FEMININO,Não,,Merendeira,792.08,Não,Mensalista,66.0,812,2
CIDADE NOVA,F,IGUABA GRANDE,BRASILEIRA,Casada,1966-07-31,RJ,FEMININO,Não,,Aux De Enfermagem,1703.25,Não,Mensalista,59.0,459,3
NITEROI,F,RIO DE JANEIRO,Brasileira,Divorciado,1964-01-13,RJ,FEMININO,Não,,Aux. De Enfermagem,2388.48,Não,Mensalista,61.0,525,3
OLARIA,F,RIO DE JANEIRO,BRASILEIRA,Solteira,1966-09-25,RJ,FEMININO,Não,,Professor Ii,7498.51,Não,Mensalista,59.0,1048,1
OLARIA,F,RIO DE JANEIRO,BRASILEIRA,Solteira,1966-09-25,RJ,FEMININO,Não,,Professor Ii,7498.51,Não,Mensalista,59.0,1048,1
PACIENCIA,F,RIO DE JANEIRO,Brasileira,Casada,1960-08-11,RJ,FEMININO,Não,,Servente,2368.08,Não,Mensalista,65.0,1116,2
ROCHA MIRANDA,F,RIO DE JANEIRO,BRASILEIRA,Divorciado,1953-11-14,RJ,FEMININO,Não,,Merendeira,1559.5,Não,Mensalista,72.0,812,2
CABUÇU,F,NOVA IGUACU,Brasileira,Casado,1958-10-17,RJ,FEMININO,Não,,Tecnico Laboratorio,2775.56,Não,Mensalista,67.0,1190,2
OSWALDO CRUZ,F,RIO DE JANEIRO,Brasileira,Solteira,1955-09-13,RJ,FEMININO,Não,,Merendeira,1261.76,Não,Mensalista,70.0,812,2
SANTA CRUZ,F,RIO DE JANEIRO,BRASILEIRA,Casada,1964-03-07,RJ,FEMININO,Não,,Aposentada,3375.54,Não,Mensalista,61.0,294,3
SANTA CRUZ,F,RIO DE JANEIRO,BRASILEIRA,Solteira,1964-10-20,RJ,FEMININO,Não,,Professor I,7255.57,Não,Mensalista,61.0,1028,1
TIJUCA,F,RIO DE JANEIRO,Brasileira,Divorciada,1969-07-07,RJ,FEMININO,Não,,Servente,5532.19,Não,Mensalista,56.0,1116,2
BANGU,F,RIO DE JANEIRO,BRASILEIRA,SOLTEIRO,1958-03-01,RJ,MASCULINO,Não,,Servente,3696.32,Não,Mensalista,67.0,1116,2
CAMPO GRANDE,F,RIO DE JANEIRO,BRASILEIRA,Solteira,1962-11-01,RJ,FEMININO,Não,,Servente,2108.74,Não,Mensalista,63.0,1116,2
VIGARIO GERAL,F,RIO DE JANEIRO,Brasileira,Divorciada,1962-10-14,RJ,FEMININO,Não,,Inspetor De Alunos,1623.33,Não,Mensalista,63.0,789,2
TAQUARA,F,RIO DE JANEIRO,Brasileira,Solteira,1962-06-10,RJ,FEMININO,Não,,Tecnico De Laboratorio,4972.13,Não,Mensalista,63.0,1176,2
ENGENHO NOVO,F,RIO DE JANEIRO,Brasileira,Casada,1953-11-19,RJ,FEMININO,Não,,Professor Ii,7901.73,Não,Mensalista,72.0,1048,2
CATUMBI,F,RIO DE JANEIRO,BRASILEIRA,Casada,1957-03-25,RJ,FEMININO,Não,,Professor Ii,4242.79,Não,Mensalista,68.0,1048,2
CATUMBI,F,RIO DE JANEIRO,Brasileira,Casada,1957-03-25,RJ,FEMININO,Não,,Professor Ii,7562.74,Não,Mensalista,68.0,1048,1
ENGENHO NOVO,F,RIO DE JANEIRO,BRASILEIRA,Divorciada,1975-07-16,RJ,FEMININO,Não,,Professor Ii,6645.24,Não,Mensalista,50.0,1048,1
SANTA CRUZ,F,RIO DE JANEIRO,BRASILEIRA,Casada,1970-07-02,RJ,FEMININO,Não,,Merendeira,1896.63,Não,Mensalista,55.0,812,0
VASCO GAMA,F,RIO DE JANEIRO,BRASILEIRA,Casado,1957-09-09,RJ,FEMININO,Não,,Aux. Creche,1483.17,Não,Mensalista,68.0,517,3
SANTA CRUZ,F,RIO DE JANEIRO,Brasileira,Divorciado,1964-03-01,RJ,FEMININO,Não,,Servente,2104.8,Não,Mensalista,61.0,1116,2
PAQUETA,F,RIO DE JANEIRO,Brasileira,Casada,1963-11-05,RJ,FEMININO,Não,,Professora Ii,6169.48,Não,Mensalista,62.0,1074,2
PAQUETA,F,RIO DE JANEIRO,BRASILEIRA,Casada,1963-11-05,RJ,FEMININO,Não,,Aposentada,6387.77,Não,Mensalista,62.0,294,3
FONSECA,F,NITEROI,Brasileira,Casado,1963-04-18,RJ,FEMININO,Não,,Professor 1 E 2 Grau,10518.6,Não,Mensalista,62.0,986,1
BANGU,F,RIO DE JANEIRO,BRASILEIRA,Divorciada,1960-09-09,RJ,FEMININO,Não,,Professor Ii,4649.45,Não,Mensalista,65.0,1048,2
BANGU,F,RIO DE JANEIRO,BRASILEIRA,Divorciada,1960-09-09,RJ,FEMININO,Não,,Professor Ii,4649.45,Não,Mensalista,65.0,1048,2
BANGU,F,RIO DE JANEIRO,BRASILEIRA,Casada,1964-05-18,RJ,FEMININO,Não,,Merendeira,1439.47,Não,Mensalista,61.0,812,2
CAMPO GRANDE,F,RIO DE JANEIRO,Brasileira,Casada,1965-06-08,RJ,FEMININO,Não,,Servente,2160.78,Não,Mensalista,60.0,1116,2
CAVALCANTE,F,RIO DE JANEIRO,BRASILEIRA,Divorciado,1967-10-05,RJ,FEMININO,Não,,Professor Ii,2023.08,Não,Mensalista,58.0,1048,2
CACUIA,F,ILHA DO GOVERNADOR,BRASILEIRA,SOLTEIRO,1955-03-10,RJ,FEMININO,Não,,Professor,2614.59,Não,Mensalista,70.0,984,2
ROCHA MIRANDA,F,RIO DE JANEIRO,Brasileira,Solteiro,1952-02-14,RJ,FEMININO,Não,,Servente,1289.74,Não,Mensalista,73.0,1116,2
PACIENCIA,F,RIO DE JANEIRO,BRASILEIRA,Casada,1967-11-02,RJ,FEMININO,Não,,Ag. Comunitario Nivel Ii (Qs),3451.93,Não,Mensalista,58.0,99,3
ITAUNA,F,SAO GONCALO,BRASILEIRA,Solteiro,1966-07-26,RJ,FEMININO,Não,,Merendeira,1332.32,Não,Mensalista,59.0,812,2
TAQUARA,F,RIO DE JANEIRO,Brasileira,Divorciada,1961-09-11,RJ,FEMININO,Não,,Agente Aux. De Adm,1989.0,Não,Mensalista,64.0,185,3
CARAMUJO,F,RIO DE JANEIRO,Brasileira,Casado,1966-03-05,RJ,FEMININO,Não,,Professor I,2937.66,Não,Mensalista,59.0,1028,2
CENTRO,F,QUEIMADOS,Brasileira,Separada judicialmente,1974-12-04,RJ,FEMININO,Não,,Professor Ii,9135.21,Não,Mensalista,51.0,1048,1
CAMPO GRANDE,F,RIO DE JANEIRO,BRASILEIRA,Casada,1965-07-03,RJ,FEMININO,Não,,Professor Ii,9583.17,Não,Mensalista,60.0,1048,1
INGÁ,F,NITEROI,BRASILEIRA,Casada,1969-11-07,RJ,FEMININO,Não,,Prof. De Educação Infantil,3676.86,Não,Mensalista,56.0,952,0
PADRE MIGUEL,F,RIO DE JANEIRO,Brasileira,Divorciada,1968-02-21,RJ,FEMININO,Não,,Agente Comunitario Nivel Ii,3066.35,Não,Mensalista,57.0,202,3
PILARES,F,RIO DE JANEIRO,BRASILEIRA,SOLTEIRO,1976-05-31,RJ,FEMININO,Não,,Merendeira,1453.16,Não,Mensalista,49.0,812,0
DEL CASTILHO,F,RIO DE JANEIRO,BRASILEIRA,Solteira,1964-09-23,RJ,FEMININO,Não,,Professor Ii,4545.4,Não,Mensalista,61.0,1048,2
DEL CASTILHO,F,RIO DE JANEIRO,BRASILEIRA,Solteira,1964-09-23,RJ,FEMININO,Não,,Professor Ii,4545.4,Não,Mensalista,61.0,1048,2
TIJUCA,F,RIO DE JANEIRO,BRASILEIRA,Casada,1960-05-16,RJ,FEMININO,Não,,Ag. De Educação Infantil,3157.65,Não,Mensalista,65.0,129,3
FREGUESIA,F,RIO DE JANEIRO,BRASILEIRA,Solteira,1959-07-22,RJ,FEMININO,Não,Risco PLD/FT Baixo,Prof Ii,18398.44,Não,Mensalista,66.0,930,1
CACHAMBI,F,RIO DE JANEIRO,Brasileira,Solteira,1955-08-17,RJ,FEMININO,Não,,Servente,1500.7,Não,Mensalista,70.0,1116,2
BANCARIOS,F,RIO DE JANEIRO,BRASILEIRA,Casada,1961-05-22,RJ,FEMININO,Não,,Merendeira,1854.37,Não,Mensalista,64.0,812,2
CAJÚ,F,RIO DE JANEIRO,BRASILEIRA,Casada,1975-08-31,RJ,FEMININO,Não,,Agente De Ed. Infantil,3323.16,Não,Mensalista,50.0,230,0
GUADALUPE,F,RIO DE JANEIRO,BRASILEIRA,Divorciada,1971-08-04,RJ,FEMININO,Não,,Professor Ii,7561.16,Não,Mensalista,54.0,1048,1
ENGENHO NOVO,F,RIO DE JANEIRO,BRASILEIRA,Casada,1962-08-05,RJ,FEMININO,Não,,Ag De Educação Infantil,3902.1,Não,Mensalista,63.0,55,3
BARROS FILHOS,F,RIO DE JANEIRO,BRASILEIRA,Casada,1971-08-04,RJ,FEMININO,Não,,Professor,4011.21,Não,Mensalista,54.0,984,0
TAQUARA,F,RIO DE JANEIRO,BRASILEIRA,Casada,1962-08-16,RJ,FEMININO,Não,,Ag. De Portaria,4578.71,Não,Mensalista,63.0,133,3
JACAREPAGUA,F,RIO DE JANEIRO,BRASILEIRA,Divorciada,1966-08-07,RJ,FEMININO,Não,,Auxiliar De Enfermagem,2828.42,Não,Mensalista,59.0,608,0
PRAÇA DA BANDEIRA,F,RIO DE JANEIRO,Brasileira,Divorciada,1957-11-12,RJ,FEMININO,Não,,Professor Ii,12706.96,Não,Mensalista,68.0,1048,1
ROCHA MIRANDA,F,RIO DE JANEIRO,Brasileira,Solteira,1963-10-05,RJ,FEMININO,Não,,Aposentada,1797.24,Não,Mensalista,62.0,294,3
CAMPO GRANDE,F,RIO DE JANEIRO,BRASILEIRA,Divorciado,1953-05-09,RJ,FEMININO,Não,,Professor Ii Diretor Adjunto,3066.56,Não,Mensalista,72.0,1056,2
VIGARIO GERAL,F,RIO DE JANEIRO,BRASILEIRA,Casada,1964-09-25,RJ,FEMININO,Não,,Copeiro,2182.97,Não,Mensalista,61.0,678,0
VILA DA PENHA,F,RIO DE JANEIRO,BRASILEIRA,Viúva,1957-07-20,RJ,FEMININO,Não,,Professor Ii,9503.64,Não,Mensalista,68.0,1048,1
VILA DA PENHA,F,RIO DE JANEIRO,Brasileira,Viúva,1957-07-20,RJ,FEMININO,Não,,Professor Ii,6468.51,Não,Mensalista,68.0,1048,2
CASCADURA,F,RIO DE JANEIRO,Brasileira,União Estável,1968-12-14,RJ,FEMININO,Não,,Auxiliar De Enfermagem,3037.94,Não,Mensalista,57.0,608,0
CARAMUJO,F,RIO DE JANEIRO,Brasileira,Solteiro,1958-09-19,RJ,MASCULINO,Não,,Aux. De Enfermagem,4571.06,Não,Mensalista,67.0,525,3
GUARATIBA,F,RIO DE JANEIRO,Brasileira,Solteira,1965-08-29,RJ,FEMININO,Não,,Merendeira,1439.47,Não,Mensalista,60.0,812,2
CAVALCANTE,F,RIO DE JANEIRO,Brasileira,Casada,1966-05-09,RJ,FEMININO,Não,,Professor Ii,5702.34,Não,Mensalista,59.0,1048,2
CAVALCANTE,F,RIO DE JANEIRO,BRASILEIRA,Casada,1966-05-09,RJ,FEMININO,Não,,Professor Ii,3442.75,Não,Mensalista,59.0,1048,2
CENTRO,F,BELFORD ROXO,BRASILEIRA,Casada,1979-02-23,RJ,FEMININO,Não,Risco PLD/FT Baixo,Professor Docente I 18 Horas,3538.26,Não,Mensalista,46.0,1016,0
CENTRO,F,BELFORD ROXO,BRASILEIRA,Casado,1979-02-23,RJ,FEMININO,Não,Risco PLD/FT Baixo,Professor Docente I 18 Horas,4703.59,Não,Mensalista,46.0,1016,0
SANTA CRUZ,F,RIO DE JANEIRO,Brasileira,Solteiro,1975-05-16,RJ,FEMININO,Não,,Merendeira,1384.38,Não,Mensalista,50.0,812,0
CAMPO GRANDE,F,RIO DE JANEIRO,Brasileira,Solteira,1963-01-15,RJ,FEMININO,Não,,Aux. De Enfermagem- 2º Grau,4542.47,Não,Mensalista,62.0,543,3
JACAREPAGUA,F,RIO DE JANEIRO,Brasileira,Solteira,1956-02-10,RJ,FEMININO,Não,,Aux De Enfermagem 2º Grau,1834.55,Não,Mensalista,69.0,474,3
GAVEA,F,RIO DE JANEIRO,Brasileira,Solteira,1947-01-15,RJ,FEMININO,Não,,Aposentada,3203.23,Não,Mensalista,78.0,294,3
INHOAIBA,F,RIO DE JANEIRO,Brasileira,Casada,1967-01-14,RJ,FEMININO,Não,,Merendeira,736.13,Não,Mensalista,58.0,812,0
IRAJA,F,RIO DE JANEIRO,BRASILEIRA,Casada,1964-12-13,RJ,FEMININO,Não,,Ag Administração,2421.05,Não,Mensalista,61.0,21,3
SANTA CRUZ,F,RIO DE JANEIRO,BRASILEIRA,Solteira,1969-07-15,RJ,FEMININO,Não,,Aux. De Enfermagem,1638.94,Não,Mensalista,56.0,525,0
SANTISSIMO,F,RIO DE JANEIRO,BRASILEIRA,Solteira,1975-04-30,RJ,FEMININO,Não,,Assistente Social,8128.51,Não,Mensalista,50.0,430,0
SANTA CRUZ,F,RIO DE JANEIRO,BRASILEIRA,Solteira,1977-02-01,RJ,FEMININO,Não,,Agente De Educação Infantil,2543.12,Não,Mensalista,48.0,237,0
PACIENCIA,F,RIO DE JANEIRO,BRASILEIRA,Casada,1969-07-14,RJ,FEMININO,Não,,Secretario Escolar,1578.73,Não,Mensalista,56.0,1113,2
CAMPO GRANDE,F,RIO DE JANEIRO,BRASILEIRA,Divorciada,1966-12-16,RJ,FEMININO,Não,,Professor Ii,7355.86,Não,Mensalista,59.0,1048,1
CENTRO,F,QUEIMADOS,Brasileira,Divorciada,1979-03-23,RJ,FEMININO,Não,Risco PLD/FT Baixo,Professor Ii,10291.66,Não,Mensalista,46.0,1048,1
NOSSA SENHORA DE FATIMA,F,NILOPOLIS,BRASILEIRA,Casado,1969-06-14,RJ,FEMININO,Não,Risco PLD/FT Baixo,Assistente Administrativo De S,3732.15,Não,Mensalista,56.0,423,0
ENGENHO DE DENTRO,F,RIO DE JANEIRO,Brasileira,Solteira,1964-12-15,RJ,FEMININO,Não,,Agente Comunitario Nivel I (Qs,2313.28,Não,Mensalista,61.0,200,3
VARGEM GRANDE,F,RIO DE JANEIRO,Brasileira,Solteira,1974-01-10,RJ,FEMININO,Não,,Merendeira,2480.68,Não,Mensalista,51.0,812,0
COSTA BARROS,F,RIO DE JANEIRO,Brasileira,Solteira,1965-09-28,RJ,FEMININO,Não,,Merendeira,952.92,Não,Mensalista,60.0,812,2
SANTA CRUZ,F,RIO DE JANEIRO,BRASILEIRA,Casada,1963-10-23,RJ,FEMININO,Não,,Ag. Comunitário Nivel I,1813.16,Não,Mensalista,62.0,102,3
SANTISSIMO,F,RIO DE JANEIRO,BRASILEIRA,Casada,1972-01-24,RJ,FEMININO,Não,,Merendeira,1391.06,Não,Mensalista,53.0,812,0
CORDOVIL,F,RIO DE JANEIRO,Brasileira,Solteira,1964-12-04,RJ,FEMININO,Não,,Datilografo / Secretario I,6130.69,Não,Mensalista,61.0,693,0
CIDADE DE DEUS,F,RIO DE JANEIRO,BRASILEIRA,Casada,1968-07-07,RJ,FEMININO,Não,,Axiliar De Enfermagem,2836.91,Não,Mensalista,57.0,648,0
INHAUMA,F,RIO DE JANEIRO,BRASILEIRA,Divorciada,1966-06-27,RJ,FEMININO,Não,,Auxiliar De Enfermagem 2º Grau,3197.18,Não,Mensalista,59.0,620,0
SANTA CRUZ,F,RIO DE JANEIRO,Brasileira,Casada,1960-09-28,RJ,FEMININO,Não,,Servente,1901.44,Não,Mensalista,65.0,1116,2
CAMPO GRANDE,F,RIO DE JANEIRO,Brasileira,Solteira,1973-01-30,RJ,FEMININO,Não,,Aposentada,3632.57,Não,Mensalista,52.0,294,0
CAMPO GRANDE,F,RIO DE JANEIRO,Brasileira,Divorciado,1980-05-30,RJ,FEMININO,Não,,Professor,6874.82,Não,Mensalista,45.0,984,0
MARÉ,F,RIO DE JANEIRO,Brasileira,Casado,1977-01-20,RJ,FEMININO,Não,,Auxiliar De Enfermagem,2879.76,Não,Mensalista,48.0,608,0
LEOPOLDINA,F,RIO DE JANEIRO,Brasileira,Separado judicialmente,1966-01-04,RJ,FEMININO,Não,,Recepcionista,2042.84,Não,Mensalista,59.0,1094,2
MARIA PAULA,F,SAO GONCALO,Brasileira,Solteiro,1957-09-10,RJ,MASCULINO,Não,,Datilografo,1633.56,Não,Mensalista,68.0,690,2
OSWALDO CRUZ,F,RIO DE JANEIRO,BRASILEIRA,Solteiro,1963-07-15,RJ,MASCULINO,Não,,Merendeira,3016.59,Não,Mensalista,62.0,812,2
PACIENCIA,F,RIO DE JANEIRO,Brasileira,Divorciado,1950-08-20,RJ,MASCULINO,Não,,Ag. De Adminsitração,2685.88,Não,Mensalista,75.0,115,3
JARDIM AMERICA,F,RIO DE JANEIRO,Brasileira,Casado,1956-06-17,RJ,MASCULINO,Não,,Agente De Vigiag De Vigilancia,2734.83,Não,Mensalista,69.0,258,3
PENHA,F,RIO DE JANEIRO,BRASILEIRA,Casado,1960-06-14,RJ,MASCULINO,Não,,Guarda Municipal,4517.97,Não,Mensalista,65.0,776,2
BELA VISTA,F,SAO PEDRO DA ALDEIA,Brasileira,Casado,1964-12-13,RJ,MASCULINO,Não,,Art. De Pavimentação E Pedreir,3104.95,Não,Mensalista,61.0,368,3
LEOPOLDINA,F,RIO DE JANEIRO,Brasileira,Casado,1951-09-24,RJ,MASCULINO,Não,,Capitao,8148.96,Não,Mensalista,74.0,659,1
BONSUCESSO,F,RIO DE JANEIRO,Brasileira,Divorciado,1951-08-20,RJ,MASCULINO,Não,,Tecnico Em Radiologia,4417.84,Não,Mensalista,74.0,1185,2
REALENGO,F,RIO DE JANEIRO,Brasileira,Casado,1957-07-15,RJ,MASCULINO,Não,,Ag. De Vigilancia,2855.7,Não,Mensalista,68.0,140,3
CACHAMBI,F,RIO DE JANEIRO,BRASILEIRA,Divorciada,1976-07-28,RJ,FEMININO,Não,,Professor Ii,13037.34,Não,Mensalista,49.0,1048,1
CACHAMBI,F,RIO DE JANEIRO,BRASILEIRA,Divorciada,1976-07-28,RJ,FEMININO,Não,,Professor Ii,13037.34,Não,Mensalista,49.0,1048,1
SEPETIBA,F,RIO DE JANEIRO,Brasileira,Casado,1958-05-04,RJ,FEMININO,Não,,Zelador,1339.56,Não,Mensalista,67.0,1238,2
JARDIM REDENTOR,F,BELFORD ROXO,BRASILEIRA,Solteira,1963-10-28,RJ,FEMININO,Não,,Aux De Enfermagem 2º Grau,2555.04,Não,Mensalista,62.0,474,3
BENTO RIBEIRO,F,RIO DE JANEIRO,BRASILEIRA,Solteira,1973-04-10,RJ,FEMININO,Não,,Agente De Educação Infantil,3601.17,Não,Mensalista,52.0,237,0
ENGENHO DE DENTRO,F,RIO DE JANEIRO,Brasileira,Solteiro,1949-12-01,RJ,FEMININO,Não,,Merendeira,1225.68,Não,Mensalista,76.0,812,2
TIJUCA,F,RIO DE JANEIRO,Brasileira,Divorciada,1962-02-07,RJ,FEMININO,Não,,Ag. Comunitario Nivel Ii,6008.76,Não,Mensalista,63.0,98,3
PACIENCIA,F,RIO DE JANEIRO,BRASILEIRA,Desquitado,1947-04-15,RJ,FEMININO,Não,,Professor Ii,5196.56,Não,Mensalista,78.0,1048,2
PACIENCIA,F,RIO DE JANEIRO,BRASILEIRA,Desquitado,1947-04-15,RJ,FEMININO,Não,,Professor Ii,5196.56,Não,Mensalista,78.0,1048,2
TIJUCA,F,RIO DE JANEIRO,BRASILEIRA,Divorciada,1951-07-11,RJ,FEMININO,Não,,Agente Comunitario Nivel Ii,4137.5,Não,Mensalista,74.0,202,3
CATUMBI,F,RIO DE JANEIRO,BRASILEIRA,Casada,1957-04-16,RJ,FEMININO,Não,,Agente Comunitario Nivel I,3949.12,Não,Mensalista,68.0,199,3
MONERÓ,F,RIO DE JANEIRO,Brasileira,Divorciada,1958-11-02,RJ,FEMININO,Não,,Aposentada,1894.46,Não,Mensalista,67.0,294,3
AGUA SANTA,F,JAPERI,BRASILEIRA,SOLTEIRO,1969-02-12,RJ,FEMININO,Não,,Servente,1576.62,Não,Mensalista,56.0,1116,2
LEOPOLDINA,F,SAO GONCALO,Brasileira,Casado,1968-04-01,RJ,FEMININO,Não,,Escrivao Pol.Fed. 2A Clas,9063.22,Não,Mensalista,57.0,734,1
SENADOR CAMARA,F,RIO DE JANEIRO,Brasileira,Casado,1959-12-29,RJ,MASCULINO,Não,,Trabalhador/Assitente Ii,6547.81,Não,Mensalista,66.0,1215,2
SURUI,F,RIO DE JANEIRO,Brasileira,Casado,1959-08-17,RJ,MASCULINO,Não,,Op. De Maquinas Pesadas,2524.42,Não,Mensalista,66.0,847,2
TIJUCA,F,RIO DE JANEIRO,Brasileira,Solteiro,1962-03-11,RJ,FEMININO,Não,,Prof,2741.0,Não,Mensalista,63.0,874,2
VILA ISABEL,F,RIO DE JANEIRO,BRASILEIRA,Solteira,1981-11-13,RJ,FEMININO,Não,,Agente De Educação Infantil,3041.54,Não,Mensalista,44.0,237,0
BONSUCESSO,F,RIO DE JANEIRO,Brasileira,Solteiro,1939-04-14,RJ,MASCULINO,Não,,Especial/Chefeii,2261.72,Não,Mensalista,86.0,746,2
SEPETIBA,F,RIO DE JANEIRO,Brasileira,Solteiro,1965-04-16,RJ,MASCULINO,Não,,Art De Pav. E Pedreira,4257.0,Não,Mensalista,60.0,327,3
SANTA CRUZ,F,RIO DE JANEIRO,Brasileira,Solteira,1978-11-19,RJ,FEMININO,Não,,Agente Administraçao,2761.91,Não,Mensalista,47.0,180,0
GUARATIBA,F,RIO DE JANEIRO,BRASILEIRA,Casada,1949-06-05,RJ,FEMININO,Não,,Aposentada,9238.28,Não,Mensalista,76.0,294,3
GUARATIBA,F,RIO DE JANEIRO,Brasileira,Casada,1949-06-05,RJ,FEMININO,Não,,Prof Ii,9238.28,Não,Mensalista,76.0,930,1
GUARATIBA,F,RIO DE JANEIRO,Brasileira,Solteira,1976-01-12,RJ,FEMININO,Não,,Professor Ii,6521.88,Não,Mensalista,49.0,1048,1
CENTRO,F,NILOPOLIS,Brasileira,Casado,1958-04-28,RJ,MASCULINO,Não,,Agente Auxiliar De Adm.,3174.56,Não,Mensalista,67.0,192,3
BANGU,F,RIO DE JANEIRO,Brasileira,Solteiro,1965-08-28,RJ,MASCULINO,Não,,Enfermeira,4373.82,Não,Mensalista,60.0,720,0
CAMPO GRANDE,F,RIO DE JANEIRO,Brasileira,Solteiro,1950-06-06,RJ,MASCULINO,Não,,Trabalhador,2083.06,Não,Mensalista,75.0,1202,2
LEOPOLDINA,F,RIO DE JANEIRO,Brasileira,Não informado,1953-05-12,RJ,MASCULINO,Não,,Aux De Serv Gerais,3774.1,Não,Mensalista,72.0,494,3
CAMPO GRANDE,F,RIO DE JANEIRO,BRASILEIRA,Solteiro,1987-04-10,RJ,MASCULINO,Não,Risco PLD/FT Baixo,Auxiliar De Controle De Endemi,4242.36,Não,Mensalista,38.0,603,0
VIGARIO GERAL,F,RIO DE JANEIRO,Brasileira,Solteira,1957-03-22,RJ,FEMININO,Não,,Roupeiro ( Sms),2260.69,Não,Mensalista,68.0,1100,2
LAGOINHA,F,NOVA IGUACU,Brasileira,Solteiro,1953-10-03,RJ,FEMININO,Não,,Servente,2893.52,Não,Mensalista,72.0,1116,2
GUARATIBA,F,RIO DE JANEIRO,BRASILEIRA,Casada,1967-06-15,RJ,FEMININO,Não,,Servente,2237.31,Não,Mensalista,58.0,1116,2
VILA ISABEL,F,RIO DE JANEIRO,Brasileira,Divorciada,1966-01-27,RJ,FEMININO,Não,,Professor Ii,8955.74,Não,Mensalista,59.0,1048,1
JACARÉ,F,RIO DE JANEIRO,BRASILEIRA,Solteira,1975-07-29,RJ,FEMININO,Não,,Ag De Educação Infantil,6280.98,Não,Mensalista,50.0,55,0
RICARDO DE ALBUQUERQUE,F,RIO DE JANEIRO,Brasileira,Solteira,1952-08-19,RJ,FEMININO,Não,,Aux De Enfermagem 2º Grau,4788.11,Não,Mensalista,73.0,474,3
SEPETIBA,F,RIO DE JANEIRO,BRASILEIRA,SOLTEIRO,1970-12-28,RJ,FEMININO,Não,,Ag Aux De Creche,1389.26,Não,Mensalista,55.0,27,3
PACIENCIA,F,RIO DE JANEIRO,BRASILEIRA,Solteira,1961-01-14,RJ,FEMININO,Não,,Servente,1904.92,Não,Mensalista,64.0,1116,2
SANTA CRUZ,F,RIO DE JANEIRO,Brasileira,Casada,1953-02-01,RJ,FEMININO,Não,,Auxiliar De Serviço De Saúde,2062.67,Não,Mensalista,72.0,637,3
VILA DA PENHA,F,RIO DE JANEIRO,Brasileira,Separada judicialmente,1953-03-27,RJ,FEMININO,Não,,Prof. Ii,7519.64,Não,Mensalista,72.0,968,2
ACARI,F,RIO DE JANEIRO,BRASILEIRA,Casada,1969-06-19,RJ,FEMININO,Não,,Professor Ii,7132.33,Não,Mensalista,56.0,1048,1
ANDARAI,F,RIO DE JANEIRO,BRASILEIRA,Divorciada,1957-09-17,RJ,FEMININO,Não,,Merendeira,2038.95,Não,Mensalista,68.0,812,2
PIEDADE,F,RIO DE JANEIRO,BRASILEIRA,Divorciada,1962-01-09,RJ,FEMININO,Não,,Professor Ii,6641.61,Não,Mensalista,63.0,1048,2
PIEDADE,F,RIO DE JANEIRO,BRASILEIRA,Divorciada,1962-01-09,RJ,FEMININO,Não,,Professor Ii,9956.52,Não,Mensalista,63.0,1048,1
ANCHIETA,F,RIO DE JANEIRO,Brasileira,Casada,1959-05-04,RJ,FEMININO,Não,,Aux De Enfermagem 2º Grau,3005.12,Não,Mensalista,66.0,474,3
VILA DA PENHA,F,RIO DE JANEIRO,Brasileira,Divorciada,1962-10-18,RJ,FEMININO,Não,,Aux De Procuradoria,7955.9,Não,Mensalista,63.0,490,1
COSMORAMA,F,MESQUITA,Brasileira,Viúva,1968-12-07,RJ,FEMININO,Não,,Tec. Laboratorio,4623.06,Não,Mensalista,57.0,1161,2
TAQUARA,F,RIO DE JANEIRO,BRASILEIRA,Casado,1954-09-22,RJ,FEMININO,Não,,Agente De Administração,1472.43,Não,Mensalista,71.0,216,3
ANDARAI,F,RIO DE JANEIRO,BRASILEIRA,Viúvo,1950-07-03,RJ,FEMININO,Não,,Professor Ii,5039.91,Não,Mensalista,75.0,1048,2
VILA ISABEL,F,RIO DE JANEIRO,BRASILEIRA,Solteira,1971-08-06,RJ,FEMININO,Não,,Ag. De Educação Infantil,3850.68,Não,Mensalista,54.0,129,3
CAMPO GRANDE,F,RIO DE JANEIRO,BRASILEIRA,Solteira,1968-07-09,RJ,FEMININO,Não,,Professor Ii/Diretor Adjunto,6905.78,Não,Mensalista,57.0,1064,1
CAMPO GRANDE,F,RIO DE JANEIRO,Brasileira,Solteiro,1962-11-26,RJ,FEMININO,Não,,Aux De Enfermagem,1878.12,Não,Mensalista,63.0,459,3
PARQUE CENTENARIO,F,DUQUE DE CAXIAS,Brasileira,Casada,1965-04-14,RJ,FEMININO,Não,,Merendeira,2223.97,Não,Mensalista,60.0,812,2
BANGU,F,RIO DE JANEIRO,Brasileira,Casado,1959-02-11,RJ,FEMININO,Não,,Merendeira,1129.22,Não,Mensalista,66.0,812,2
INHOAIBA,F,RIO DE JANEIRO,BRASILEIRA,Solteira,1971-12-07,RJ,FEMININO,Não,,Professor Ii,4698.13,Não,Mensalista,54.0,1048,0
OLARIA,F,RIO DE JANEIRO,Brasileira,Casado,1955-03-18,RJ,FEMININO,Não,,Aux. De Enfermagem 1° Grau,2142.4,Não,Mensalista,70.0,533,3
BRAZ DE PINA,F,RIO DE JANEIRO,Brasileira,Casado,1950-08-13,RJ,FEMININO,Não,,Ag. Portaria,3767.92,Não,Mensalista,75.0,151,3
CAMPO GRANDE,F,RIO DE JANEIRO,Brasileira,Solteira,1962-10-06,RJ,FEMININO,Não,,Ag. De Administração,3147.52,Não,Mensalista,63.0,109,3
SEPETIBA,F,RIO DE JANEIRO,Brasileira,Solteira,1950-07-10,RJ,FEMININO,Não,,Aposentada,954.0,Não,Mensalista,75.0,294,3
ENGENHO NOVO,F,RIO DE JANEIRO,BRASILEIRA,Separada judicialmente,1958-08-20,RJ,FEMININO,Não,,Auxiliar De Controles De Endem,2180.84,Não,Mensalista,67.0,604,3
CAMPO GRANDE,F,RIO DE JANEIRO,Brasileira,Divorciada,1958-07-22,RJ,FEMININO,Não,,Aux De Enfemagem 2ª Grau,2015.93,Não,Mensalista,67.0,458,3
VISTA ALEGRE,F,RIO DE JANEIRO,Brasileira,Casado,1963-06-30,RJ,FEMININO,Não,,Datilografo,3652.54,Não,Mensalista,62.0,690,2
SANTA BARBARA,F,NITEROI,Brasileira,Divorciada,1962-05-07,RJ,FEMININO,Não,,Assist Tecnico A (Rio Arte),8796.68,Não,Mensalista,63.0,415,1
TAQUARA,F,RIO DE JANEIRO,Brasileira,Solteira,1964-01-02,RJ,FEMININO,Não,,Servente,2108.74,Não,Mensalista,61.0,1116,2
SANTA CRUZ,F,RIO DE JANEIRO,BRASILEIRA,Casada,1972-11-29,RJ,FEMININO,Não,,Professor Ii,3956.7,Não,Mensalista,53.0,1048,0
SAMPAIO,F,RIO DE JANEIRO,Brasileira,Casada,1955-01-05,RJ,FEMININO,Não,,Aposentada,1739.27,Não,Mensalista,70.0,294,3
PACIENCIA,F,RIO DE JANEIRO,Brasileira,Casada,1962-12-14,RJ,FEMININO,Não,,Aux De Enfermagem 2º Grau,1133.04,Não,Mensalista,63.0,474,3
TAQUARA,F,RIO DE JANEIRO,BRASILEIRA,Casada,1962-08-03,RJ,FEMININO,Não,,Merendeira,1560.47,Não,Mensalista,63.0,812,2
SEPETIBA,F,RIO DE JANEIRO,BRASILEIRA,Viúva,1959-01-04,RJ,FEMININO,Não,,Aposentada,2954.41,Não,Mensalista,66.0,294,3
GUARATIBA,F,RIO DE JANEIRO,BRASILEIRA,Solteira,1972-08-05,RJ,FEMININO,Não,,Professor Ii,9979.51,Não,Mensalista,53.0,1048,1
GUARATIBA,F,RIO DE JANEIRO,BRASILEIRA,Solteira,1972-08-05,RJ,FEMININO,Não,,Professor Ii,9979.51,Não,Mensalista,53.0,1048,1
SEPETIBA,F,RIO DE JANEIRO,BRASILEIRA,Divorciada,1955-05-19,RJ,FEMININO,Não,,Tecnico De Laboratorio,5697.65,Não,Mensalista,70.0,1176,2
CURICICA,F,RIO DE JANEIRO,BRASILEIRA,Solteira,1962-01-23,RJ,FEMININO,Não,,Aposentada,1797.24,Não,Mensalista,63.0,294,3
PARQUE BARRETO VILAR,F,SÃO JOÃO DE MERITI,Brasileira,Casada,1958-07-23,RJ,FEMININO,Não,Risco PLD/FT Baixo,Aposentada,2887.88,Não,Mensalista,67.0,294,3
JARDIM BONIFÁCIO,F,SÃO JOÃO DE MERITI,Brasileira,Solteira,1959-12-30,RJ,FEMININO,Não,,Aux De Enfermagem 1º Grau,2280.77,Não,Mensalista,66.0,468,3
CAMPO GRANDE,F,RIO DE JANEIRO,Brasileira,Casada,1965-12-01,RJ,FEMININO,Não,,Aux De Enfermagem 2ª Grau,5111.93,Não,Mensalista,60.0,471,3
PARQUE ANCHIETA,F,RIO DE JANEIRO,Brasileira,Divorciada,1970-10-12,RJ,FEMININO,Não,,Prof I - Ingles,2699.04,Não,Mensalista,55.0,906,0
SANTA CRUZ,F,RIO DE JANEIRO,Brasileira,Solteira,1956-11-15,RJ,FEMININO,Não,,Merendeira,1600.26,Não,Mensalista,69.0,812,2
TAQUARA,F,RIO DE JANEIRO,BRASILEIRA,Separada judicialmente,1957-01-11,RJ,FEMININO,Não,,Professor Ii,14480.97,Não,Mensalista,68.0,1048,1
TAQUARA,F,RIO DE JANEIRO,BRASILEIRA,Separada judicialmente,1957-01-11,RJ,FEMININO,Não,,Professor Ii Diretor,14480.97,Não,Mensalista,68.0,1055,1
PADRE MIGUEL,F,RIO DE JANEIRO,BRASILEIRA,Solteira,1961-08-18,RJ,FEMININO,Não,,Professor Ii,6536.64,Não,Mensalista,64.0,1048,2
BANGU,F,RIO DE JANEIRO,Brasileira,Solteira,1961-08-18,RJ,FEMININO,Não,,Professor Ii,4144.28,Não,Mensalista,64.0,1048,2
ABOLIÇÃO,F,RIO DE JANEIRO,Brasileira,Solteiro,1957-04-30,RJ,FEMININO,Não,,Merendeira,1466.18,Não,Mensalista,68.0,812,2
GLORIA,F,RIO DE JANEIRO,BRASILEIRA,SOLTEIRO,1949-11-28,RJ,MASCULINO,Não,,Professor Ii,2594.21,Não,Mensalista,76.0,1048,2
PAVUNA,F,RIO DE JANEIRO,BRASILEIRA,Solteira,1966-03-25,RJ,FEMININO,Não,,Ag. De Educação Inaftil,3052.04,Não,Mensalista,59.0,128,3
CENTRO,F,MARICA,Brasileira,Desquitado,1952-03-27,RJ,FEMININO,Não,,Especialista De Educação,2926.64,Não,Mensalista,73.0,751,2
CAMPO GRANDE,F,RIO DE JANEIRO,Brasileira,Casada,1966-11-29,RJ,FEMININO,Não,,Merendeira,929.88,Não,Mensalista,59.0,812,2
CENTRO,F,NILOPOLIS,Brasileira,Casada,1968-11-18,RJ,FEMININO,Não,,Professor Ii,6422.78,Não,Mensalista,57.0,1048,1
COPACABANA,F,RIO DE JANEIRO,Brasileira,Solteiro,1950-01-29,RJ,FEMININO,Não,,Secretaria Ii Inativa,4503.0,Não,Mensalista,75.0,1111,2
REALENGO,F,RIO DE JANEIRO,BRASILEIRA,Divorciado,1950-11-28,RJ,FEMININO,Não,,Merendeira,1048.13,Não,Mensalista,75.0,812,2
MANGUINHOS,F,RIO DE JANEIRO,Brasileira,Solteiro,1959-07-09,RJ,FEMININO,Não,,Inspetor De Alunos,1237.4,Não,Mensalista,66.0,789,2
PRAÇA SECA,F,RIO DE JANEIRO,Brasileira,Casada,1949-10-04,RJ,FEMININO,Não,,Professor I,9746.98,Não,Mensalista,76.0,1028,1
PRAÇA SECA,F,RIO DE JANEIRO,BRASILEIRA,Casada,1949-10-04,RJ,FEMININO,Não,,Professor I,3315.56,Não,Mensalista,76.0,1028,2
TIJUCA,F,RIO DE JANEIRO,BRASILEIRA,Viúva,1964-05-06,RJ,FEMININO,Não,,Professor Ii,7623.05,Não,Mensalista,61.0,1048,1
CAMPINHO,F,RIO DE JANEIRO,BRASILEIRA,Solteira,1956-09-25,RJ,FEMININO,Não,,Professor Ii,6099.2,Não,Mensalista,69.0,1048,2
CAMPO GRANDE,F,RIO DE JANEIRO,BRASILEIRA,Divorciada,1969-04-18,RJ,FEMININO,Não,,Aux De Enfermagem 2º Grau,2154.86,Não,Mensalista,56.0,474,0
CACHAMBI,F,RIO DE JANEIRO,Brasileira,Solteiro,1947-06-30,RJ,FEMININO,Não,,Servente,2273.27,Não,Mensalista,78.0,1116,2
GUARATIBA,F,RIO DE JANEIRO,Brasileira,Viúvo,1964-02-02,RJ,FEMININO,Não,,Datilografo,2530.38,Não,Mensalista,61.0,690,2
CAMPO LINDO,F,SEROPEDICA,Brasileira,Solteira,1961-12-28,RJ,FEMININO,Não,,Aposentada,1557.07,Não,Mensalista,64.0,294,3
NOVA IGUACU,F,RIO DE JANEIRO,Brasileira,Solteiro,1968-03-25,RJ,FEMININO,Não,,Ag. Adm.,2292.62,Não,Mensalista,57.0,75,3
PRAÇA DA BANDEIRA,F,ARARUAMA,Brasileira,Casada,1960-03-01,RJ,FEMININO,Não,,Professor Ii,4519.4,Não,Mensalista,65.0,1048,2
JACAREPAGUA,F,RIO DE JANEIRO,Brasileira,Casada,1954-12-12,RJ,FEMININO,Não,,Agente De Portaria,1537.07,Não,Mensalista,71.0,243,3
ENGENHO NOVO,F,RIO DE JANEIRO,BRASILEIRA,Casada,1947-12-11,RJ,FEMININO,Não,,Professor Ii,2465.86,Não,Mensalista,78.0,1048,2
VILA DA PENHA,F,RIO DE JANEIRO,Brasileira,Solteira,1950-07-31,RJ,FEMININO,Não,,Datilografo,1070.06,Não,Mensalista,75.0,690,2
JACARÉ,F,RIO DE JANEIRO,Brasileira,Não informado,1954-09-10,RJ,FEMININO,Não,,Aux. Operac. Serv. Div.,4508.7,Não,Mensalista,71.0,571,3
VILA SAO JOAO,F,SÃO JOÃO DE MERITI,Brasileira,Viúva,1966-03-16,RJ,FEMININO,Não,,Aposentada,3197.18,Não,Mensalista,59.0,294,3
FONSECA,F,NITEROI,BRASILEIRA,Solteiro,1969-11-14,RJ,FEMININO,Não,,Professor De Ensino Fundamenta,6399.68,Não,Mensalista,56.0,1001,1
JARDIM DA PAZ MAUA,F,RIO DE JANEIRO,Brasileira,Solteiro,1962-06-06,RJ,FEMININO,Não,,Prof. Ii,4767.5,Não,Mensalista,63.0,968,2
SEPETIBA,F,RIO DE JANEIRO,BRASILEIRA,Solteira,1955-04-09,RJ,FEMININO,Não,,Ag De Administração,2540.08,Não,Mensalista,70.0,40,3
ROCHA MIRANDA,F,RIO DE JANEIRO,Brasileira,Casado,1955-08-20,RJ,FEMININO,Não,,Prof. Ii,3163.52,Não,Mensalista,70.0,968,2
BANGU,F,RIO DE JANEIRO,BRASILEIRA,Viúva,1956-10-15,RJ,FEMININO,Não,,Aux De Enfermagem 1º Grau,1540.37,Não,Mensalista,69.0,468,3
REALENGO,F,RIO DE JANEIRO,Brasileira,Solteira,1957-08-09,RJ,FEMININO,Não,,Aux De Enfermagem 1º Grau,5173.38,Não,Mensalista,68.0,468,3
COSME VELHO,F,RIO DE JANEIRO,BRASILEIRA,Solteira,1967-06-29,RJ,FEMININO,Não,,Agente De Educação Infantil,6506.39,Não,Mensalista,58.0,237,3
JARDIM VINTE E CINCO DE AGOSTO,F,DUQUE DE CAXIAS,BRASILEIRA,Casada,1974-01-28,RJ,FEMININO,Não,,Professor Ii,11700.04,Não,Mensalista,51.0,1048,1
FREGUESIA,F,RIO DE JANEIRO,BRASILEIRA,Solteira,1950-03-16,RJ,FEMININO,Não,,Professor Ii,7380.52,Não,Mensalista,75.0,1048,2
FREGUESIA,F,RIO DE JANEIRO,Brasileira,Divorciada,1950-03-16,RJ,FEMININO,Não,,Professor Ii,9743.39,Não,Mensalista,75.0,1048,1
PARQUE ANCHIETA,F,RIO DE JANEIRO,BRASILEIRA,Casado,1962-06-10,RJ,FEMININO,Não,,Prof. Ii,4313.1,Não,Mensalista,63.0,968,2
VILA VALQUEIRE,F,RIO DE JANEIRO,BRASILEIRA,Casado,1964-12-22,RJ,FEMININO,Não,,Professor,3454.11,Não,Mensalista,61.0,984,2
BANGU,F,RIO DE JANEIRO,Brasileira,Casado,1953-11-28,RJ,FEMININO,Não,,Ag.De Portaria,1843.14,Não,Mensalista,72.0,162,3
GUADALUPE,F,RIO DE JANEIRO,BRASILEIRA,Solteira,1962-04-20,RJ,FEMININO,Não,,Datilografo,1264.0,Não,Mensalista,63.0,690,2
GUADALUPE,F,RIO DE JANEIRO,Brasileira,Viúva,1960-11-05,RJ,FEMININO,Não,,Ag. De Portaria,2218.4,Não,Mensalista,65.0,133,3
BRAZ DE PINA,F,RIO DE JANEIRO,Brasileira,Solteira,1960-02-13,RJ,FEMININO,Não,,Ag De Educação,1398.9,Não,Mensalista,65.0,54,3
REALENGO,F,RIO DE JANEIRO,Brasileira,Casado,1967-01-06,RJ,FEMININO,Não,,Merendeira,1539.74,Não,Mensalista,58.0,812,0
COSMOS,F,RIO DE JANEIRO,Brasileira,Casado,1955-03-22,RJ,FEMININO,Não,,Auxiliar De Enfermagem,3844.6,Não,Mensalista,70.0,608,3
LEBLON,F,RIO DE JANEIRO,BRASILEIRA,Desquitada,1957-09-22,RJ,FEMININO,Não,,Professor Ii,3033.28,Não,Mensalista,68.0,1048,2
LEBLON,F,RIO DE JANEIRO,Brasileira,Desquitada,1957-09-22,RJ,FEMININO,Não,,Professor Ii,2913.14,Não,Mensalista,68.0,1048,2
COSMOS,F,RIO DE JANEIRO,Brasileira,Casada,1964-01-25,RJ,FEMININO,Não,,Servente,1966.94,Não,Mensalista,61.0,1116,2
SANTISSIMO,F,RIO DE JANEIRO,Brasileira,Solteiro,1961-11-07,RJ,FEMININO,Não,,Servente,3200.32,Não,Mensalista,64.0,1116,2
JD. ANHANGA,F,DUQUE DE CAXIAS,BRASILEIRA,Solteira,1958-09-17,RJ,FEMININO,Não,,Aux De Enfermagem 2º Grau,3600.0,Não,Mensalista,67.0,474,3
TIJUCA,F,RIO DE JANEIRO,Brasileira,Casado,1950-03-18,RJ,FEMININO,Não,,Aposentado,6033.86,Não,Mensalista,75.0,295,3
DEL CASTILHO,F,RIO DE JANEIRO,BRASILEIRA,Divorciada,1953-06-14,RJ,FEMININO,Não,,Auxiliar De Serviços De Saude,2837.71,Não,Mensalista,72.0,639,3
AUSTIN,F,NOVA IGUACU,Brasileira,Casado,1957-03-29,RJ,FEMININO,Não,,Aux. Operac.Serv.Diversos,2556.7,Não,Mensalista,68.0,574,3
BONSUCESSO,F,RIO DE JANEIRO,Brasileira,Casada,1960-07-21,RJ,FEMININO,Não,,Inspetor Aluno,1675.0,Não,Mensalista,65.0,785,2
PADRE MIGUEL,F,RIO DE JANEIRO,BRASILEIRA,Solteira,1952-07-06,RJ,FEMININO,Não,,Professor Ii,12351.24,Não,Mensalista,73.0,1048,1
PADRE MIGUEL,F,RIO DE JANEIRO,Brasileira,Solteira,1952-07-06,RJ,FEMININO,Não,,Professor Ii,12351.24,Não,Mensalista,73.0,1048,1
ENCANTADO,F,RIO DE JANEIRO,BRASILEIRA,Divorciado,1963-03-04,RJ,FEMININO,Não,,Prof Ii,2616.06,Não,Mensalista,62.0,930,2
SANTA CRUZ,F,RIO DE JANEIRO,BRASILEIRA,Casado,1979-04-15,RJ,MASCULINO,Não,,Agente Educador Ii,1411.45,Não,Mensalista,46.0,268,0
HIGIENOPOLIS,F,RIO DE JANEIRO,Brasileira,Solteiro,1982-01-03,RJ,MASCULINO,Não,,Merendeira,1561.5,Não,Mensalista,43.0,812,0
LEOPOLDINA,F,RIO DE JANEIRO,Brasileira,Solteiro,1972-07-12,RJ,FEMININO,Não,,Professor,4660.54,Não,Mensalista,53.0,984,0
SANTA CRUZ,F,RIO DE JANEIRO,BRASILEIRA,Viúva,1957-09-27,RJ,FEMININO,Não,,Servente,1419.67,Não,Mensalista,68.0,1116,2
CAMPO GRANDE,F,RIO DE JANEIRO,Brasileira,Casada,1961-01-22,RJ,FEMININO,Não,,Professor Ii,5106.6,Não,Mensalista,64.0,1048,2
VISTA ALEGRE,F,RIO DE JANEIRO,Brasileira,Desquitado,1953-03-08,RJ,FEMININO,Não,,Professora,3886.1,Não,Mensalista,72.0,1070,2
BENTO RIBEIRO,F,RIO DE JANEIRO,Brasileira,Divorciada,1963-12-21,RJ,FEMININO,Não,,Aposentada,6065.62,Não,Mensalista,62.0,294,3
ANIL,F,RIO DE JANEIRO,BRASILEIRA,Casada,1980-09-28,RJ,FEMININO,Não,,Professor Ii,14061.66,Não,Mensalista,45.0,1048,1
ANIL,F,RIO DE JANEIRO,BRASILEIRA,Casada,1980-09-28,RJ,FEMININO,Não,,Professor Ensino Fundamental,14061.66,Não,Mensalista,45.0,1024,1
PECHINCHA,F,RIO DE JANEIRO,Brasileira,Casado,1956-01-14,RJ,MASCULINO,Não,,Motorista,4505.56,Não,Mensalista,69.0,827,2
PENHA LONGA,F,CHIADOR,BRASILEIRA,Casado,1981-09-13,MG,MASCULINO,Não,Risco PLD/FT Baixo,Professor Docente I - 18 Horas,4004.64,Não,Mensalista,44.0,1014,0
LEOPOLDINA,F,RIO DE JANEIRO,Brasileira,Solteiro,1947-11-20,RJ,FEMININO,Não,,Trabalhador,2045.92,Não,Mensalista,78.0,1202,2
PACIENCIA,F,RIO DE JANEIRO,Brasileira,Casada,1963-07-21,RJ,FEMININO,Não,,Professor Ii,8802.86,Não,Mensalista,62.0,1048,1
ROCHA MIRANDA,F,RIO DE JANEIRO,BRASILEIRA,Casada,1954-08-17,RJ,FEMININO,Não,,Aux De Enfermagem 2º Grau,3620.31,Não,Mensalista,71.0,474,3
RAMOS,F,RIO DE JANEIRO,Brasileira,Casado,1950-01-19,RJ,FEMININO,Não,,Aposentada,0.0,Não,Mensalista,75.0,294,3
ANCHIETA,F,RIO DE JANEIRO,BRASILEIRA,Solteira,1963-07-28,RJ,FEMININO,Não,,Servente,1332.75,Não,Mensalista,62.0,1116,2
SANTA CRUZ,F,RIO DE JANEIRO,Brasileira,Solteira,1943-11-30,RJ,FEMININO,Não,,Servente(Sms),1223.7,Não,Mensalista,82.0,1121,2
CAVALCANTE,F,RIO DE JANEIRO,BRASILEIRA,Casado,1950-01-20,RJ,MASCULINO,Não,,Trabalhador,3313.66,Não,Mensalista,75.0,1202,2
INHOAIBA,F,RIO DE JANEIRO,BRASILEIRA,Casado,1944-03-10,RJ,MASCULINO,Não,,Trabalhador,1675.97,Não,Mensalista,81.0,1202,2
BANGU,F,RIO DE JANEIRO,Brasileira,Solteiro,1959-01-20,RJ,MASCULINO,Não,,Art De Cozinha,2828.48,Não,Mensalista,66.0,310,3
ANCHIETA,F,RIO DE JANEIRO,Brasileira,Casado,1962-01-28,RJ,MASCULINO,Não,,Inspetor De Alunos,2412.61,Não,Mensalista,63.0,789,2
CAMPO GRANDE,F,RIO DE JANEIRO,Brasileira,Casado,1960-12-02,RJ,MASCULINO,Não,,Trabalhador,3217.66,Não,Mensalista,65.0,1202,2
PACIENCIA,F,RIO DE JANEIRO,Brasileira,Casado,1961-01-24,RJ,MASCULINO,Não,,Trabalhador,2742.44,Não,Mensalista,64.0,1202,2
SANTA CRUZ,F,RIO DE JANEIRO,Brasileira,Casado,1945-01-15,RJ,MASCULINO,Não,,Operador De Maquinas Pesadas,3577.92,Não,Mensalista,80.0,855,2
SURUI,F,MAGE,BRASILEIRA,SOLTEIRO,1960-04-11,RJ,MASCULINO,Não,,Trabalhador,2841.47,Não,Mensalista,65.0,1202,2
SANTA CRUZ,F,RIO DE JANEIRO,BRASILEIRA,Casado,1941-07-30,RJ,MASCULINO,Não,,Art De Auvenaria E Pintura,1883.83,Não,Mensalista,84.0,307,3
SANTA CRUZ,F,RIO DE JANEIRO,Brasileira,Casado,1956-03-21,RJ,MASCULINO,Não,,Trabalhador,2961.12,Não,Mensalista,69.0,1202,2
BANGU,F,RIO DE JANEIRO,Brasileira,Divorciado,1960-06-20,RJ,MASCULINO,Não,,Desenhista,4882.62,Não,Mensalista,65.0,702,2
CAMPO GRANDE,F,RIO DE JANEIRO,Brasileira,Casado,1965-01-18,RJ,MASCULINO,Não,,Motorista,5652.92,Não,Mensalista,60.0,827,2
ANCHIETA,F,RIO DE JANEIRO,Brasileira,Casado,1951-07-23,RJ,MASCULINO,Não,,Vigilante,3406.32,Não,Mensalista,74.0,1237,2
PAVUNA,F,RIO DE JANEIRO,Brasileira,Solteiro,1963-01-20,RJ,MASCULINO,Não,,Trabalhador,4038.08,Não,Mensalista,62.0,1202,2
ENCANTADO,F,RIO DE JANEIRO,BRASILEIRA,Solteiro,1971-01-18,RJ,MASCULINO,Não,,Auxi De Controle De Endemias,2502.91,Não,,54.0,592,0
CENTRO,F,RIO DE JANEIRO,Brasileira,Solteira,1952-05-30,RJ,FEMININO,Não,,Aux De Enfermagem 2º Grau,5495.66,Não,Mensalista,73.0,474,3
PARQUE BEIRA MAR,F,DUQUE DE CAXIAS,BRASILEIRA,Solteiro,1959-07-29,RJ,FEMININO,Não,,Auxiliar De Enfermagem,1800.46,Não,Mensalista,66.0,608,3
PEDRA DE GUARATIBA,F,RIO DE JANEIRO,Brasileira,Divorciada,1954-10-03,RJ,FEMININO,Não,,Aux De Enfermagem 2º Grau,4246.41,Não,Mensalista,71.0,474,3
PAVUNA,F,RIO DE JANEIRO,BRASILEIRA,Viúva,1960-01-04,RJ,FEMININO,Não,,Merendeira,1102.29,Não,Mensalista,65.0,812,2
PACIENCIA,F,RIO DE JANEIRO,Brasileira,Casada,1963-07-20,RJ,FEMININO,Não,,Servente,1045.0,Não,Mensalista,62.0,1116,2
OSWALDO CRUZ,F,RIO DE JANEIRO,BRASILEIRA,Solteira,1968-07-15,RJ,FEMININO,Não,,Merendeira,1816.17,Não,Mensalista,57.0,812,0
SENADOR VASCONCELOS,F,RIO DE JANEIRO,BRASILEIRA,Casado,1962-11-19,RJ,FEMININO,Não,,Auxiliar De Enfermagem,3095.5,Não,Mensalista,63.0,608,3
TAQUARA,F,RIO DE JANEIRO,Brasileira,Casado,1954-05-12,RJ,FEMININO,Não,,Funprevi Aposentada,8125.92,Não,Mensalista,71.0,768,1
SANTA CRUZ,F,RIO DE JANEIRO,Brasileira,Solteiro,1963-11-30,RJ,FEMININO,Não,,Merendeira,1464.7,Não,Mensalista,62.0,812,2
CATUMBI,F,RIO DE JANEIRO,BRASILEIRA,Casada,1962-05-22,RJ,FEMININO,Não,,Aposentada,5618.02,Não,Mensalista,63.0,294,3
CATUMBI,F,RIO DE JANEIRO,BRASILEIRA,Casada,1962-05-22,RJ,FEMININO,Não,,Prof I - Lingua Portuguesa,5239.72,Não,Mensalista,63.0,909,2
MEIER,F,RIO DE JANEIRO,BRASILEIRA,Solteira,1960-02-20,RJ,FEMININO,Não,,Auxiliar De Enfermagem 2º Grau,5731.98,Não,Mensalista,65.0,620,3
PEDRA DE GUARATIBA,F,RIO DE JANEIRO,Brasileira,Viúvo,1941-12-25,RJ,FEMININO,Não,,Prof Ii,4410.14,Não,Mensalista,84.0,930,2
BANGU,F,RIO DE JANEIRO,Brasileira,Casado,1962-08-27,RJ,FEMININO,Não,,Servente,1087.16,Não,Mensalista,63.0,1116,2
SANTA CRUZ,F,RIO DE JANEIRO,BRASILEIRA,Solteira,1967-09-19,RJ,FEMININO,Não,,Servente,1904.92,Não,Mensalista,58.0,1116,2
INHAUMA,F,RIO DE JANEIRO,Brasileira,Solteiro,1956-03-13,RJ,FEMININO,Não,,Aux. De Enfermagem,3520.08,Não,Mensalista,69.0,525,3
TODOS OS SANTOS,F,RIO DE JANEIRO,Brasileira,Desquitada,1951-11-15,RJ,FEMININO,Não,,Professor Ii,7189.67,Não,Mensalista,74.0,1048,2
TODOS OS SANTOS,F,RIO DE JANEIRO,BRASILEIRA,Desquitada,1951-11-15,RJ,FEMININO,Não,,Especialista De Educação,5299.37,Não,Mensalista,74.0,751,2
CAMPO GRANDE,F,RIO DE JANEIRO,Brasileira,Casado,1961-02-26,RJ,MASCULINO,Não,,Art De Cozinha,2515.56,Não,Mensalista,64.0,310,3
PIRATININGA,F,NITEROI,Brasileira,Solteiro,1955-05-15,RJ,MASCULINO,Não,,3 Sargento,3857.44,Não,Mensalista,70.0,9,3
SANTISSIMO,F,RIO DE JANEIRO,Brasileira,Solteira,1966-04-26,RJ,FEMININO,Não,,Agente Educador Ii,998.86,Não,Mensalista,59.0,268,3
CENTRO,F,RIO DE JANEIRO,Brasileira,Solteiro,1953-11-03,RJ,MASCULINO,Não,,Ofic.Cart.Policia,3619.32,Não,Mensalista,72.0,839,2
BANGU,F,RIO DE JANEIRO,BRASILEIRA,Solteiro,1964-11-29,RJ,MASCULINO,Não,,Trabalhador,3217.66,Não,Mensalista,61.0,1202,2
SANTA CRUZ,F,RIO DE JANEIRO,Brasileira,Viúvo,1958-01-16,RJ,MASCULINO,Não,,Art. Alvenaria E Pint.,5776.27,Não,Mensalista,67.0,337,3
CENTRO,F,NILOPOLIS,Brasileira,Solteiro,1946-03-13,RJ,MASCULINO,Não,,Professor Ii,3957.44,Não,Mensalista,79.0,1048,2
CENTRO,F,NILOPOLIS,BRASILEIRA,SOLTEIRO,1946-03-13,RJ,MASCULINO,Não,,Professor Ii,3957.44,Não,Mensalista,79.0,1048,2
FREGUESIA,F,RIO DE JANEIRO,Brasileira,Casado,1948-01-21,RJ,MASCULINO,Não,,Medico Pediatra,6908.36,Não,Mensalista,77.0,809,2
BENFICA,F,RIO DE JANEIRO,Brasileira,Viúvo,1959-08-14,RJ,MASCULINO,Não,,Trabalhador,2910.57,Não,Mensalista,66.0,1202,2
VILA LEOPOLDINA,F,RIO DE JANEIRO,Brasileira,Solteiro,1963-06-02,RJ,MASCULINO,Não,,Ajudante De Eletricista,1371.35,Não,Mensalista,62.0,284,3
IRAJA,F,RIO DE JANEIRO,Brasileira,Casado,1958-05-16,RJ,MASCULINO,Não,,Operador De Maq. Aux.,2843.4,Não,Mensalista,67.0,852,2
PARQUE SÃO FRANCISCO,F,NOVA IGUACU,Brasileira,Casado,1965-06-24,RJ,MASCULINO,Não,,Prof I- Matematica,1972.76,Não,Mensalista,60.0,929,2
COPACABANA,F,DUQUE DE CAXIAS,BRASILEIRA,Solteiro,1960-03-05,RJ,MASCULINO,Não,,Agente De Portaria/Chefe I,2876.83,Não,Mensalista,65.0,249,3
COSMOS,F,RIO DE JANEIRO,BRASILEIRA,Casado,1964-04-15,RJ,MASCULINO,Não,,Agente De Educação Infantil,3488.05,Não,Mensalista,61.0,237,3
REALENGO,F,RIO DE JANEIRO,Brasileira,Divorciado,1952-11-26,RJ,MASCULINO,Não,,Trabalhador,1731.9,Não,Mensalista,73.0,1202,2
CORDOVIL,F,RIO DE JANEIRO,Brasileira,Casado,1955-03-26,RJ,MASCULINO,Não,,Aux De Serviços De Veterinaria,3646.99,Não,Mensalista,70.0,500,3
INHOAIBA,F,RIO DE JANEIRO,BRASILEIRA,Divorciado,1952-09-23,RJ,MASCULINO,Não,,Servente,4019.27,Não,Mensalista,73.0,1116,2
LEME,F,RIO DE JANEIRO,Brasileira,Casado,1962-02-22,RJ,MASCULINO,Não,,Agente Executivo,6647.48,Não,Mensalista,63.0,273,3
MARECHAL HERMES,F,RIO DE JANEIRO,BRASILEIRO,Solteiro,1963-10-17,RJ,MASCULINO,Não,,Aux.De Enfermagem - 2º Grau,3710.8,Não,Mensalista,62.0,582,3
ENGENHO DE DENTRO,F,RIO DE JANEIRO,BRASILEIRA,Divorciado,1985-12-23,RJ,MASCULINO,Não,Risco PLD/FT Baixo,Soldado Pm,5857.27,Não,Mensalista,40.0,1130,0
ANDARAI,F,RIO DE JANEIRO,BRASILEIRA,Casado,1965-08-26,RJ,MASCULINO,Não,,Agente Aux. De Administração,6087.18,Não,Mensalista,60.0,187,3
REALENGO,F,RIO DE JANEIRO,Brasileira,Desquitado,1951-02-03,RJ,MASCULINO,Não,,Trabalhador,2175.24,Não,Mensalista,74.0,1202,2
PORCIUNCULA,F,RIO DE JANEIRO,Brasileira,Casado,1958-04-17,RJ,MASCULINO,Não,,Trabalhador,2528.44,Não,Mensalista,67.0,1202,2
CACHAMBI,F,RIO DE JANEIRO,Brasileira,Divorciado,1965-07-21,RJ,MASCULINO,Não,,Aux. De Enfermagem,2292.6,Não,Mensalista,60.0,525,3
COSMOS,F,RIO DE JANEIRO,Brasileira,Solteiro,1967-03-17,RJ,MASCULINO,Não,,Trabalhador,2931.41,Não,Mensalista,58.0,1202,2
PARAISO,F,SÃO GONÇALO,Brasileira,Solteiro,1962-05-17,RJ,MASCULINO,Não,,Motorista,7740.83,Não,Mensalista,63.0,827,1
VILA SÃO LUIS,F,DUQUE DE CAXIAS,Brasileira,Solteiro,1962-06-06,RJ,MASCULINO,Não,,Aux De Enfermagem 2ºgrau,4793.03,Não,Mensalista,63.0,476,3
SARACURUNA,F,DUQUE DE CAXIAS,BRASILEIRA,Divorciado,1967-10-16,RJ,MASCULINO,Não,,Tecnico Em Radiologia,2945.35,Não,Mensalista,58.0,1185,2
SANTISSIMO,F,RIO DE JANEIRO,Brasileira,Casado,1957-12-27,RJ,MASCULINO,Não,,Servente,1330.27,Não,Mensalista,68.0,1116,2
CAMPO GRANDE,F,RIO DE JANEIRO,BRASILEIRA,Solteiro,1959-11-17,RJ,MASCULINO,Não,,Merendeira,1869.77,Não,Mensalista,66.0,812,2
BONSUCESSO,F,RIO DE JANEIRO,BRASILEIRA,Viúvo,1948-05-30,RJ,MASCULINO,Não,,Aposentado,3288.74,Não,Mensalista,77.0,295,3
CAMPO GRANDE,F,RIO DE JANEIRO,Brasileira,Casado,1954-03-19,RJ,MASCULINO,Não,,Aux. De Laboratorio,3627.31,Não,Mensalista,71.0,551,3
ENGENHO DE DENTRO,F,RIO DE JANEIRO,Brasileira,Casado,1963-01-01,RJ,MASCULINO,Não,,Ag De Administração,4980.91,Não,Mensalista,62.0,40,3
BOTAFOGO,F,RIO DE JANEIRO,Brasileira,Casado,1956-09-06,RJ,MASCULINO,Não,,Guarda De Edemias,2861.52,Não,Mensalista,69.0,773,2
CARAMUJO,F,RIO DE JANEIRO,Brasileira,Casado,1953-12-09,RJ,MASCULINO,Não,,Servente,2105.92,Não,Mensalista,72.0,1116,2
CURICICA,F,RIO DE JANEIRO,Brasileira,Não informado,1942-09-08,RJ,MASCULINO,Não,,Agente Vigilancia,2631.76,Não,Mensalista,83.0,277,3
IRAJA,F,RIO DE JANEIRO,Brasileira,Solteiro,1953-01-10,RJ,MASCULINO,Não,,Assit Adm,3000.0,Não,Mensalista,72.0,439,3
CARAMUJO,F,RIO DE JANEIRO,Brasileira,União Estável,1955-06-24,RJ,MASCULINO,Não,,Inspetor De Alunos,1670.48,Não,Mensalista,70.0,789,2
SANTA CRUZ,F,RIO DE JANEIRO,BRASILEIRA,Solteiro,1964-12-03,RJ,MASCULINO,Não,,Servente,2182.97,Não,Mensalista,61.0,1116,2
COSTA AZUL,F,RIO DAS OSTRAS,Brasileira,União Estável,1948-08-07,RJ,MASCULINO,Não,,Engenheiro,15616.57,Não,Mensalista,77.0,733,1
CENTRO,F,ITAPERUNA,BRASILEIRA,Casado,1954-09-11,RJ,MASCULINO,Não,Risco PLD/FT Baixo,Profissional De Nivel Superior,15305.7,Não,Mensalista,71.0,1086,1
JARDIM AMERICA,F,RIO DE JANEIRO,Brasileira,Casada,1975-10-25,RJ,FEMININO,Não,,Aux De Enfermagem 2º Grau,3267.71,Não,Mensalista,50.0,474,0
PONTA DA AREIA,F,NITEROI,Brasileira,Solteiro,1964-06-20,RJ,MASCULINO,Não,,Ag. De Administração / Gerente,9291.2,Não,Mensalista,61.0,110,3
NOVA CIDADE,F,NILOPOLIS,Brasileira,Viúvo,1952-02-07,RJ,MASCULINO,Não,,Ag. De Vigilancia,3394.33,Não,Mensalista,73.0,140,3
CORDOVIL,F,RIO DE JANEIRO,BRASILEIRA,Casada,1975-04-04,RJ,FEMININO,Não,,Professor Ii,9890.07,Não,Mensalista,50.0,1048,1
CORDOVIL,F,RIO DE JANEIRO,BRASILEIRA,Casada,1975-04-04,RJ,FEMININO,Não,,Professor Ii,9890.07,Não,Mensalista,50.0,1048,1
PADRE MIGUEL,F,RIO DE JANEIRO,Brasileira,Divorciada,1949-10-06,RJ,FEMININO,Não,,Professor Ii,2544.38,Não,Mensalista,76.0,1048,2
MADUREIRA,F,RIO DE JANEIRO,Brasileira,Solteira,1971-12-31,RJ,FEMININO,Não,,Aux. De Enfermagem,3677.49,Não,Mensalista,54.0,525,0
BRAZ DE PINA,F,RIO DE JANEIRO,BRASILEIRA,Solteira,1956-05-16,RJ,FEMININO,Não,,Datilografo,4519.86,Não,Mensalista,69.0,690,2
PAVUNA,F,RIO DE JANEIRO,Brasileira,Divorciada,1964-01-24,RJ,FEMININO,Não,,Tec. De Higiene Dental,3516.84,Não,Mensalista,61.0,1153,2
LEOPOLDINA,F,RIO DE JANEIRO,BRASILEIRA,Divorciada,1960-03-09,RJ,FEMININO,Não,,Professor Ii,3437.78,Não,Mensalista,65.0,1048,2
CAMPO GRANDE,F,RIO DE JANEIRO,Brasileira,Casado,1959-02-18,RJ,FEMININO,Não,,Prof Ii,3112.98,Não,Mensalista,66.0,930,2
TIJUCA,F,RIO DE JANEIRO,BRASILEIRA,Casada,1966-11-13,RJ,FEMININO,Não,,Aposentada,909.4,Não,Mensalista,59.0,294,3
MARIA PAULA,F,SAO GONCALO,Brasileira,Solteira,1960-10-22,RJ,FEMININO,Não,,Aux De Enfermagem 2º Grau,840.29,Não,Mensalista,65.0,474,3
CAMPO GRANDE,F,RIO DE JANEIRO,BRASILEIRA,Divorciada,1975-04-13,RJ,FEMININO,Não,,Professor Ii,2259.25,Não,Mensalista,50.0,1048,0
CARAMUJO,F,RIO DE JANEIRO,Brasileira,Casado,1950-05-19,RJ,FEMININO,Não,,Professora,10800.0,Não,Mensalista,75.0,1070,1
REALENGO,F,RIO DE JANEIRO,Brasileira,Casado,1948-11-12,RJ,FEMININO,Não,,Prof I,6476.64,Não,Mensalista,77.0,895,2
SANTISSIMO,F,RIO DE JANEIRO,Brasileira,Viúva,1958-12-29,RJ,FEMININO,Não,,Professor Ii,2337.94,Não,Mensalista,67.0,1048,2
SANTISSIMO,F,RIO DE JANEIRO,BRASILEIRA,Viúva,1958-12-29,RJ,FEMININO,Não,,Professor Ii,2337.94,Não,Mensalista,67.0,1048,2
CENTRO,F,RIO DE JANEIRO,BRASILEIRA,Solteira,1958-03-16,RJ,FEMININO,Não,,Auxiliar De Enfermagem ( Enq.,3056.39,Não,Mensalista,67.0,609,3
CASCADURA,F,RIO DE JANEIRO,Brasileira,Casado,1957-12-27,RJ,FEMININO,Não,,Professora,7824.0,Não,Mensalista,68.0,1070,1
ANCHIETA,F,RIO DE JANEIRO,Brasileira,Solteira,1952-09-17,RJ,FEMININO,Não,,Aposentada,2866.44,Não,Mensalista,73.0,294,3
OUTEIRO PEDRAS,F,ITABORAI,BRASILEIRA,Divorciada,1969-07-15,RJ,FEMININO,Não,,Recepcionista,2180.35,Não,Mensalista,56.0,1094,2
SANTA CRUZ,F,RIO DE JANEIRO,BRASILEIRA,Divorciada,1967-10-16,RJ,FEMININO,Não,,Agente De Educação Infantil,6584.59,Não,Mensalista,58.0,237,3
PAVUNA,F,RIO DE JANEIRO,Brasileira,Solteiro,1969-08-01,RJ,FEMININO,Não,,Aux. De Enf.,1563.32,Não,Mensalista,56.0,522,0
TANQUE,F,RIO DE JANEIRO,Brasileira,Divorciada,1969-12-06,RJ,FEMININO,Não,,Professor Ii,9048.67,Não,Mensalista,56.0,1048,1
BENFICA,F,RIO DE JANEIRO,BRASILEIRA,Solteira,1956-02-05,RJ,FEMININO,Não,,Merendeira,2296.19,Não,Mensalista,69.0,812,2
VISTA ALEGRE,F,RIO DE JANEIRO,BRASILEIRA,Solteira,1979-05-07,RJ,FEMININO,Não,,Professor Ii,9087.84,Não,Mensalista,46.0,1048,1
VARGEM GRANDE,F,RIO DE JANEIRO,Brasileira,Casada,1948-03-30,RJ,FEMININO,Não,,Prof Ii / Diretor Iv,9609.5,Não,Mensalista,77.0,934,1
REALENGO,F,RIO DE JANEIRO,Brasileira,Solteira,1961-01-15,RJ,FEMININO,Não,,Merendeira,2202.65,Não,Mensalista,64.0,812,2
PINHÃO,F,TANGUÁ,Brasileira,Desquitada,1959-04-08,RJ,FEMININO,Não,,Servente,1069.25,Não,Mensalista,66.0,1116,2
OLARIA,F,RIO DE JANEIRO,Brasileira,Solteira,1965-06-21,RJ,FEMININO,Não,,Aposentada,4825.57,Não,Mensalista,60.0,294,3
COELHO NETO,F,RIO DE JANEIRO,Brasileira,Casada,1954-09-17,RJ,FEMININO,Não,,Aposentada,2381.36,Não,Mensalista,71.0,294,3
ABOLIÇÃO,F,RIO DE JANEIRO,Brasileira,Solteiro,1956-02-13,RJ,FEMININO,Não,,Datilografo,2816.06,Não,Mensalista,69.0,690,2
MEIER,F,RIO DE JANEIRO,Brasileira,Casado,1937-02-06,RJ,FEMININO,Não,,Ag. Aux De Administração,2919.0,Não,Mensalista,88.0,80,3
MUTUA,F,SÃO GONÇALO,BRASILEIRA,Casada,1956-10-14,RJ,FEMININO,Não,,Aux De Enfermagem 2º Grau,1954.46,Não,Mensalista,69.0,474,3
CAMPOS ELISEOS,F,RIO DE JANEIRO,Brasileira,Solteiro,1960-10-11,RJ,FEMININO,Não,,Auxiliar De Enfermagem,4380.82,Não,Mensalista,65.0,608,3
VISTA ALEGRE,F,RIO DE JANEIRO,BRASILEIRA,Divorciada,1976-07-25,RJ,FEMININO,Não,,Prof De Educação Infantil,4973.84,Não,Mensalista,49.0,886,0
CORDOVIL,F,RIO DE JANEIRO,BRASILEIRA,Casada,1962-08-01,RJ,FEMININO,Não,,Agente De Administracao,4863.58,Não,Mensalista,63.0,213,3
CENTRO,F,NOVA IGUAÇU,BRASILEIRA,Solteiro,1966-01-26,RJ,MASCULINO,Não,Risco PLD/FT Baixo,Professor De Ensino Fundamenta,8648.86,Não,Mensalista,59.0,1001,1
CAMPO GRANDE,F,RIO DE JANEIRO,Brasileira,Casado,1950-09-16,RJ,MASCULINO,Não,,Servente / Assistente Ii,2974.27,Não,Mensalista,75.0,1119,2
IRAJA,F,RIO DE JANEIRO,Brasileira,Casado,1950-02-20,RJ,MASCULINO,Não,,Lavadeiro,2164.8,Não,Mensalista,75.0,798,2
FONSECA,F,NITEROI,Brasileira,Divorciado,1962-12-17,RJ,MASCULINO,Não,,Ag Adm,3988.68,Não,Mensalista,63.0,18,3
INHOAIBA,F,RIO DE JANEIRO,Brasileira,Solteiro,1958-08-24,RJ,MASCULINO,Não,,Trabalhador,2013.06,Não,Mensalista,67.0,1202,2
BENTO RIBEIRO,F,RIO DE JANEIRO,Brasileira,Divorciado,1977-11-07,RJ,MASCULINO,Não,,Ag. De Administração,4509.34,Não,Mensalista,48.0,109,0
SEPETIBA,F,RIO DE JANEIRO,Brasileira,Casado,1956-09-23,RJ,MASCULINO,Não,,Trabalhador,2429.34,Não,Mensalista,69.0,1202,2
NOVA IGUACU,F,RIO DE JANEIRO,Brasileira,Casado,1965-04-11,RJ,MASCULINO,Não,,Art De Servicos De Garagem,2780.08,Não,Mensalista,60.0,332,3
SENADOR CAMARA,F,RIO DE JANEIRO,BRASILEIRA,Casada,1954-07-10,RJ,FEMININO,Não,,Professor Ii,3363.09,Não,Mensalista,71.0,1048,2
SANTA CRUZ,F,RIO DE JANEIRO,BRASILEIRA,Casada,1976-07-08,RJ,FEMININO,Não,,Agente De Educação Infantil,3795.16,Não,Mensalista,49.0,237,0
ENGENHO NOVO,F,RIO DE JANEIRO,Brasileira,Casada,1955-03-20,RJ,FEMININO,Não,,Aposentada,2664.6,Não,Mensalista,70.0,294,3
SEPETIBA,F,RIO DE JANEIRO,Brasileira,Divorciada,1964-06-05,RJ,FEMININO,Não,,Professor Ii,11445.43,Não,Mensalista,61.0,1048,1
SEPETIBA,F,RIO DE JANEIRO,BRASILEIRA,Divorciada,1964-06-05,RJ,FEMININO,Não,,Prof. De Educ. Infantil,11445.43,Não,Mensalista,61.0,950,1
CABUÇU,F,NOVA IGUAÇU,BRASILEIRA,Casado,1964-08-26,RJ,FEMININO,Não,,Merendeira,1027.01,Não,Mensalista,61.0,812,2
PENHA CIRCULAR,F,RIO DE JANEIRO,Brasileira,Casada,1970-09-03,RJ,FEMININO,Não,,Aposentada,1209.1,Não,Mensalista,55.0,294,3
CASCADURA,F,RIO DE JANEIRO,BRASILEIRA,Casada,1984-01-27,RJ,FEMININO,Não,Risco PLD/FT Baixo,Aux De Controle De Endemias,3877.62,Não,Mensalista,41.0,452,0
ENGENHO NOVO,F,RIO DE JANEIRO,BRASILEIRA,Solteira,1964-07-25,RJ,FEMININO,Não,,Servente,1833.08,Não,Mensalista,61.0,1116,2
CAMPO GRANDE,F,RIO DE JANEIRO,BRASILEIRA,Solteira,1976-03-26,RJ,FEMININO,Não,,Auxiliar De Enfermagem,2908.42,Não,Mensalista,49.0,608,0
ROCHA MIRANDA,F,RIO DE JANEIRO,Brasileira,Solteiro,1962-09-30,RJ,FEMININO,Não,,Merendeira,1151.3,Não,Mensalista,63.0,812,2
CAMPO GRANDE,F,RIO DE JANEIRO,BRASILEIRA,Casada,1971-06-06,RJ,FEMININO,Não,,Ag. De Educação Infantil,2842.47,Não,Mensalista,54.0,129,3
BANGU,F,RIO DE JANEIRO,BRASILEIRA,Casada,1974-10-27,RJ,FEMININO,Não,,Ag. De Educação Infantil,3016.33,Não,Mensalista,51.0,129,0
GRAJAU,F,RIO DE JANEIRO,BRASILEIRA,Divorciado,1961-12-26,RJ,FEMININO,Não,,Professor Ii,4350.77,Não,Mensalista,64.0,1048,2
GRAJAU,F,RIO DE JANEIRO,BRASILEIRA,Divorciado,1961-12-26,RJ,FEMININO,Não,,Professor Ii,4350.77,Não,Mensalista,64.0,1048,2
MARECHAL HERMES,F,RIO DE JANEIRO,BRASILEIRA,Solteira,1971-12-29,RJ,FEMININO,Não,,Agente De Educação Infantil,3590.49,Não,Mensalista,54.0,237,3
FLAMENGO,F,RIO DE JANEIRO,BRASILEIRA,Solteira,1976-03-19,RJ,FEMININO,Não,,Professor Ii,7283.04,Não,Mensalista,49.0,1048,1
MEIER,F,RIO DE JANEIRO,BRASILEIRA,Divorciada,1962-06-13,RJ,FEMININO,Não,,Professor Ii,5198.99,Não,Mensalista,63.0,1048,2
MEIER,F,RIO DE JANEIRO,BRASILEIRA,Divorciada,1962-06-13,RJ,FEMININO,Não,,Professor Ii,8014.24,Não,Mensalista,63.0,1048,1
REALENGO,F,RIO DE JANEIRO,BRASILEIRA,Casada,1961-08-15,RJ,FEMININO,Não,,Inspetor De Alunos,3233.96,Não,Mensalista,64.0,789,2
RIO COMPRIDO,F,RIO DE JANEIRO,Brasileira,Casado,1955-08-15,RJ,FEMININO,Não,,Servente,1127.68,Não,Mensalista,70.0,1116,2
CASCADURA,F,RIO DE JANEIRO,Brasileira,Solteiro,1953-02-26,RJ,FEMININO,Não,,Aux. Enfermagem,2054.38,Não,Mensalista,72.0,564,3
CAMPINHO,F,RIO DE JANEIRO,Brasileira,Desquitado,1952-06-25,RJ,FEMININO,Não,,Prof Ii,5206.06,Não,Mensalista,73.0,930,2
VILA SÃO JOÃO,F,SAO JOAO DE MERITI,BRASILEIRA,Divorciada,1974-04-26,RJ,FEMININO,Não,,Aux. De Enfermagem,3848.33,Não,Mensalista,51.0,525,0
BANGU,F,RIO DE JANEIRO,BRASILEIRA,Solteira,1979-03-22,RJ,FEMININO,Não,,Agente Educador Ii,1311.14,Não,Mensalista,46.0,268,0
PECHINCHA,F,RIO DE JANEIRO,BRASILEIRA,Casado,1959-02-21,RJ,FEMININO,Não,,Prof Ii,4612.19,Não,Mensalista,66.0,930,2
LEOPOLDINA,F,RIO DE JANEIRO,Brasileira,Solteiro,1945-04-14,RJ,FEMININO,Não,,Prof Ii,2813.88,Não,Mensalista,80.0,930,2
VILA VALQUEIRE,F,RIO DE JANEIRO,BRASILEIRA,Casada,1984-03-01,RJ,FEMININO,Não,,Ag. De Educação Infantil,2448.96,Não,Mensalista,41.0,129,0
PACIENCIA,F,RIO DE JANEIRO,Brasileira,Solteira,1982-11-02,RJ,FEMININO,Não,,Merendeira,2640.42,Não,Mensalista,43.0,812,0
CAMPO GRANDE,F,RIO DE JANEIRO,BRASILEIRA,Solteiro,1966-02-12,RJ,FEMININO,Não,Risco PLD/FT Baixo,Professor Ii,3312.26,Não,,59.0,1048,2
MAGALHÃES BASTOS,F,RIO DE JANEIRO,BRASILEIRA,Solteira,1964-11-13,RJ,FEMININO,Não,,Aux. De Enfermagem 2º Grau,2910.63,Não,Mensalista,61.0,539,3
CAMPO GRANDE,F,RIO DE JANEIRO,BRASILEIRA,Solteira,1966-11-12,RJ,FEMININO,Não,,Ag. De Educação Infantil,954.0,Não,Mensalista,59.0,129,3
INHAUMA,F,RIO DE JANEIRO,BRASILEIRA,Casado,1957-05-14,RJ,FEMININO,Não,,Merendeira,976.73,Não,Mensalista,68.0,812,2
TAQUARA,F,RIO DE JANEIRO,BRASILEIRA,SOLTEIRO,1970-11-12,RJ,MASCULINO,Não,,Ag. De Administração,4376.81,Não,Mensalista,55.0,109,3
MEIER,F,RIO DE JANEIRO,BRASILEIRA,Casado,1959-09-15,RJ,MASCULINO,Não,,Mrendeiro,1178.92,Não,Mensalista,66.0,833,2
SANTA CRUZ,F,RIO DE JANEIRO,Brasileira,Solteiro,1966-06-04,RJ,MASCULINO,Não,,Trabalhador,3273.39,Não,Mensalista,59.0,1202,2
NOVA ERA,F,NOVA IGUAÇU,Brasileira,Solteiro,1959-08-25,RJ,MASCULINO,Não,,Motorista,5466.54,Não,Mensalista,66.0,827,2
SENADOR VASCONCELOS,F,RIO DE JANEIRO,BRASILEIRA,Casado,1962-03-10,RJ,MASCULINO,Não,,Trabalhador,3896.92,Não,Mensalista,63.0,1202,2
FONSECA,F,NITERÓI,BRASILEIRA,Solteira,1974-01-20,RJ,FEMININO,Não,,Aux De Enfermagem,1703.25,Não,Mensalista,51.0,459,0
CAMPO GRANDE,F,RIO DE JANEIRO,BRASILEIRA,Casada,1972-10-25,RJ,FEMININO,Não,,Merendeira,1045.9,Não,Mensalista,53.0,812,0
CAMPO GRANDE,F,RIO DE JANEIRO,Brasileira,Solteira,1972-07-27,RJ,FEMININO,Não,,Aposentada,1276.54,Não,Mensalista,53.0,294,0
SANTA CRUZ,F,RIO DE JANEIRO,BRASILEIRA,Casado,1974-01-03,RJ,FEMININO,Não,,Merendeira,915.4,Não,Mensalista,51.0,812,0
BANGU,F,RIO DE JANEIRO,BRASILEIRA,Casada,1969-05-26,RJ,FEMININO,Não,,Ag Educação Infantil,3349.83,Não,Mensalista,56.0,70,3
TIJUCA,F,RIO DE JANEIRO,Brasileira,Solteiro,1976-01-21,RJ,FEMININO,Não,,Tec. Judiciario,6422.66,Não,Mensalista,49.0,1159,1
CAVALCANTE,F,RIO DE JANEIRO,BRASILEIRA,Divorciada,1969-10-27,RJ,FEMININO,Não,,Merendeira,1503.81,Não,Mensalista,56.0,812,0
BANGU,F,RIO DE JANEIRO,BRASILEIRA,Casado,1977-07-26,RJ,FEMININO,Não,,Auxiliar De Enfermagem - 2° Gr,1962.48,Não,Mensalista,48.0,613,0
SENADOR CAMARA,F,RIO DE JANEIRO,BRASILEIRA,Solteira,1968-06-05,RJ,FEMININO,Não,,Aux. De Enfermagem,2715.29,Não,Mensalista,57.0,525,0
LINS DE VASCONCELOS,F,RIO DE JANEIRO,Brasileira,Casada,1977-08-26,RJ,FEMININO,Não,,Aux De Enfermagem 2º Grau,1827.25,Não,Mensalista,48.0,474,0
BANGU,F,RIO DE JANEIRO,Brasileira,Solteiro,1972-07-09,RJ,FEMININO,Não,,Enfermeiro,4767.64,Não,Mensalista,53.0,724,0
SENADOR CAMARA,F,RIO DE JANEIRO,BRASILEIRA,Casada,1979-07-29,RJ,FEMININO,Não,,Prof.Ii,5015.03,Não,Mensalista,46.0,977,0
SENADOR CAMARA,F,RIO DE JANEIRO,BRASILEIRA,Casada,1979-07-29,RJ,FEMININO,Não,,Prof.Ii,5015.03,Não,Mensalista,46.0,977,0
CAVALEIROS,F,MACAE,BRASILEIRA,Solteiro,1972-10-30,RJ,FEMININO,Não,Risco PLD/FT Baixo,Assistente Administrativo De S,4999.23,Não,,53.0,423,0
VISTA ALEGRE,F,SÃO GONÇALO,Brasileira,Solteira,1968-06-17,RJ,FEMININO,Não,,Ag De Administração,6151.01,Não,Mensalista,57.0,40,3
PARQUE NANCY,F,MARICA,Brasileira,Solteira,1966-09-10,RJ,FEMININO,Não,,Agente De Administração,2104.41,Não,Mensalista,59.0,216,3
OLARIA,F,RIO DE JANEIRO,BRASILEIRA,Solteira,1969-07-11,RJ,FEMININO,Não,,Merendeira,1755.98,Não,Mensalista,56.0,812,0
PRAÇA SECA,F,RIO DE JANEIRO,BRASILEIRA,Solteira,1976-02-20,RJ,FEMININO,Não,,Professor Ii,6092.16,Não,Mensalista,49.0,1048,0
PACIENCIA,F,RIO DE JANEIRO,BRASILEIRA,Solteira,1978-12-06,RJ,FEMININO,Não,,Aux De Enfermagem 2º Grau,3246.64,Não,Mensalista,47.0,474,0
CAMPO LINDO,F,SEROPEDICA,Brasileira,Solteira,1972-07-03,RJ,FEMININO,Não,,Aux De Enfermagem 2º Grau,3930.09,Não,Mensalista,53.0,474,0
PIEDADE,F,RIO DE JANEIRO,BRASILEIRA,Divorciada,1969-08-23,RJ,FEMININO,Não,,Merendeira,1890.83,Não,Mensalista,56.0,812,0
MARACANA,F,RIO DE JANEIRO,Brasileira,Solteira,1965-01-27,RJ,FEMININO,Não,,Professor Ii,5494.42,Não,Mensalista,60.0,1048,2
MARACANA,F,RIO DE JANEIRO,BRASILEIRA,Solteira,1965-01-27,RJ,FEMININO,Não,,Professor Ii,5494.42,Não,Mensalista,60.0,1048,2
CAMPO GRANDE,F,RIO DE JANEIRO,BRASILEIRA,Divorciada,1973-03-01,RJ,FEMININO,Não,,Professor Ii,11036.88,Não,Mensalista,52.0,1048,1
CAMPO GRANDE,F,RIO DE JANEIRO,BRASILEIRA,Divorciada,1973-03-01,RJ,FEMININO,Não,,Professor Ii,14418.96,Não,Mensalista,52.0,1048,1
CACHAMBI,F,RIO DE JANEIRO,BRASILEIRA,Casada,1969-12-02,RJ,FEMININO,Não,,Aposentada,4926.29,Não,Mensalista,56.0,294,3
CAMPO GRANDE,F,RIO DE JANEIRO,BRASILEIRA,Casada,1972-08-26,RJ,FEMININO,Não,,Aux De Controle De Endemias,3294.88,Não,Mensalista,53.0,452,0
VIGARIO GERAL,F,RIO DE JANEIRO,BRASILEIRA,Casada,1983-03-19,RJ,FEMININO,Não,,Ag. De Educação Infantil,2273.99,Não,Mensalista,42.0,129,0
CAMPINHO,F,RIO DE JANEIRO,BRASILEIRA,Solteiro,1980-11-05,RJ,FEMININO,Não,Risco PLD/FT Baixo,Agente De Apoio Educacional Es,1948.06,Não,Mensalista,45.0,223,0
CAMPO GRANDE,F,RIO DE JANEIRO,BRASILEIRA,Divorciada,1963-08-27,RJ,FEMININO,Não,,Aposentada,8186.6,Não,Mensalista,62.0,294,3
OLARIA,F,RIO DE JANEIRO,BRASILEIRA,Solteiro,1979-11-17,RJ,FEMININO,Não,,Professor,3228.43,Não,Mensalista,46.0,984,0
MADUREIRA,F,RIO DE JANEIRO,Brasileira,Solteira,1969-08-26,RJ,FEMININO,Não,,Ag Comunitario Nivel Ii (Qs),5389.93,Não,Mensalista,56.0,36,3
SENADOR CAMARA,F,RIO DE JANEIRO,Brasileira,Casada,1979-11-08,RJ,FEMININO,Não,,Professor Ii/Dir. Adjunto,3969.03,Não,Mensalista,46.0,1063,0
PEDRA DE GUARATIBA,F,RIO DE JANEIRO,BRASILEIRA,Solteiro,1973-08-28,RJ,FEMININO,Não,,Merendeira,1215.11,Não,Mensalista,52.0,812,0
ENGENHO DE DENTRO,F,RIO DE JANEIRO,BRASILEIRA,Solteira,1966-10-31,RJ,FEMININO,Não,,Servente,1113.69,Não,Mensalista,59.0,1116,2
TIJUCA,F,RIO DE JANEIRO,BRASILEIRA,Solteira,1955-05-20,RJ,FEMININO,Não,,Professor Ii,10202.14,Não,Mensalista,70.0,1048,1
LEBLON,F,RIO DE JANEIRO,BRASILEIRA,Casada,1972-08-12,RJ,FEMININO,Não,,Merendeira,2181.72,Não,Mensalista,53.0,812,0
PENHA,F,RIO DE JANEIRO,BRASILEIRA,Solteira,1973-05-28,RJ,FEMININO,Não,,Professor Ii,3954.7,Não,Mensalista,52.0,1048,0
QUINTINO BOCAIUVA,F,RIO DE JANEIRO,BRASILEIRA,Solteira,1973-02-23,RJ,FEMININO,Não,,Prof.Ii,15104.21,Não,Mensalista,52.0,977,1
QUINTINO BOCAIUVA,F,RIO DE JANEIRO,BRASILEIRA,Solteira,1973-02-23,RJ,FEMININO,Não,,Prof.Ii,13009.29,Não,Mensalista,52.0,977,1
CAMPO GRANDE,F,RIO DE JANEIRO,Brasileira,Casada,1976-09-04,RJ,FEMININO,Não,,Prof. Ii,3748.9,Não,Mensalista,49.0,968,0
CAMPO GRANDE,F,RIO DE JANEIRO,BRASILEIRA,Casada,1976-09-04,RJ,FEMININO,Não,,Prof.Ii,5186.84,Não,Mensalista,49.0,977,0
PRAÇA SECA,F,RIO DE JANEIRO,Brasileira,Solteira,1967-05-30,RJ,FEMININO,Não,,Professor Ii,2763.45,Não,Mensalista,58.0,1048,2
PECHINCHA,F,RIO DE JANEIRO,BRASILEIRA,Divorciada,1974-03-12,RJ,FEMININO,Não,,Aux De Enfermagem,4155.99,Não,Mensalista,51.0,459,0
PENHA,F,RIO DE JANEIRO,BRASILEIRA,Solteira,1986-08-07,RJ,FEMININO,Não,,Agente De Educação Infantil,3683.8,Não,Mensalista,39.0,237,0
CURICICA,F,RIO DE JANEIRO,BRASILEIRA,Viúva,1967-05-21,RJ,FEMININO,Não,,Agente De Educação Infantil,5851.4,Não,Mensalista,58.0,237,3
MARECHAL HERMES,F,RIO DE JANEIRO,BRASILEIRA,Casado,1972-10-05,RJ,FEMININO,Não,,Agente Aux. De Creche,804.41,Não,Mensalista,53.0,188,3
QUINTINO BOCAIUVA,F,RIO DE JANEIRO,BRASILEIRA,Solteiro,1973-09-09,RJ,MASCULINO,Não,,Professor Ii,7724.03,Não,Mensalista,52.0,1048,1
VILA CANAAN,F,DUQUE DE CAXIAS,Brasileira,Solteira,1979-11-05,RJ,FEMININO,Não,,Aux. De Enfermagem,2473.04,Não,Mensalista,46.0,525,0
LEOPOLDINA,F,RIO DE JANEIRO,Brasileira,Casado,1969-11-14,RJ,MASCULINO,Não,,Assistência Social,5498.76,Não,Mensalista,56.0,438,0
VILA ROSALI,F,SÃO JOÃO DE MERITI,BRASILEIRA,Casada,1967-01-13,RJ,FEMININO,Não,,Professor Ii,6837.95,Não,Mensalista,58.0,1048,1
VILA ROSALI,F,SÃO JOÃO DE MERITI,Brasileira,Casada,1967-01-13,RJ,FEMININO,Não,,Professora Ii,9169.98,Não,Mensalista,58.0,1074,1
CAMPO GRANDE,F,RIO DE JANEIRO,Brasileira,Separado judicialmente,1970-06-30,RJ,FEMININO,Não,,Agente De Documentação Medica,3819.2,Não,Mensalista,55.0,227,3
GUADALUPE,F,RIO DE JANEIRO,BRASILEIRA,Casada,1967-10-09,RJ,FEMININO,Não,,Professor Ii,14210.4,Não,Mensalista,58.0,1048,1
GUADALUPE,F,RIO DE JANEIRO,BRASILEIRA,Casada,1967-10-09,RJ,FEMININO,Não,,Professor Ii,14210.4,Não,Mensalista,58.0,1048,1
VARGEM GRANDE,F,RIO DE JANEIRO,Brasileira,Solteira,1967-01-09,RJ,FEMININO,Não,,Prof. Ii,4388.69,Não,Mensalista,58.0,968,2
CARAMUJO,F,NITEROI,Brasileira,Solteiro,1969-10-03,RJ,FEMININO,Não,,Pensionista,3403.72,Não,Mensalista,56.0,863,0
CAMPO GRANDE,F,RIO DE JANEIRO,BRASILEIRA,Solteira,1969-11-13,RJ,FEMININO,Não,,Professor Ii,3994.63,Não,Mensalista,56.0,1048,2
CAMPO GRANDE,F,RIO DE JANEIRO,BRASILEIRA,Solteira,1969-11-13,RJ,FEMININO,Não,,Professor Ii,3994.63,Não,Mensalista,56.0,1048,2
TOMAZINHO,F,SAO JOAO DE MERITI,Brasileira,Solteira,1972-03-20,RJ,FEMININO,Não,,Merendeira,1890.83,Não,Mensalista,53.0,812,0
OSWALDO CRUZ,F,RIO DE JANEIRO,BRASILEIRA,Divorciada,1968-12-18,RJ,FEMININO,Não,,Professor Ii / Diretor Iv,6602.08,Não,Mensalista,57.0,1053,1
SEPETIBA,F,RIO DE JANEIRO,BRASILEIRA,Separada judicialmente,1953-09-25,RJ,FEMININO,Não,,Art De Cozinha (Sms),2833.91,Não,Mensalista,72.0,311,3
BANGU,F,RIO DE JANEIRO,BRASILEIRA,SOLTEIRO,1962-01-02,RJ,MASCULINO,Não,,Ajudante De Eletricista,2963.02,Não,Mensalista,63.0,284,3
CAMPO GRANDE,F,RIO DE JANEIRO,Brasileira,Viúvo,1964-12-04,RJ,MASCULINO,Não,,Art. De Jardim E Arboricultura,2096.0,Não,Mensalista,61.0,360,3
PENHA CIRCULAR,F,RIO DE JANEIRO,BRASILEIRA,SOLTEIRO,1967-01-22,RJ,FEMININO,Não,,Aux. Creche,854.63,Não,Mensalista,58.0,517,0
CARAMUJO,F,RIO DE JANEIRO,Brasileira,Casado,1958-11-08,RJ,FEMININO,Não,,Aux. De Enfermagem,4231.84,Não,Mensalista,67.0,525,3
MAGALHÃES BASTOS,F,RIO DE JANEIRO,Brasileira,Divorciado,1950-12-24,RJ,FEMININO,Não,,Prof Ii,2552.7,Não,Mensalista,75.0,930,2
SANTA CRUZ,F,RIO DE JANEIRO,BRASILEIRA,Solteira,1967-10-11,RJ,FEMININO,Não,,Merendeira,1734.34,Não,Mensalista,58.0,812,0
PEDRA DE GUARATIBA,F,RIO DE JANEIRO,Brasileira,Solteira,1966-11-28,RJ,FEMININO,Não,,Merendeira,2012.73,Não,Mensalista,59.0,812,2
SENADOR CAMARA,F,RIO DE JANEIRO,Brasileira,Solteira,1965-01-10,RJ,FEMININO,Não,,Merendeira,2446.04,Não,Mensalista,60.0,812,2
SANTA CRUZ,F,RIO DE JANEIRO,BRASILEIRA,SOLTEIRO,1950-07-10,RJ,FEMININO,Não,,Professor,1541.84,Não,Mensalista,75.0,984,2
MARACANA,F,RIO DE JANEIRO,Brasileira,Solteiro,1955-11-16,RJ,FEMININO,Não,,Professor Ii/ Diretor,10804.94,Não,Mensalista,70.0,1060,1
VILA DA PENHA,F,RIO DE JANEIRO,Brasileira,Separado judicialmente,1957-04-11,RJ,FEMININO,Não,,Professor Ii/ Diretor Iv,5947.52,Não,Mensalista,68.0,1061,2
PADRE MIGUEL,F,RIO DE JANEIRO,BRASILEIRA,Casada,1980-09-14,RJ,FEMININO,Não,,Professor Ii,3915.26,Não,Mensalista,45.0,1048,0
LEOPOLDINA,F,RIO DE JANEIRO,BRASILEIRA,Casada,1980-09-14,RJ,FEMININO,Não,,Professor Ii,4215.36,Não,Mensalista,45.0,1048,0
CAMPO GRANDE,F,RIO DE JANEIRO,BRASILEIRA,Casada,1958-09-25,RJ,FEMININO,Não,,Servente,2047.2,Não,Mensalista,67.0,1116,2
SEPETIBA,F,RIO DE JANEIRO,BRASILEIRA,Viúva,1952-10-09,RJ,FEMININO,Não,,Professor Ii,8007.76,Não,Mensalista,73.0,1048,2
SEPETIBA,F,RIO DE JANEIRO,BRASILEIRA,Viúva,1952-10-09,RJ,FEMININO,Não,,Professor,3348.27,Não,Mensalista,73.0,984,2
PENHA,F,RIO DE JANEIRO,BRASILEIRA,Separado judicialmente,1952-04-10,RJ,FEMININO,Não,,Professor Ii,4089.84,Não,Mensalista,73.0,1048,2
PENHA,F,RIO DE JANEIRO,BRASILEIRA,Separada judicialmente,1952-04-10,RJ,FEMININO,Não,,Professor Ii,4089.84,Não,Mensalista,73.0,1048,2
ENCANTADO,F,RIO DE JANEIRO,Brasileira,Divorciada,1953-04-11,RJ,FEMININO,Não,,Professor Ii,6945.82,Não,Mensalista,72.0,1048,2
RIACHUELO,F,RIO DE JANEIRO,Brasileira,Não informado,1951-10-05,RJ,FEMININO,Não,,Prof Ii,2732.38,Não,Mensalista,74.0,930,2
SÃO CRISTOVÃO,F,RIO DE JANEIRO,BRASILEIRA,Solteira,1958-03-09,RJ,FEMININO,Não,,Ag De Administração,7949.19,Não,Mensalista,67.0,40,3
LEME,F,RIO DE JANEIRO,BRASILEIRA,Solteira,1965-11-30,RJ,FEMININO,Não,,Aux De Enfermagem 2º Grau,4326.69,Não,Mensalista,60.0,474,3
MEIER,F,RIO DE JANEIRO,Brasileira,Solteira,1960-08-23,RJ,FEMININO,Não,,Merendeira,2244.64,Não,Mensalista,65.0,812,2
GUADALUPE,F,RIO DE JANEIRO,Brasileira,Solteira,1951-09-15,RJ,FEMININO,Não,,Professor Ii,2897.55,Não,Mensalista,74.0,1048,2
MADUREIRA,F,RIO DE JANEIRO,BRASILEIRA,SOLTEIRO,1957-05-14,RJ,FEMININO,Não,,Professor,4966.02,Não,Mensalista,68.0,984,2
MADUREIRA,F,RIO DE JANEIRO,BRASILEIRA,SOLTEIRO,1957-05-14,RJ,FEMININO,Não,,Professor,4892.97,Não,Mensalista,68.0,984,2
CAMPINHO,F,RIO DE JANEIRO,Brasileira,Separado judicialmente,1952-03-25,RJ,FEMININO,Não,,Professora,4899.34,Não,Mensalista,73.0,1070,2
PIEDADE,F,RIO DE JANEIRO,BRASILEIRA,Casada,1960-02-29,RJ,FEMININO,Não,,Prof I - Ciencias,14447.16,Não,Mensalista,65.0,897,1
CACHAMBI,F,RIO DE JANEIRO,Brasileira,Casada,1954-03-24,RJ,FEMININO,Não,,Professor Ii,2946.2,Não,Mensalista,71.0,1048,2
HONORIO GURGEL,F,RIO DE JANEIRO,Brasileira,Divorciado,1945-08-27,RJ,FEMININO,Não,,Servente,1227.52,Não,Mensalista,80.0,1116,2
CASCADURA,F,RIO DE JANEIRO,BRASILEIRA,Solteira,1965-10-10,RJ,FEMININO,Não,,Professor Ii,4831.25,Não,Mensalista,60.0,1048,2
CASCADURA,F,RIO DE JANEIRO,BRASILEIRA,Solteira,1965-10-10,RJ,FEMININO,Não,,Professor Ii,5895.89,Não,Mensalista,60.0,1048,2
CAMPO LINDO,F,SEROPEDICA,BRASILEIRA,União Estável,1962-11-06,RJ,FEMININO,Não,,Professor Ii,1935.92,Não,Mensalista,63.0,1048,2
BANGU,F,RIO DE JANEIRO,BRASILEIRA,Solteira,1953-11-09,RJ,FEMININO,Não,,Aux De Enfermagem,6262.55,Não,Mensalista,72.0,459,3
IRAJA,F,RIO DE JANEIRO,Brasileira,Casada,1963-05-05,RJ,FEMININO,Não,,Merendeira,1014.8,Não,Mensalista,62.0,812,2
JACAREPAGUA,F,RIO DE JANEIRO,Brasileira,Não informado,1958-10-13,RJ,FEMININO,Não,,Pensionista,2220.76,Não,Mensalista,67.0,863,2
SENADOR VASCONCELOS,F,RIO DE JANEIRO,BRASILEIRA,Divorciada,1971-09-16,RJ,FEMININO,Não,,Professor Ii,11624.25,Não,Mensalista,54.0,1048,1
SENADOR VASCONCELOS,F,RIO DE JANEIRO,BRASILEIRA,Divorciada,1971-09-16,RJ,FEMININO,Não,,Professor Ii,11624.25,Não,Mensalista,54.0,1048,1
PRAÇA SECA,F,RIO DE JANEIRO,Brasileira,Viúva,1959-10-16,RJ,FEMININO,Não,,Datilografo,5018.09,Não,Mensalista,66.0,690,2
GRAMACHO,F,DUQUE DE CAXIAS,Brasileira,Solteira,1962-11-22,RJ,FEMININO,Não,,Ag. De Portaria (Sms) / Aux. D,2073.27,Não,Mensalista,63.0,134,3
GUADALUPE,F,RIO DE JANEIRO,Brasileira,Casada,1964-05-12,RJ,FEMININO,Não,,Aux De Enfermagem 2º Grau,3417.68,Não,Mensalista,61.0,474,3
VICENTE DE CARVALHO,F,RIO DE JANEIRO,Brasileira,Casado,1962-02-23,RJ,FEMININO,Não,,Datilografa,3654.22,Não,Mensalista,63.0,689,2
CORDOVIL,F,RIO DE JANEIRO,Brasileira,Separada judicialmente,1959-01-21,RJ,FEMININO,Não,,Agente De Adm.,1875.26,Não,Mensalista,66.0,211,3
INHAUMA,F,RIO DE JANEIRO,Brasileira,Casado,1947-06-17,RJ,FEMININO,Não,,Especialista De Educação,4728.38,Não,Mensalista,78.0,751,2
CARAMUJO,F,RIO DE JANEIRO,Brasileira,Divorciado,1952-09-26,RJ,FEMININO,Não,,Prof.I Ling. Portuguesa,4489.9,Não,Mensalista,73.0,976,2
TAQUARA,F,RIO DE JANEIRO,Brasileira,Separada judicialmente,1963-01-27,RJ,FEMININO,Não,,Merendeira,1224.22,Não,Mensalista,62.0,812,2
CIDADE DE DEUS,F,RIO DE JANEIRO,Brasileira,Divorciada,1959-04-09,RJ,FEMININO,Não,,Aux De Enfermagem,2950.0,Não,Mensalista,66.0,459,3
TIJUCA,F,RIO DE JANEIRO,BRASILEIRA,Casado,1956-01-03,RJ,MASCULINO,Não,,Aposentado,5423.81,Não,Mensalista,69.0,295,3
TIJUCA,F,RIO DE JANEIRO,BRASILEIRA,Casado,1956-01-03,RJ,MASCULINO,Não,,Prof I - Educaçao Fisica,9852.09,Não,Mensalista,69.0,901,1
MARECHAL HERMES,F,RIO DE JANEIRO,BRASILEIRA,Solteiro,1955-03-18,RJ,MASCULINO,Não,,Merendeira,1385.87,Não,Mensalista,70.0,812,2
CENTRO,F,RIO DE JANEIRO,BRASILEIRA,Solteiro,1974-02-26,RJ,FEMININO,Não,,Profissional De Nivel Medio (,11144.15,Não,Mensalista,51.0,1084,1
GLORIA,F,RIO DE JANEIRO,BRASILEIRA,Desquitado,1947-11-07,RJ,FEMININO,Não,,Aposentado,2344.78,Não,Mensalista,78.0,295,3
TAQUARA,F,RIO DE JANEIRO,Brasileira,Casado,1956-05-17,RJ,FEMININO,Não,,Ass. Admin.,4459.94,Não,Mensalista,69.0,398,3
ANDRADE ARAUJO,F,CURITIBA,Brasileira,Solteiro,1946-03-19,PR,FEMININO,Não,,Ag. De Administracao,3412.11,Não,Mensalista,79.0,107,3
TAQUARA,F,RIO DE JANEIRO,BRASILEIRA,Viúva,1963-04-25,RJ,FEMININO,Não,,Agente De Administração,2990.26,Não,Mensalista,62.0,216,3
VILA DA PENHA,F,RIO DE JANEIRO,BRASILEIRA,Casada,1960-07-01,RJ,FEMININO,Não,,Merendeira,2585.65,Não,Mensalista,65.0,812,2
SEPETIBA,F,RIO DE JANEIRO,Brasileira,Casado,1972-10-27,RJ,FEMININO,Não,,Professor,3551.62,Não,Mensalista,53.0,984,0
OSWALDO CRUZ,F,RIO DE JANEIRO,Brasileira,Solteira,1959-11-14,RJ,FEMININO,Não,,Auxiliar De Enfermagem,1488.37,Não,Mensalista,66.0,608,3
ANA CLARA,F,RIO DE JANEIRO,Brasileira,Solteira,1955-04-21,RJ,FEMININO,Não,,Merendeira,1365.9,Não,Mensalista,70.0,812,2
PENHA,F,RIO DE JANEIRO,BRASILEIRA,Casada,1970-03-01,RJ,FEMININO,Não,,Auxiliar De Enfermagem,4267.71,Não,Mensalista,55.0,608,0
ENGENHO PEQUENO,F,NOVA IGUAÇU,BRASILEIRA,Divorciado,1967-12-11,RJ,FEMININO,Não,Risco PLD/FT Baixo,Coordenador,6030.0,Não,Mensalista,58.0,676,0
PADRE MIGUEL,F,RIO DE JANEIRO,Brasileira,Casada,1959-08-27,RJ,FEMININO,Não,,Servente,954.0,Não,Mensalista,66.0,1116,2
TURIAÇU,F,RIO DE JANEIRO,Brasileira,Solteiro,1962-11-07,RJ,FEMININO,Não,,Tec. De Procuradoria,3248.0,Não,Mensalista,63.0,1156,2
JACAREPAGUA,F,RIO DE JANEIRO,Brasileira,Não informado,1955-04-05,RJ,FEMININO,Não,,Telefonista,2485.68,Não,Mensalista,70.0,1197,2
VILA LEOPOLDINA,F,DUQUE DE CAXIAS,BRASILEIRA,Casado,1968-07-26,RJ,FEMININO,Não,Risco PLD/FT Baixo,Agente De Educação Infantil,4208.36,Não,Mensalista,57.0,237,3
SANTISSIMO,F,RIO DE JANEIRO,Brasileira,Solteira,1956-11-21,RJ,FEMININO,Não,,Aposentada,1311.09,Não,Mensalista,69.0,294,3
SANTA CRUZ,F,RIO DE JANEIRO,Brasileira,Casada,1952-03-02,RJ,FEMININO,Não,,Trabalhador,2329.62,Não,Mensalista,73.0,1202,2
SENADOR CAMARA,F,RIO DE JANEIRO,Brasileira,Solteira,1950-09-02,RJ,FEMININO,Não,,Aux. De Enfermagem 2º Grau,5030.8,Não,Mensalista,75.0,539,3
CHATUBA,F,MESQUITA,Brasileira,Casada,1955-07-27,RJ,FEMININO,Não,,Aux De Enfermagem 2º Grau,3680.98,Não,Mensalista,70.0,474,3
BANGU,F,RIO DE JANEIRO,BRASILEIRA,Solteira,1963-04-02,RJ,FEMININO,Não,,Auxiliar De Enfermagem 2º Grau,5660.24,Não,Mensalista,62.0,620,3
COSMOS,F,RIO DE JANEIRO,Brasileira,Casado,1958-10-16,RJ,FEMININO,Não,,Aux Enfermagem 2 ° Grau,5162.68,Não,Mensalista,67.0,507,3
MADUREIRA,F,RIO DE JANEIRO,Brasileira,Separado judicialmente,1955-04-30,RJ,FEMININO,Não,,Professora,3354.54,Não,Mensalista,70.0,1070,2
TAQUARA,F,RIO DE JANEIRO,BRASILEIRA,Divorciada,1962-02-24,RJ,FEMININO,Não,,Agente De Educação Infantil,1580.58,Não,Mensalista,63.0,237,3
REALENGO,F,RIO DE JANEIRO,Brasileira,Divorciada,1956-10-05,RJ,FEMININO,Não,,Servente,2386.2,Não,Mensalista,69.0,1116,2
JARDIM BELA VISTA,F,RIO DAS OSTRAS,Brasileira,Divorciada,1964-12-25,RJ,FEMININO,Não,,Aposentada,11956.51,Não,Mensalista,61.0,294,1
TODOS OS SANTOS,F,RIO DE JANEIRO,Brasileira,Divorciado,1940-07-04,RJ,FEMININO,Não,,Aposentado,6179.02,Não,Mensalista,85.0,295,3
OLARIA,F,RIO DE JANEIRO,BRASILEIRA,Casada,1969-12-23,RJ,FEMININO,Não,,Ag Auxiliar De Creche,2736.31,Não,Mensalista,56.0,31,3
BANGU,F,RIO DE JANEIRO,Brasileira,Solteiro,1963-10-16,RJ,FEMININO,Não,,Aux De Enfermagem,4369.12,Não,Mensalista,62.0,459,3
MARECHAL HERMES,F,RIO DE JANEIRO,Brasileira,Casada,1956-04-02,RJ,FEMININO,Não,,Merendeira,1213.06,Não,Mensalista,69.0,812,2
VILA ISABEL,F,RIO DE JANEIRO,Brasileira,Divorciada,1947-07-12,RJ,FEMININO,Não,,Agente De Administracao,3416.44,Não,Mensalista,78.0,213,3
BANGU,F,RIO DE JANEIRO,BRASILEIRA,Casado,1945-07-07,RJ,FEMININO,Não,,Professor Ii,7466.12,Não,Mensalista,80.0,1048,2
PARQUE MATINHO,F,BELFORD ROXO,Brasileira,Solteira,1960-07-28,RJ,FEMININO,Não,,Aux De Enfermagem 2º Grau,5891.73,Não,Mensalista,65.0,474,3
CENTRO,F,RIO DE JANEIRO,BRASILEIRA,Viúva,1946-09-29,RJ,FEMININO,Não,,Aposentada,0.0,Não,Mensalista,79.0,294,3
PRAÇA SECA,F,RIO DE JANEIRO,Brasileira,Casado,1953-04-13,RJ,FEMININO,Não,,Professor,5577.03,Não,Mensalista,72.0,984,2
PRAÇA SECA,F,RIO DE JANEIRO,BRASILEIRA,Casado,1953-04-13,RJ,FEMININO,Não,,Professor,2038.05,Não,Mensalista,72.0,984,2
TIJUCA,F,RIO DE JANEIRO,BRASILEIRA,Separada judicialmente,1960-06-10,RJ,FEMININO,Não,,Professor Ii,6604.11,Não,Mensalista,65.0,1048,2
TIJUCA,F,RIO DE JANEIRO,Brasileira,Separada judicialmente,1960-06-10,RJ,FEMININO,Não,,Professor Ii,11673.47,Não,Mensalista,65.0,1048,1
PADRE MIGUEL,F,RIO DE JANEIRO,BRASILEIRA,Solteira,1954-08-25,RJ,FEMININO,Não,,Merendeira,2153.37,Não,Mensalista,71.0,812,2
REALENGO,F,RIO DE JANEIRO,Brasileira,Casada,1946-05-14,RJ,FEMININO,Não,,Aux De Enfermagem 2º Grau,3083.47,Não,Mensalista,79.0,474,3
ANCHIETA,F,RIO DE JANEIRO,Brasileira,Solteira,1952-06-07,RJ,FEMININO,Não,,Servente (Sms),2848.4,Não,Mensalista,73.0,1118,2
SENADOR CAMARA,F,RIO DE JANEIRO,Brasileira,Casado,1953-01-24,RJ,FEMININO,Não,,Aux. De Enfermagem,156.38,Não,Mensalista,72.0,525,3
CAMPO GRANDE,F,RIO DE JANEIRO,BRASILEIRA,Casada,1954-04-26,RJ,FEMININO,Não,,Merendeira,1053.23,Não,Mensalista,71.0,812,2
PECHINCHA,F,RIO DE JANEIRO,Brasileira,Viúvo,1949-03-26,RJ,FEMININO,Não,,Professor Ii,9409.21,Não,Mensalista,76.0,1048,1
PECHINCHA,F,RIO DE JANEIRO,BRASILEIRA,Viúva,1949-03-26,RJ,FEMININO,Não,,Sanitarista,7534.54,Não,Mensalista,76.0,1103,2
PAVUNA,F,RIO DE JANEIRO,Brasileira,Solteiro,1957-10-22,RJ,FEMININO,Não,,Ag. Comunitario Nivel,2058.26,Não,Mensalista,68.0,96,3
BARRETO,F,NITEROI,Brasileira,Não informado,1946-06-19,RJ,MASCULINO,Não,,Datilografo,2143.24,Não,Mensalista,79.0,690,2
COELHO NETO,F,RIO DE JANEIRO,Brasileira,Divorciado,1948-11-04,RJ,FEMININO,Não,,Prof Ii,2439.54,Não,Mensalista,77.0,930,2
TAQUARA,F,RIO DE JANEIRO,Brasileira,Divorciada,1947-05-30,RJ,FEMININO,Não,,Professor Ii,11426.37,Não,Mensalista,78.0,1048,1
TIJUCA,F,RIO DE JANEIRO,BRASILEIRA,Casada,1957-03-30,RJ,FEMININO,Não,,Professor Ii,4226.53,Não,Mensalista,68.0,1048,2
SANTA CRUZ,F,RIO DE JANEIRO,BRASILEIRA,Casada,1950-08-13,RJ,FEMININO,Não,,Professor Ii,10965.03,Não,Mensalista,75.0,1048,1
OLARIA,F,RIO DE JANEIRO,BRASILEIRA,Casado,1949-10-16,RJ,FEMININO,Não,,Professor,5158.76,Não,Mensalista,76.0,984,2
OLARIA,F,RIO DE JANEIRO,BRASILEIRA,Casado,1949-10-16,RJ,FEMININO,Não,,Professor,5158.76,Não,Mensalista,76.0,984,2
ANDARAI,F,RIO DE JANEIRO,BRASILEIRA,SOLTEIRO,1959-08-16,RJ,FEMININO,Não,,Agente De Administraçao,3184.96,Não,Mensalista,66.0,215,3
BENTO RIBEIRO,F,RIO DE JANEIRO,BRASILEIRA,Casada,1959-06-28,RJ,FEMININO,Não,,Merendeira,1045.9,Não,Mensalista,66.0,812,2
BANGU,F,RIO DE JANEIRO,Brasileira,Casado,1960-06-29,RJ,FEMININO,Não,,Professor,6639.74,Não,Mensalista,65.0,984,2
VILA GENI,F,ITAGUAI,Brasileira,Casada,1952-06-15,RJ,FEMININO,Não,,Art. De Cozinha (Sms),1628.51,Não,Mensalista,73.0,351,3
TURIAÇU,F,RIO DE JANEIRO,Brasileira,Separada judicialmente,1961-12-16,RJ,FEMININO,Não,,Ag De Administração,4376.81,Não,Mensalista,64.0,40,3
CAMPO GRANDE,F,RIO DE JANEIRO,BRASILEIRA,Casada,1958-07-15,RJ,FEMININO,Não,,Professor Ii,3293.67,Não,Mensalista,67.0,1048,2
TODOS OS SANTOS,F,RIO DE JANEIRO,Brasileira,Solteira,1960-10-27,RJ,FEMININO,Não,,Prof,5400.84,Não,Mensalista,65.0,874,2
IRAJA,F,RIO DE JANEIRO,Brasileira,Solteira,1960-11-09,RJ,FEMININO,Não,,Merendeira,1257.1,Não,Mensalista,65.0,812,2
CAMPO GRANDE,F,RIO DE JANEIRO,Brasileira,Solteiro,1962-02-15,RJ,FEMININO,Não,,Professor,4178.92,Não,Mensalista,63.0,984,2
ENGENHO NOVO,F,RIO DE JANEIRO,BRASILEIRA,Solteira,1953-02-25,RJ,FEMININO,Não,,Copeiro,3929.01,Não,Mensalista,72.0,678,2
ANIL,F,RIO DE JANEIRO,BRASILEIRA,Divorciada,1970-07-14,RJ,FEMININO,Não,,Prof Ii,3592.18,Não,Mensalista,55.0,930,0
ENGENHO NOVO,F,RIO DE JANEIRO,Brasileira,Casado,1958-10-24,RJ,FEMININO,Não,,Professor Ii,4846.8,Não,Mensalista,67.0,1048,2
PRAÇA SECA,F,RIO DE JANEIRO,Brasileira,Solteira,1956-11-30,RJ,FEMININO,Não,,Aux De Enfermagem 2º Grau,6057.24,Não,Mensalista,69.0,474,3
SENADOR VASCONCELOS,F,RIO DE JANEIRO,Brasileira,Viúvo,1954-09-26,RJ,FEMININO,Não,,Agente Comunitario,2576.04,Não,Mensalista,71.0,198,3
CAMPO GRANDE,F,RIO DE JANEIRO,Brasileira,Viúva,1955-10-07,RJ,FEMININO,Não,,Copeiro (Sms),912.63,Não,Mensalista,70.0,681,2
VAZ LOBO,F,RIO DE JANEIRO,Brasileira,Divorciada,1964-02-26,RJ,FEMININO,Não,,Aux De Enfermagem 2º Grau,6818.2,Não,Mensalista,61.0,474,3
FLAMENGO,F,RIO DE JANEIRO,Brasileira,Casado,1955-11-06,RJ,FEMININO,Não,,Prof Ii,3890.9,Não,Mensalista,70.0,930,2
CAMPO GRANDE,F,RIO DE JANEIRO,BRASILEIRA,Solteira,1965-04-30,RJ,FEMININO,Não,,Tecnico De Enfermagem,4219.8,Não,Mensalista,60.0,1172,2
CASCADURA,F,RIO DE JANEIRO,BRASILEIRA,Solteira,1970-06-15,RJ,FEMININO,Não,,Professor Ii,5247.56,Não,Mensalista,55.0,1048,0
PENHA CIRCULAR,F,RIO DE JANEIRO,Brasileira,Solteiro,1951-01-05,RJ,FEMININO,Não,,Datilografo,3464.23,Não,Mensalista,74.0,690,2
QUINTINO BOCAIUVA,F,RIO DE JANEIRO,Brasileira,Solteira,1956-02-14,RJ,FEMININO,Não,,Ag De Administração,4431.53,Não,Mensalista,69.0,40,3
LEOPOLDINA,F,RIO DE JANEIRO,BRASILEIRA,Solteira,1946-04-04,RJ,FEMININO,Não,,Inspetor De Alunos,2135.38,Não,Mensalista,79.0,789,2
MEIER,F,RIO DE JANEIRO,Brasileira,Solteiro,1950-07-29,RJ,FEMININO,Não,,Prof Ii,6093.1,Não,Mensalista,75.0,930,2
SERRA GRANDE,F,NITEROI,BRASILEIRA,Separada judicialmente,1965-06-06,RJ,FEMININO,Não,,Prof I,2743.6,Não,Mensalista,60.0,895,2
GUARATIBA,F,RIO DE JANEIRO,BRASILEIRA,Divorciada,1963-10-08,RJ,FEMININO,Não,,Aposentada,3698.7,Não,Mensalista,62.0,294,3
INHAUMA,F,RIO DE JANEIRO,Brasileira,Solteiro,1942-01-30,RJ,FEMININO,Não,,Aposentada,4549.84,Não,Mensalista,83.0,294,3
PRAÇA BANDEIRA,F,ARARUAMA,BRASILEIRA,Solteiro,1954-04-05,RJ,FEMININO,Não,Risco PLD/FT Baixo,Professor Ii,5347.21,Não,Mensalista,71.0,1048,2
BANGU,F,RIO DE JANEIRO,Brasileira,Viúva,1965-03-10,RJ,FEMININO,Não,,Ag Comunitario Nivel Ii (Qs),4201.29,Não,Mensalista,60.0,36,3
PATRONATO,F,SAO GONCALO,Brasileira,Solteira,1945-05-10,RJ,FEMININO,Não,,Professora,11711.52,Não,Mensalista,80.0,1070,1
CAJU,F,RIO DE JANEIRO,BRASILEIRA,Casada,1975-11-14,RJ,FEMININO,Não,,Ag. De Educação Infantil,3394.44,Não,Mensalista,50.0,129,0
CAMPO GRANDE,F,RIO DE JANEIRO,BRASILEIRA,Divorciada,1967-06-26,RJ,FEMININO,Não,,Servente,2966.97,Não,Mensalista,58.0,1116,2
IRAJA,F,RIO DE JANEIRO,BRASILEIRA,Casada,1960-12-15,RJ,FEMININO,Não,,Professor Ii,8222.18,Não,Mensalista,65.0,1048,1
CAMPO GRANDE,F,RIO DE JANEIRO,Brasileira,Casado,1965-02-07,RJ,MASCULINO,Não,,Professor,7250.12,Não,Mensalista,60.0,984,1
CAMPO GRANDE,F,RIO DE JANEIRO,BRASILEIRA,Casado,1965-02-07,RJ,MASCULINO,Não,,Prof I,3251.08,Não,Mensalista,60.0,895,2
BARROS FILHOS,F,RIO DE JANEIRO,BRASILEIRA,Casado,1963-02-14,RJ,MASCULINO,Não,,Agente De Portaria,1496.57,Não,Mensalista,62.0,243,3
SANTA CRUZ,F,RIO DE JANEIRO,Brasileira,Solteiro,1938-07-27,RJ,FEMININO,Não,,Merendeira,1350.36,Não,Mensalista,87.0,812,2
TAQUARA,F,RIO DE JANEIRO,BRASILEIRA,Solteiro,1986-08-04,RJ,FEMININO,Não,Risco PLD/FT Baixo,Professor De Ensino Fundamenta,8422.12,Não,,39.0,1001,1
INHAUMA,F,RIO DE JANEIRO,Brasileira,Casada,1946-12-22,RJ,FEMININO,Não,,Aux De Enfermagem,1294.28,Não,Mensalista,79.0,459,3
JARDIM BARRO BRANCO,F,DUQUE DE CAXIAS,BRASILEIRA,Casada,1988-05-14,RJ,FEMININO,Não,,Professor De Educação Infantil,8196.33,Não,Mensalista,37.0,998,1
JARDIM BARRO BRANCO,F,DUQUE DE CAXIAS,BRASILEIRA,Casada,1988-05-14,RJ,FEMININO,Não,,Professor De Educação Infantil,8196.33,Não,Mensalista,37.0,998,1
BANGU,F,RIO DE JANEIRO,BRASILEIRA,Casada,1963-04-30,RJ,FEMININO,Não,,Merendeira,1053.7,Não,Mensalista,62.0,812,2
PILARES,F,RIO DE JANEIRO,BRASILEIRA,Casada,1951-03-23,RJ,FEMININO,Não,,Aux. De Enfermagem - 2 Grau,3989.03,Não,Mensalista,74.0,529,3
DEODORO,F,RIO DE JANEIRO,BRASILEIRA,Divorciada,1966-09-23,RJ,FEMININO,Não,,Roupeiro (Sms),2221.19,Não,Mensalista,59.0,1101,2
PENHA CIRCULAR,F,RIO DE JANEIRO,BRASILEIRA,Divorciada,1957-12-21,RJ,FEMININO,Não,,Professor Ii / Diretor Adj,5772.89,Não,Mensalista,68.0,1052,2
SÃO CRISTOVÃO,F,RIO DE JANEIRO,BRASILEIRA,Viúva,1959-04-04,RJ,FEMININO,Não,,Agente De Educação Infantil,3388.35,Não,Mensalista,66.0,237,3
CAMPO GRANDE,F,RIO DE JANEIRO,Brasileira,Solteira,1952-02-19,RJ,FEMININO,Não,,Merendeira,1747.18,Não,Mensalista,73.0,812,2
SEPETIBA,F,RIO DE JANEIRO,Brasileira,Viúva,1964-08-20,RJ,FEMININO,Não,,Copeira,2685.02,Não,Mensalista,61.0,677,0
INHOAIBA,F,RIO DE JANEIRO,Brasileira,Casado,1959-11-17,RJ,FEMININO,Não,,Aposentada,1846.95,Não,Mensalista,66.0,294,3
SENADOR CAMARA,F,RIO DE JANEIRO,BRASILEIRA,Divorciado,1952-08-13,RJ,FEMININO,Não,,Aux De Enfermagem,2243.86,Não,Mensalista,73.0,459,3
REALENGO,F,RIO DE JANEIRO,Brasileira,Solteira,1965-03-02,RJ,FEMININO,Não,,Professor Ii,17029.86,Não,Mensalista,60.0,1048,1
REALENGO,F,RIO DE JANEIRO,BRASILEIRA,Solteira,1965-03-02,RJ,FEMININO,Não,,Professor Ii,17029.86,Não,Mensalista,60.0,1048,1
RIO COMPRIDO,F,RIO DE JANEIRO,Brasileira,Solteiro,1959-12-09,RJ,FEMININO,Não,,Datilografo,1322.83,Não,Mensalista,66.0,690,2
FONSECA,F,NITEROI,Brasileira,Divorciada,1952-11-01,RJ,FEMININO,Não,,Prof. Ii,12016.17,Não,Mensalista,73.0,968,1
JACUTINGA,F,MESQUITA,BRASILEIRA,Viúva,1957-02-12,RJ,FEMININO,Não,,Merendeira,1906.8,Não,Mensalista,68.0,812,2
SANTA CRUZ,F,RIO DE JANEIRO,Brasileira,Viúvo,1954-02-06,RJ,FEMININO,Não,,Merendeira,1706.96,Não,Mensalista,71.0,812,2
VILA URUSSAI,F,DUQUE DE CAXIAS,BRASILEIRA,Viúva,1953-02-24,RJ,FEMININO,Não,,Servente,1582.19,Não,Mensalista,72.0,1116,2
GUARATIBA,F,RIO DE JANEIRO,Brasileira,Solteira,1953-05-24,RJ,FEMININO,Não,,Merendeira,1739.28,Não,Mensalista,72.0,812,2
REALENGO,F,RIO DE JANEIRO,BRASILEIRA,Solteira,1965-03-14,RJ,FEMININO,Não,,Professor Ii,2273.7,Não,Mensalista,60.0,1048,2
RAMOS,F,RIO DE JANEIRO,BRASILEIRA,Divorciada,1950-01-28,RJ,FEMININO,Não,,Professor Ii,2564.49,Não,Mensalista,75.0,1048,2
RAMOS,F,RIO DE JANEIRO,BRASILEIRA,Divorciada,1950-01-28,RJ,FEMININO,Não,,Professor Ii,4561.83,Não,Mensalista,75.0,1048,2
BRAZ DE PINA,F,RIO DE JANEIRO,Brasileira,Casado,1949-07-18,RJ,FEMININO,Não,,Ag Adm,2614.96,Não,Mensalista,76.0,18,3
REALENGO,F,RIO DE JANEIRO,Brasileira,Viúva,1948-05-23,RJ,FEMININO,Não,,Professor Ii,3805.75,Não,Mensalista,77.0,1048,2
ENGENHO DE DENTRO,F,RIO DE JANEIRO,Brasileira,Viúva,1950-03-31,RJ,FEMININO,Não,,Datilografo,2622.09,Não,Mensalista,75.0,690,2
RAMOS,F,RIO DE JANEIRO,Brasileira,Solteira,1948-10-06,RJ,FEMININO,Não,,Copeiro,1208.43,Não,Mensalista,77.0,678,2
PORTO DA ALDEIA,F,SAO PEDRO DA ALDEIA,Brasileira,Casada,1966-12-30,RJ,FEMININO,Não,,Aux De Enfermagem 2º Grau,2407.07,Não,Mensalista,59.0,474,3
TOMAZINHO,F,SÃO JOÃO DE MERITI,Brasileira,Solteiro,1956-08-01,RJ,MASCULINO,Não,,Trabalhador,2540.16,Não,Mensalista,69.0,1202,2
IRAJA,F,RIO DE JANEIRO,Brasileira,Solteiro,1958-06-21,RJ,FEMININO,Não,,Professor,7448.36,Não,Mensalista,67.0,984,1
PENHA CIRCULAR,F,RIO DE JANEIRO,Brasileira,Divorciada,1967-04-18,RJ,FEMININO,Não,,Aux De Enfermagem 2º Grau,4136.16,Não,Mensalista,58.0,474,3
OLINDA,F,NILOPOLIS,Brasileira,Solteira,1954-12-11,RJ,FEMININO,Não,,Servente,2182.97,Não,Mensalista,71.0,1116,2
CAVALCANTE,F,RIO DE JANEIRO,Brasileira,Solteiro,1942-08-07,RJ,FEMININO,Não,,Aux. De Enfermagem 2º Grau,2504.96,Não,Mensalista,83.0,539,3
HIGIENOPOLIS,F,RIO DE JANEIRO,BRASILEIRA,Solteira,1955-02-13,RJ,FEMININO,Não,,Aux De Enfermagem,5087.03,Não,Mensalista,70.0,459,3
CAMPO GRANDE,F,RIO DE JANEIRO,Brasileira,Solteira,1969-12-23,RJ,FEMININO,Não,,Auxiliar De Enfermagem,5432.13,Não,Mensalista,56.0,608,0
CAMPO GRANDE,F,RIO DE JANEIRO,BRASILEIRA,Solteira,1969-12-23,RJ,FEMININO,Não,,Tecnico De Enfermagem,5454.13,Não,Mensalista,56.0,1172,2
JARDIM GRAMACHO,F,DUQUE DE CAXIAS,BRASILEIRA,Casada,1974-01-10,RJ,FEMININO,Não,,Ag De Educação Infantil,2499.12,Não,Mensalista,51.0,55,3
PACIENCIA,F,RIO DE JANEIRO,BRASILEIRA,Casado,1956-11-26,RJ,FEMININO,Não,,Auxiliar De Enfermagem,3489.35,Não,Mensalista,69.0,608,3
ANA CLARA,F,RIO DE JANEIRO,Brasileira,Não informado,1947-09-05,RJ,FEMININO,Não,,Merendeira,1443.56,Não,Mensalista,78.0,812,2
CAMPO GRANDE,F,RIO DE JANEIRO,Brasileira,Casado,1947-10-13,RJ,FEMININO,Não,,Merendeira,950.0,Não,Mensalista,78.0,812,2
BANGU,F,RIO DE JANEIRO,Brasileira,Viúva,1958-03-10,RJ,FEMININO,Não,,Merendeira,1305.96,Não,Mensalista,67.0,812,2
PIEDADE,F,RIO DE JANEIRO,BRASILEIRA,Solteira,1965-05-09,RJ,FEMININO,Não,,Professor Ii,6369.44,Não,Mensalista,60.0,1048,1
COLUBANDE,F,SÃO GONÇALO,Brasileira,Divorciada,1963-08-28,RJ,FEMININO,Não,,Aux De Enfermagem 2º Grau,4557.79,Não,Mensalista,62.0,474,3
GARDENIA AZUL,F,RIO DE JANEIRO,Brasileira,Casada,1978-04-13,RJ,FEMININO,Não,,Ag Administração,6863.0,Não,Mensalista,47.0,21,0
CAMPO GRANDE,F,RIO DE JANEIRO,BRASILEIRA,Solteira,1967-12-29,RJ,FEMININO,Não,,Merendeira,2348.04,Não,Mensalista,58.0,812,0
REALENGO,F,RIO DE JANEIRO,Brasileira,Casada,1981-06-17,RJ,FEMININO,Não,,Professor,1927.82,Não,Mensalista,44.0,984,0
JARDIM MERITI,F,SÃO JOÃO DE MERITI,BRASILEIRA,Casada,1977-11-28,RJ,FEMININO,Não,,Professor Ii,7881.08,Não,Mensalista,48.0,1048,1
JACAREPAGUA,F,RIO DE JANEIRO,BRASILEIRA,Casada,1954-03-10,RJ,FEMININO,Não,,Aux De Enfermagem 2º Grau,3307.43,Não,Mensalista,71.0,474,3
MONERÓ,F,RIO DE JANEIRO,Brasileira,Casada,1966-05-10,RJ,FEMININO,Não,,Aux De Enfermagem 2º Grau,2655.81,Não,Mensalista,59.0,474,3
PENHA,F,RIO DE JANEIRO,Brasileira,Divorciada,1968-01-26,RJ,FEMININO,Não,,Professor Ii,2727.22,Não,Mensalista,57.0,1048,2
CAMPO GRANDE,F,RIO DE JANEIRO,BRASILEIRA,Solteira,1972-05-20,RJ,FEMININO,Não,,Agente De Ed. Infantil,3292.84,Não,Mensalista,53.0,230,0
OLARIA,F,RIO DE JANEIRO,Brasileira,Separada judicialmente,1952-05-23,RJ,FEMININO,Não,,Professora Ii,1630.2,Não,Mensalista,73.0,1074,2
CAMPO GRANDE,F,RIO DE JANEIRO,BRASILEIRA,Casada,1978-07-24,RJ,FEMININO,Não,,Professor Ii,9634.2,Não,Mensalista,47.0,1048,1
TAQUARA,F,RIO DE JANEIRO,Brasileira,Divorciada,1974-08-01,RJ,FEMININO,Não,,Professor Ii,14142.5,Não,Mensalista,51.0,1048,1
TAQUARA,F,RIO DE JANEIRO,BRASILEIRA,Divorciada,1974-08-01,RJ,FEMININO,Não,,Prof. De Ensino Fundamental,14142.5,Não,Mensalista,51.0,953,1
TAGUARA,F,RIO DE JANEIRO,Brasileira,Divorciado,1954-12-02,RJ,FEMININO,Não,,Auxiliar De Enfermagem,2988.72,Não,Mensalista,71.0,608,3
LINS DE VASCONCELOS,F,RIO DE JANEIRO,BRASILEIRA,Divorciada,1968-01-27,RJ,FEMININO,Não,,Ag. De Educação Infantil,4105.97,Não,Mensalista,57.0,129,3
PRAIA GRANDE,F,MANGARATIBA,BRASILEIRA,Viúva,1967-10-25,RJ,FEMININO,Não,,Agente Comunitário Nivel Ii,5715.5,Não,Mensalista,58.0,208,3
REALENGO,F,RIO DE JANEIRO,BRASILEIRA,Divorciado,1967-01-12,RJ,FEMININO,Não,,Professor Ii,7247.48,Não,Mensalista,58.0,1048,1
LINS DE VASCONCELOS,F,RIO DE JANEIRO,BRASILEIRA,Solteira,1969-11-08,RJ,FEMININO,Não,,Ag De Educação Infantil,4430.88,Não,Mensalista,56.0,55,3
REALENGO,F,RIO DE JANEIRO,Brasileira,União Estável,1969-08-31,RJ,FEMININO,Não,,Merendeira,835.74,Não,Mensalista,56.0,812,0
ENGENHO DE DENTRO,F,RIO DE JANEIRO,Brasileira,Solteira,1963-10-17,RJ,FEMININO,Não,,Aposentada,5861.84,Não,Mensalista,62.0,294,3
LEOPOLDINA,F,RIO DE JANEIRO,Brasileira,Casado,1959-06-23,RJ,FEMININO,Não,,Merendeira,1022.2,Não,Mensalista,66.0,812,2
PENHA CIRCULAR,F,RIO DE JANEIRO,BRASILEIRA,Casada,1966-06-06,RJ,FEMININO,Não,,Tecnico De Enfermagem,3961.89,Não,Mensalista,59.0,1172,2
MARIA PAULA,F,SÃO GONÇALO,BRASILEIRA,Casada,1957-02-09,RJ,FEMININO,Não,,Datilografo,7218.53,Não,Mensalista,68.0,690,1
ESTÁCIO,F,RIO DE JANEIRO,Brasileira,Solteira,1955-06-08,RJ,FEMININO,Não,,Tecnico Nivel Medio,5159.12,Não,Mensalista,70.0,1191,2
GUARATIBA,F,RIO DE JANEIRO,Brasileira,Casado,1952-11-16,RJ,MASCULINO,Não,,Motorista,4471.22,Não,Mensalista,73.0,827,2
ENGENHO DE DENTRO,F,RIO DE JANEIRO,BRASILEIRA,Viúvo,1950-11-09,RJ,MASCULINO,Não,,Servente(Sms),2548.38,Não,Mensalista,75.0,1121,2
TAQUARA,F,RIO DE JANEIRO,BRASILEIRA,Separada judicialmente,1970-10-15,RJ,FEMININO,Não,,Professor Ii,8319.28,Não,Mensalista,55.0,1048,1
TAQUARA,F,RIO DE JANEIRO,BRASILEIRA,Separada judicialmente,1970-10-15,RJ,FEMININO,Não,,Professor Ii,8319.28,Não,Mensalista,55.0,1048,1
BANGU,F,RIO DE JANEIRO,BRASILEIRA,Casada,1965-10-31,RJ,FEMININO,Não,,Agente De Educação Infantil,2363.56,Não,Mensalista,60.0,237,3
SANTISSIMO,F,RIO DE JANEIRO,BRASILEIRA,Solteira,1983-04-12,RJ,FEMININO,Não,,Professor Ii,7816.04,Não,Mensalista,42.0,1048,1
TAQUARA,F,RIO DE JANEIRO,BRASILEIRA,Solteira,1987-06-03,RJ,FEMININO,Não,,Secretaria Escolar,4872.04,Não,Mensalista,38.0,1109,0
CAMPO GRANDE,F,RIO DE JANEIRO,BRASILEIRA,Casada,1986-10-05,RJ,FEMININO,Não,,Professor De Educação Infantil,7193.04,Não,Mensalista,39.0,998,0
VILA ISABEL,F,RIO DE JANEIRO,BRASILEIRA,Solteira,1981-04-22,RJ,FEMININO,Não,,Agente De Educação Infantil,3645.86,Não,Mensalista,44.0,237,0
QUINTINO BOCAIUVA,F,RIO DE JANEIRO,BRASILEIRA,Solteiro,1990-08-17,RJ,FEMININO,Não,Risco PLD/FT Baixo,Cabo Bm,7334.13,Não,Mensalista,35.0,654,0
PRAÇA SECA,F,RIO DE JANEIRO,BRASILEIRA,Casada,1988-07-09,RJ,FEMININO,Não,Risco PLD/FT Baixo,Professor Ii,4493.64,Não,Mensalista,37.0,1048,0
VILA ISABEL,F,RIO DE JANEIRO,Brasileira,Casado,1960-07-20,RJ,FEMININO,Não,,Prof. Ii Lic. Plena,9147.24,Não,Mensalista,65.0,970,1
CARAMUJO,F,RIO DE JANEIRO,Brasileira,Solteiro,1957-06-21,RJ,FEMININO,Não,,Digitador,3097.06,Não,Mensalista,68.0,704,2
SANTA CRUZ,F,RIO DE JANEIRO,Brasileira,Solteira,1962-01-03,RJ,FEMININO,Não,,Copeiro,2751.62,Não,Mensalista,63.0,678,2
REALENGO,F,RIO DE JANEIRO,BRASILEIRA,Solteira,1961-01-21,RJ,FEMININO,Não,,Merendeira,2016.66,Não,Mensalista,64.0,812,2
TIJUCA,F,RIO DE JANEIRO,Brasileira,Divorciado,1948-11-30,RJ,FEMININO,Não,,Odontologica,4360.0,Não,Mensalista,77.0,837,2
ANCHIETA,F,RIO DE JANEIRO,Brasileira,Casado,1966-10-22,RJ,FEMININO,Não,,Enfermeiro,5881.94,Não,Mensalista,59.0,724,0
VENDA VELHA,F,SAO JOAO DE MERITI,Brasileira,Casada,1957-05-11,RJ,FEMININO,Não,,Aux. De Enfermagem - 2º Grau,2383.08,Não,Mensalista,68.0,532,3
OLARIA,F,RIO DE JANEIRO,Brasileira,Viúvo,1950-06-08,RJ,FEMININO,Não,,Professora,4582.82,Não,Mensalista,75.0,1070,2
VILA VALQUEIRE,F,RIO DE JANEIRO,Brasileira,Divorciada,1958-04-06,RJ,FEMININO,Não,,Aux De Enfermagem 2º Grau,3290.52,Não,Mensalista,67.0,474,3
SANTA CRUZ,F,RIO DE JANEIRO,Brasileira,Solteira,1968-09-22,RJ,FEMININO,Não,,Merendeira,1327.16,Não,Mensalista,57.0,812,0
ANDARAI,F,RIO DE JANEIRO,BRASILEIRA,SOLTEIRO,1964-07-31,RJ,FEMININO,Não,,Aux. Creche,857.25,Não,Mensalista,61.0,517,3
ANA CLARA,F,RIO DE JANEIRO,Brasileira,Casado,1953-07-04,RJ,FEMININO,Não,,Prof Ii,5221.0,Não,Mensalista,72.0,930,2
VARGEM PEQUENA,F,RIO DE JANEIRO,BRASILEIRA,Solteira,1960-01-21,RJ,FEMININO,Não,,Professor Ii,10210.22,Não,Mensalista,65.0,1048,1
VARGEM PEQUENA,F,RIO DE JANEIRO,BRASILEIRA,Solteira,1960-01-21,RJ,FEMININO,Não,,Professor Ii,10210.22,Não,Mensalista,65.0,1048,1
GUARATIBA,F,RIO DE JANEIRO,BRASILEIRA,Solteira,1962-05-27,RJ,FEMININO,Não,,Ag. De Administração,5051.43,Não,Mensalista,63.0,109,3
SANTA ROSA,F,RIO DE JANEIRO,Brasileira,Casado,1959-03-02,RJ,FEMININO,Não,,Professora I,4815.16,Não,Mensalista,66.0,1072,2
ENGENHO DE DENTRO,F,RIO DE JANEIRO,BRASILEIRA,Casada,1953-08-04,RJ,FEMININO,Não,,Aposentada,7447.87,Não,Mensalista,72.0,294,3
OSWALDO CRUZ,F,RIO DE JANEIRO,Brasileira,Solteira,1957-05-14,RJ,FEMININO,Não,,Ag De Administração,4486.76,Não,Mensalista,68.0,40,3
BENTO RIBEIRO,F,RIO DE JANEIRO,Brasileira,Casado,1958-03-01,RJ,FEMININO,Não,,Ag. Adm.,1143.36,Não,Mensalista,67.0,75,3
BANGU,F,RIO DE JANEIRO,Brasileira,Solteiro,1959-12-09,RJ,FEMININO,Não,,Copeiro,1063.39,Não,Mensalista,66.0,678,2
SANTA CRUZ,F,RIO DE JANEIRO,Brasileira,Solteira,1961-07-24,RJ,FEMININO,Não,,Servente,2529.79,Não,Mensalista,64.0,1116,2
PRAÇA DA BANDEIRA,F,RIO DE JANEIRO,Brasileira,Casado,1961-01-18,RJ,FEMININO,Não,,Merendeira,1022.2,Não,Mensalista,64.0,812,2
TIJUCA,F,RIO DE JANEIRO,Brasileira,Casada,1949-08-17,RJ,FEMININO,Não,,Tec De Prod E Organização,2761.39,Não,Mensalista,76.0,1144,2
MARECHAL HERMES,F,RIO DE JANEIRO,BRASILEIRA,Separado judicialmente,1965-03-03,RJ,FEMININO,Não,,Professor,10041.62,Não,Mensalista,60.0,984,1
JARDIM PATRICIA,F,BELFORD ROXO,Brasileira,Viúva,1958-09-24,RJ,FEMININO,Não,,Ag De Portaria,1100.0,Não,Mensalista,67.0,56,3
TANQUE,F,RIO DE JANEIRO,Brasileira,Casada,1953-10-27,RJ,FEMININO,Não,,Prof. Ii,4471.3,Não,Mensalista,72.0,968,2
LUZ,F,NOVA IGUAÇU,BRASILEIRA,Divorciada,1960-03-19,RJ,FEMININO,Não,,Professor Ii,5523.84,Não,Mensalista,65.0,1048,2
RIO COMPRIDO,F,RIO DE JANEIRO,BRASILEIRA,Casada,1978-11-10,RJ,FEMININO,Não,,Prof. De Ensino Fundamental,8373.42,Não,Mensalista,47.0,953,1
ENGENHO DE DENTRO,F,RIO DE JANEIRO,Brasileira,Solteiro,1953-11-13,RJ,FEMININO,Não,,Agente De Escritorio,9884.62,Não,Mensalista,72.0,238,3
TAQUARA,F,RIO DE JANEIRO,Brasileira,Solteiro,1967-07-12,RJ,FEMININO,Não,,Ag. De Doc. Medico,2452.22,Não,Mensalista,58.0,122,3
NOVA AMERICA,F,NOVA IGUAÇU,Brasileira,Divorciada,1964-07-11,RJ,FEMININO,Não,,Aux De Enfermagem 2ª Grau,2785.41,Não,Mensalista,61.0,471,3
NITEROI,F,RIO DE JANEIRO,Brasileira,Casado,1964-09-23,RJ,FEMININO,Não,,Professor Ii,5332.7,Não,Mensalista,61.0,1048,2
JARDIM QUEIMADOS,F,QUEIMADOS,Brasileira,Solteira,1961-04-30,RJ,FEMININO,Não,,Aposentada,1788.97,Não,Mensalista,64.0,294,3
CAMPO GRANDE,F,RIO DE JANEIRO,BRASILEIRA,Casada,1979-05-18,RJ,FEMININO,Não,,Professor Ii,4957.38,Não,Mensalista,46.0,1048,0
CAMPO GRANDE,F,RIO DE JANEIRO,BRASILEIRA,Casada,1979-05-18,RJ,FEMININO,Não,,Professor Ii,4957.38,Não,Mensalista,46.0,1048,0
TAQUARA,F,RIO DE JANEIRO,BRASILEIRA,Divorciada,1960-04-12,RJ,FEMININO,Não,,Aux De Enfermagem 1º Grau,2820.68,Não,Mensalista,65.0,468,3
PAVUNA,F,RIO DE JANEIRO,BRASILEIRA,Divorciada,1970-05-03,RJ,FEMININO,Não,,Professor Ii,5834.03,Não,Mensalista,55.0,1048,0
PAVUNA,F,RIO DE JANEIRO,BRASILEIRA,Divorciada,1970-05-03,RJ,FEMININO,Não,,Professor Ii,5895.89,Não,Mensalista,55.0,1048,1
CENTRO,F,NITEROI,Brasileira,Solteiro,1964-09-16,RJ,FEMININO,Não,,Assist. Adm.,6248.88,Não,Mensalista,61.0,417,3
JARDIM MERITI,F,SÃO JOÃO DE MERITI,BRASILEIRA,Solteira,1956-08-25,RJ,FEMININO,Não,,Merendeira,2298.44,Não,Mensalista,69.0,812,2
TAQUARA,F,RIO DE JANEIRO,Brasileira,Solteiro,1951-09-23,RJ,FEMININO,Não,,Aux. De Enfermagem,1608.28,Não,Mensalista,74.0,525,3
VILA EMIL,F,MESQUITA,BRASILEIRA,Casada,1971-10-28,RJ,FEMININO,Não,,Merendeira,827.54,Não,Mensalista,54.0,812,0
CORDOVIL,F,RIO DE JANEIRO,Brasileira,Casado,1961-07-09,RJ,MASCULINO,Não,,Merendeira,1747.18,Não,Mensalista,64.0,812,2
VISTA ALEGRE,F,RIO DE JANEIRO,BRASILEIRA,Solteiro,1991-02-01,RJ,MASCULINO,Não,Risco PLD/FT Baixo,Professor Docente 1,2956.08,Não,,34.0,1011,0
BARRO VERMELHO,F,SAO GONCALO,Brasileira,Casado,1961-04-04,RJ,MASCULINO,Não,,Art. De Pav. E Pedreira,3993.8,Não,Mensalista,64.0,365,3
TANQUE,F,RIO DE JANEIRO,BRASILEIRA,Solteira,1978-09-21,RJ,FEMININO,Não,,Professor Ii,6195.23,Não,Mensalista,47.0,1048,0
TANQUE,F,RIO DE JANEIRO,BRASILEIRA,Solteira,1978-09-21,RJ,FEMININO,Não,,Professor Ii,6195.23,Não,Mensalista,47.0,1048,0
SANTA CRUZ,F,RIO DE JANEIRO,BRASILEIRA,Viúva,1980-06-21,RJ,FEMININO,Não,,Professor,9111.04,Não,Mensalista,45.0,984,1
SANTA CRUZ,F,RIO DE JANEIRO,Brasileira,Viúva,1980-06-21,RJ,FEMININO,Não,,Prof Ii,13696.54,Não,Mensalista,45.0,930,1
COELHO NETO,F,RIO DE JANEIRO,BRASILEIRA,Solteira,1985-01-23,RJ,FEMININO,Não,,Ag. De Educação Infantil,3027.69,Não,Mensalista,40.0,129,0
PACIENCIA,F,RIO DE JANEIRO,Brasileira,Solteira,1978-02-22,RJ,FEMININO,Não,,Professor Ii,1272.88,Não,Mensalista,47.0,1048,0
VILA JULIETA,F,RESENDE,BRASILEIRA,Solteira,1978-07-06,RJ,FEMININO,Não,,Ag De Educação Infantil,2914.4,Não,Mensalista,47.0,55,0
BANGU,F,RIO DE JANEIRO,BRASILEIRA,Solteira,1980-09-18,RJ,FEMININO,Não,,Ag. De Educação Infantil,3081.5,Não,Mensalista,45.0,129,0
PENHA,F,RIO DE JANEIRO,BRASILEIRA,Solteira,1979-06-20,RJ,FEMININO,Não,,Auxiliar De Enfermagem 2º Grau,2817.22,Não,Mensalista,46.0,620,0
BOA ESPERANÇA,F,SEROPEDICA,BRASILEIRA,Divorciado,1980-11-28,RJ,FEMININO,Não,,Agente De Administração,14673.15,Não,Mensalista,45.0,216,1
PIEDADE,F,RIO DE JANEIRO,BRASILEIRA,Casada,1984-02-12,RJ,FEMININO,Não,,Professor De Educação Infantil,5142.26,Não,Mensalista,41.0,998,0
JARDIM PRIMAVERA,F,DUQUE DE CAXIAS,BRASILEIRA,Casada,1980-01-12,RJ,FEMININO,Não,,Professor Ii,4810.26,Não,Mensalista,45.0,1048,0
PAVUNA,F,RIO DE JANEIRO,BRASILEIRA,Solteiro,1984-06-27,RJ,FEMININO,Não,Risco PLD/FT Baixo,Assistente Executivo,6437.59,Não,Mensalista,41.0,425,0
COREIA,F,MESQUITA,BRASILEIRA,Solteiro,1995-01-08,RJ,FEMININO,Não,Risco PLD/FT Baixo,Assistente,6775.0,Não,Mensalista,30.0,421,0
REALENGO,F,RIO DE JANEIRO,BRASILEIRA,Divorciada,1965-11-07,RJ,FEMININO,Não,,Professor Ii,4987.07,Não,Mensalista,60.0,1048,2
TANQUE,F,RIO DE JANEIRO,BRASILEIRA,Casada,1968-02-22,RJ,FEMININO,Não,,Professor Ii,12454.42,Não,Mensalista,57.0,1048,1
CAMPO GRANDE,F,RIO DE JANEIRO,Brasileira,Divorciado,1958-01-30,RJ,FEMININO,Não,,Prof Ii,8249.82,Não,Mensalista,67.0,930,1
PACIENCIA,F,RIO DE JANEIRO,Brasileira,Divorciada,1955-06-08,RJ,FEMININO,Não,,Servente,1353.44,Não,Mensalista,70.0,1116,2
SENADOR CAMARA,F,RIO DE JANEIRO,BRASILEIRA,Casada,1965-07-07,RJ,FEMININO,Não,,Servente,2773.92,Não,Mensalista,60.0,1116,2
PRAIA DO SACO,F,MANGARATIBA,Brasileira,Divorciada,1958-12-24,RJ,FEMININO,Não,,Professor Ii,3149.24,Não,Mensalista,67.0,1048,2
PRAIA DO SACO,F,MANGARATIBA,BRASILEIRA,Divorciada,1958-12-24,RJ,FEMININO,Não,,Professor Ii,2510.09,Não,Mensalista,67.0,1048,2
SANTA CRUZ,F,RIO DE JANEIRO,BRASILEIRA,Solteira,1967-11-28,RJ,FEMININO,Não,,Aux.Creche,1195.56,Não,Mensalista,58.0,580,0
JACAREPAGUA,F,RIO DE JANEIRO,Brasileira,Solteira,1973-03-12,RJ,FEMININO,Não,,Agente De Administração,10042.79,Não,Mensalista,52.0,216,1
BANGU,F,RIO DE JANEIRO,Brasileira,Casado,1947-07-13,RJ,MASCULINO,Não,,Aux. De Saúde,3033.96,Não,Mensalista,78.0,553,3
CAMPO GRANDE,F,RIO DE JANEIRO,Brasileira,Divorciado,1961-10-28,RJ,MASCULINO,Não,,Professor,7775.52,Não,Mensalista,64.0,984,1
MEIER,F,RIO DE JANEIRO,Brasileira,Solteira,1960-04-14,RJ,FEMININO,Não,,Servente,1234.6,Não,Mensalista,65.0,1116,2
PAVUNA,F,RIO DE JANEIRO,BRASILEIRA,Solteira,1961-07-01,RJ,FEMININO,Não,,Professor Ii,4469.13,Não,Mensalista,64.0,1048,2
TOMAS COELHO,F,RIO DE JANEIRO,BRASILEIRA,Casada,1963-04-08,RJ,FEMININO,Não,,Auxiliar De Enfermagem 2º Grau,3237.71,Não,Mensalista,62.0,620,3
ANCHIETA,F,RIO DE JANEIRO,BRASILEIRA,Solteira,1964-09-20,RJ,FEMININO,Não,,Servente,1966.94,Não,Mensalista,61.0,1116,2
ESTÁCIO,F,RIO DE JANEIRO,BRASILEIRA,Divorciada,1966-12-17,RJ,FEMININO,Não,,Professor Ii,3875.36,Não,Mensalista,59.0,1048,2
ESTÁCIO,F,RIO DE JANEIRO,BRASILEIRA,Divorciado,1966-12-17,RJ,FEMININO,Não,,Professora,3875.36,Não,Mensalista,59.0,1070,2
BANGU,F,RIO DE JANEIRO,BRASILEIRA,Solteira,1958-03-09,RJ,FEMININO,Não,,Professor Ii,4545.5,Não,Mensalista,67.0,1048,2
BANGU,F,RIO DE JANEIRO,Brasileira,Solteira,1958-03-09,RJ,FEMININO,Não,,Professor Ii,9329.62,Não,Mensalista,67.0,1048,1
SANTA CRUZ,F,RIO DE JANEIRO,Brasileira,Viúva,1950-08-01,RJ,FEMININO,Não,,Professora Ii,4865.39,Não,Mensalista,75.0,1074,2
REALENGO,F,RIO DE JANEIRO,BRASILEIRA,Casada,1963-06-08,RJ,FEMININO,Não,,Aux De Enfermagem 2º Grau,3058.54,Não,Mensalista,62.0,474,3
CATUMBI,F,RIO DE JANEIRO,Brasileira,Solteiro,1950-09-12,RJ,FEMININO,Não,,Ag. Comunitario,2945.56,Não,Mensalista,75.0,95,3
IRAJA,F,RIO DE JANEIRO,BRASILEIRA,Casada,1960-04-22,RJ,FEMININO,Não,,Copeiro,1311.09,Não,Mensalista,65.0,678,2
TAQUARA,F,RIO DE JANEIRO,BRASILEIRA,Solteira,1968-06-26,RJ,FEMININO,Não,,Aux De Enfermagem 2º Grau,4428.41,Não,Mensalista,57.0,474,0
CARAMUJO,F,NITEROI,Brasileira,Casado,1946-10-03,RJ,FEMININO,Não,,Aux. Operac.Serv.Diversos,2734.28,Não,Mensalista,79.0,574,3
RECREIO DOS BANDEIRANTES,F,RIO DE JANEIRO,Brasileira,Não informado,1959-04-23,RJ,FEMININO,Não,,Datilografo,4084.56,Não,Mensalista,66.0,690,2
PARQUE LAFAIETE,F,DUQUE DE CAXIAS,BRASILEIRA,Casada,1968-03-21,RJ,FEMININO,Não,,Merendeira,2214.47,Não,Mensalista,57.0,812,0
ENGENHO NOVO,F,RIO DE JANEIRO,BRASILEIRA,Casada,1980-05-08,RJ,FEMININO,Não,,Agente De Educação Infantil,3902.1,Não,Mensalista,45.0,237,0
TODOS OS SANTOS,F,RIO DE JANEIRO,Brasileira,Casado,1963-02-22,RJ,FEMININO,Não,,Merendeira,993.51,Não,Mensalista,62.0,812,2
GUARATIBA,F,RIO DE JANEIRO,BRASILEIRA,Solteira,1962-03-23,RJ,FEMININO,Não,,Agente Administrativo,2087.61,Não,Mensalista,63.0,178,3
ENGENHO DE DENTRO,F,RIO DE JANEIRO,Brasileira,Casada,1959-12-21,RJ,FEMININO,Não,,Professor,4309.52,Não,Mensalista,66.0,984,2
ENGENHO DE DENTRO,F,RIO DE JANEIRO,BRASILEIRA,Casada,1959-12-21,RJ,FEMININO,Não,,Prof,3636.17,Não,Mensalista,66.0,874,2
PECHINCHA,F,RIO DE JANEIRO,BRASILEIRA,Solteira,1949-09-27,RJ,FEMININO,Não,,Professor Ii,2367.22,Não,Mensalista,76.0,1048,2
PECHINCHA,F,RIO DE JANEIRO,Brasileira,Solteira,1949-09-27,RJ,FEMININO,Não,,Professor Ii,2662.48,Não,Mensalista,76.0,1048,2
CAVALCANTE,F,RIO DE JANEIRO,BRASILEIRA,Divorciada,1953-02-04,RJ,FEMININO,Não,,Professor Ii,2774.34,Não,Mensalista,72.0,1048,2
JACAREPAGUA,F,RIO DE JANEIRO,Brasileira,Viúvo,1931-12-22,RJ,FEMININO,Não,,Agente Administrativo,2875.98,Não,Mensalista,94.0,178,3
BANGU,F,RIO DE JANEIRO,Brasileira,Solteira,1965-07-17,RJ,FEMININO,Não,,Inspetor De Alunos,2015.16,Não,Mensalista,60.0,789,2
PENHA CIRCULAR,F,RIO DE JANEIRO,Brasileira,Solteira,1960-10-26,RJ,FEMININO,Não,,Aux. De Enfermagem - 1º Grau,3594.58,Não,Mensalista,65.0,528,3
PEDRA DE GUARATIBA,F,RIO DE JANEIRO,Brasileira,Casada,1956-02-06,RJ,FEMININO,Não,,Prof. Ii,1744.92,Não,Mensalista,69.0,968,2
MARECHAL HERMES,F,RIO DE JANEIRO,BRASILEIRA,Solteira,1953-09-03,RJ,FEMININO,Não,,Merendeira,1753.55,Não,Mensalista,72.0,812,2
PAVUNA,F,RIO DE JANEIRO,Brasileira,Casado,1945-05-13,RJ,FEMININO,Não,,Auxiliar (Dec 14174/95),2994.8,Não,Mensalista,80.0,601,3
JACAREPAGUA,F,RIO DE JANEIRO,Brasileira,Não informado,1935-03-02,RJ,FEMININO,Não,,Aux. Op. Serv. Diversos,1486.06,Não,Mensalista,90.0,569,3
CORDEIRINHO,F,MARICA,BRASILEIRA,Casado,1959-05-17,RJ,FEMININO,Não,,Prof.Ii,3844.9,Não,Mensalista,66.0,977,2
JACAREPAGUA,F,RIO DE JANEIRO,Brasileira,Casada,1964-12-02,RJ,FEMININO,Não,,Enfermeira,6153.59,Não,Mensalista,61.0,720,0
BRAZ DE PINA,F,RIO DE JANEIRO,BRASILEIRA,Casado,1947-08-18,RJ,FEMININO,Não,,Merendeira Aposentada,825.21,Não,Mensalista,78.0,816,2
TREVO DAS MISSOES,F,DUQUE DE CAXIAS,BRASILEIRA,Casada,1947-12-07,RJ,FEMININO,Não,,Agente De Portaria,3008.3,Não,Mensalista,78.0,243,3
BOA SORTE,F,DUQUE DE CAXIAS,Brasileira,Casado,1948-02-01,RJ,FEMININO,Não,,Servente,1077.2,Não,Mensalista,77.0,1116,2
CHATUBA,F,NILOPOLIS,Brasileira,Solteiro,1959-07-20,RJ,FEMININO,Não,,Professor,2796.0,Não,Mensalista,66.0,984,2
RECREIO DOS BANDEIRANTES,F,RIO DE JANEIRO,BRASILEIRA,Solteiro,1982-05-15,RJ,MASCULINO,Não,Risco PLD/FT Baixo,Oficial De Cartorio Policial,9998.79,Não,Mensalista,43.0,841,1
GUADALUPE,F,RIO DE JANEIRO,BRASILEIRA,Solteira,1988-07-14,RJ,FEMININO,Não,,Professor Ii,8567.06,Não,Mensalista,37.0,1048,1
OLINDA,F,NILOPOLIS,Brasileira,Solteira,1982-07-14,RJ,FEMININO,Não,,Prof. Ii,5733.85,Não,Mensalista,43.0,968,0
BARRO VERMELHO,F,SÃO GONÇALO,BRASILEIRA,Divorciada,1976-04-11,RJ,FEMININO,Não,,Agente De Educação Infantil,3114.64,Não,Mensalista,49.0,237,0
BRAZ DE PINA,F,RIO DE JANEIRO,BRASILEIRA,Solteira,1980-08-30,RJ,FEMININO,Não,,Professor Ii,1640.78,Não,Mensalista,45.0,1048,0
IRAJA,F,RIO DE JANEIRO,BRASILEIRA,Solteira,1982-03-12,RJ,FEMININO,Não,,Ag. De Educação Infantil,3902.1,Não,Mensalista,43.0,129,0
ANCHIETA,F,RIO DE JANEIRO,BRASILEIRA,SOLTEIRO,1979-11-13,RJ,FEMININO,Não,,Professor,5165.68,Não,Mensalista,46.0,984,0
GUADALUPE,F,RIO DE JANEIRO,BRASILEIRA,Solteira,1987-09-17,RJ,FEMININO,Não,,Agente Educador Ii,1796.58,Não,Mensalista,38.0,268,0
FONSECA,F,NITEROI,BRASILEIRA,Solteiro,1992-04-11,RJ,FEMININO,Não,Risco PLD/FT Baixo,Assistente Executivo,6917.6,Não,Mensalista,33.0,425,0
BANGU,F,RIO DE JANEIRO,BRASILEIRA,SOLTEIRO,1987-05-18,RJ,FEMININO,Não,,Aux.Creche,962.48,Não,Mensalista,38.0,580,0
GUADALUPE,F,RIO DE JANEIRO,BRASILEIRA,Divorciado,1958-03-25,RJ,FEMININO,Não,,Prof. Ii,3548.12,Não,Mensalista,67.0,968,2
JACARÉ,F,RIO DE JANEIRO,BRASILEIRA,Casada,1979-12-28,RJ,FEMININO,Não,,Agente De Educação Infantil,2931.11,Não,Mensalista,46.0,237,0
PAVUNA,F,RIO DE JANEIRO,BRASILEIRA,Solteira,1983-02-05,RJ,FEMININO,Não,,Tecnico De Enfermagem,3552.29,Não,Mensalista,42.0,1172,0
ICARAI - NITERÓI,F,NITEROI,Brasileira,Solteiro,1975-06-30,RJ,FEMININO,Não,,Aux De Enfermagem,2963.14,Não,Mensalista,50.0,459,0
TIJUCA,F,RIO DE JANEIRO,BRASILEIRA,Divorciada,1961-12-18,RJ,FEMININO,Não,,Professor Ii,4674.71,Não,Mensalista,64.0,1048,2
CAMPO GRANDE,F,RIO DE JANEIRO,BRASILEIRA,Casado,1954-10-23,RJ,FEMININO,Não,,Merendeira,2626.56,Não,Mensalista,71.0,812,2
VILA KOSMOS,F,RIO DE JANEIRO,Brasileira,Casada,1959-09-26,RJ,FEMININO,Não,,Professor Ii,7360.39,Não,Mensalista,66.0,1048,1
BANGU,F,RIO DE JANEIRO,BRASILEIRA,Casada,1984-03-21,RJ,FEMININO,Não,,Agente De Educação Ii,2116.36,Não,Mensalista,41.0,236,0
DEL CASTILHO,F,RIO DE JANEIRO,BRASILEIRO,Solteiro,1983-10-18,RJ,MASCULINO,Não,Risco PLD/FT Baixo,Gerente Operacional,3000.0,Não,Mensalista,42.0,771,0
CAMPO GRANDE,F,RIO DE JANEIRO,BRASILEIRA,Divorciado,1988-12-24,RJ,MASCULINO,Não,Risco PLD/FT Baixo,Professor De Ensino Fundamenta,7302.46,Não,Mensalista,37.0,1001,0
CIDADE DE DEUS,F,RIO DE JANEIRO,BRASILEIRA,Casado,1985-09-14,RJ,MASCULINO,Não,,Aux. De Educação Infantil,2745.65,Não,Mensalista,40.0,520,0
VARGEM GRANDE,F,RIO DE JANEIRO,BRASILEIRA,Solteiro,1981-05-12,RJ,MASCULINO,Não,Risco PLD/FT Baixo,Inspetor De Policia,13520.81,Não,Mensalista,44.0,793,1
JARDIM ATLANTICO,F,MARICA,BRASILEIRA,Solteiro,1980-11-06,RJ,MASCULINO,Não,Risco PLD/FT Baixo,Assistente,5540.8,Não,Mensalista,45.0,421,0
BANGU,F,RIO DE JANEIRO,BRASILEIRA,Solteiro,1988-08-02,RJ,MASCULINO,Não,,Secretario Escolar,2846.06,Não,Mensalista,37.0,1113,0
PACHECO,F,SÃO GONÇALO,BRASILEIRA,Solteiro,1991-05-15,RJ,MASCULINO,Não,Risco PLD/FT Baixo,Aluno Of Pm,4227.16,Não,,34.0,288,0
SANTA CRUZ,F,RIO DE JANEIRO,BRASILEIRA,Solteiro,1999-10-28,RJ,MASCULINO,Não,Risco PLD/FT Baixo,Aluno Of Pm,4227.16,Não,,26.0,288,0
CAMPO GRANDE,F,RIO DE JANEIRO,Brasileira,Solteira,1980-12-30,RJ,FEMININO,Não,,Professor Ii,11027.98,Não,Mensalista,45.0,1048,1
PAVUNA,F,RIO DE JANEIRO,Brasileira,Solteiro,1962-04-08,RJ,FEMININO,Não,,Prof I Geografia,3948.0,Não,Mensalista,63.0,922,2
LINS DE VASCONCELOS,F,RIO DE JANEIRO,BRASILEIRA,Solteiro,1967-01-23,RJ,MASCULINO,Não,Risco PLD/FT Baixo,3º Sargento Bm,9288.8,Não,Mensalista,58.0,10,3
PRAÇA SECA,F,RIO DE JANEIRO,BRASILEIRA,SOLTEIRO,1966-02-05,RJ,FEMININO,Não,,Professor,4318.1,Não,Mensalista,59.0,984,2
CAMPO GRANDE,F,RIO DE JANEIRO,BRASILEIRA,Casado,1950-08-29,RJ,FEMININO,Não,,Prof I,7474.0,Não,Mensalista,75.0,895,2
CAMPO GRANDE,F,RIO DE JANEIRO,BRASILEIRA,Casada,1950-08-29,RJ,FEMININO,Não,,Prof I,7474.0,Não,Mensalista,75.0,895,2
CORDOVIL,F,RIO DE JANEIRO,BRASILEIRA,Casada,1939-07-14,RJ,FEMININO,Não,,Copeira,1399.93,Não,Mensalista,86.0,677,2
COSTA BARROS,F,RIO DE JANEIRO,Brasileira,Divorciado,1963-04-05,RJ,MASCULINO,Não,,Trabalhador,2112.19,Não,Mensalista,62.0,1202,2
SEPETIBA,F,RIO DE JANEIRO,Brasileira,Solteiro,1951-10-24,RJ,MASCULINO,Não,,Trabalhador,1033.8,Não,Mensalista,74.0,1202,2
VILAR DOS TELLES,F,SÃO JOÃO DE MERITI,BRASILEIRA,Casado,1951-08-27,RJ,MASCULINO,Não,,Inspetor De Alunos,2359.56,Não,Mensalista,74.0,789,2
MAGALHÃES BASTOS,F,RIO DE JANEIRO,Brasileira,Casado,1956-07-17,RJ,MASCULINO,Não,,Zelador,3232.3,Não,Mensalista,69.0,1238,2
VICENTE DE CARVALHO,F,RIO DE JANEIRO,Brasileira,Casado,1957-02-26,RJ,MASCULINO,Não,,Motorista,3534.83,Não,Mensalista,68.0,827,2
COSMOS,F,RIO DE JANEIRO,Brasileira,Solteiro,1955-03-03,RJ,MASCULINO,Não,,Ag. De Vigilancia,1500.48,Não,Mensalista,70.0,140,3
COSTA BARROS,F,RIO DE JANEIRO,Brasileira,Casado,1969-08-11,RJ,MASCULINO,Não,,Trabalhador (Qs),4670.63,Não,Mensalista,56.0,1204,2
SEPETIBA,F,RIO DE JANEIRO,BRASILEIRA,Casada,1975-10-02,RJ,FEMININO,Não,,Professor Ii,12192.63,Não,Mensalista,50.0,1048,1
SEPETIBA,F,RIO DE JANEIRO,Brasileira,Casada,1975-10-02,RJ,FEMININO,Não,,Professor Ii,12192.63,Não,Mensalista,50.0,1048,1
JARDIM SULACAPE,F,RIO DE JANEIRO,BRASILEIRA,Solteira,1966-07-26,RJ,FEMININO,Não,,Prof Ii,11728.59,Não,Mensalista,59.0,930,1
JARDIM SULACAPE,F,RIO DE JANEIRO,BRASILEIRA,Solteira,1966-07-26,RJ,FEMININO,Não,,Prof Ii,11728.59,Não,Mensalista,59.0,930,1
SENADOR CAMARA,F,RIO DE JANEIRO,BRASILEIRA,Casado,1956-01-20,RJ,MASCULINO,Não,,Copeiro,2673.14,Não,Mensalista,69.0,678,2
IRAJA,F,RIO DE JANEIRO,Brasileira,Casada,1958-01-19,RJ,FEMININO,Não,,Merendeira,2650.82,Não,Mensalista,67.0,812,2
BANGU,F,RIO DE JANEIRO,Brasileira,Casado,1964-08-09,RJ,MASCULINO,Não,,Copeiro,1614.3,Não,Mensalista,61.0,678,2
VALVERDE,F,NOVA IGUAÇU,BRASILEIRA,Divorciado,1979-10-08,RJ,MASCULINO,Não,,Prof De Ensino Fundamental,15865.64,Não,Mensalista,46.0,887,1
VALVERDE,F,NOVA IGUAÇU,BRASILEIRA,Divorciado,1979-10-08,RJ,MASCULINO,Não,,Professor Ii,15865.64,Não,Mensalista,46.0,1048,1
CAMPO GRANDE,F,RIO DE JANEIRO,BRASILEIRA,Solteiro,1966-04-13,RJ,MASCULINO,Não,,Art De Jardim E Arboricultura,3370.09,Não,Mensalista,59.0,321,3
BANGU,F,RIO DE JANEIRO,Brasileira,Divorciado,1947-11-06,RJ,FEMININO,Não,,Professor,17667.02,Não,Mensalista,78.0,984,1
SANTA CRUZ,F,RIO DE JANEIRO,Brasileira,Separada judicialmente,1969-12-17,RJ,FEMININO,Não,,Merendeira,2918.02,Não,Mensalista,56.0,812,0
CAMPO GRANDE,F,RIO DE JANEIRO,BRASILEIRA,Solteira,1968-05-07,RJ,FEMININO,Não,,Servente,1003.36,Não,Mensalista,57.0,1116,2
GLORIA,F,RIO DE JANEIRO,BRASILEIRA,SOLTEIRO,1962-11-03,RJ,FEMININO,Não,,Agente Auxiliar De Administraç,971.8,Não,Mensalista,63.0,194,3
SANTA CRUZ,F,RIO DE JANEIRO,Brasileira,Viúvo,1958-05-15,RJ,MASCULINO,Não,,Trabalhador,2267.82,Não,Mensalista,67.0,1202,2
CAMPO GRANDE,F,RIO DE JANEIRO,BRASILEIRA,Casado,1962-04-03,RJ,MASCULINO,Não,,Trabalhador,2757.33,Não,Mensalista,63.0,1202,2
SANTA CRUZ,F,RIO DE JANEIRO,Brasileira,Separado judicialmente,1959-02-08,RJ,MASCULINO,Não,,Art. De Barb E Cabeleireiro(Sm,3635.78,Não,Mensalista,66.0,342,3
FLAMENGO,F,RIO DE JANEIRO,Brasileira,Não informado,1947-03-16,RJ,MASCULINO,Não,,Ag.Vig.,1110.12,Não,Mensalista,78.0,165,3
SANTA CRUZ,F,RIO DE JANEIRO,Brasileira,Casado,1948-08-06,RJ,MASCULINO,Não,,Trabalhador,2132.84,Não,Mensalista,77.0,1202,2
INHAUMA,F,NOVA IGUACU,Brasileira,Casado,1966-11-17,RJ,MASCULINO,Não,,Trabalhador,3327.16,Não,Mensalista,59.0,1202,2
CABUIS,F,NILOPOLIS,BRASILEIRA,Casada,1970-05-03,RJ,FEMININO,Não,,Aux De Enfermagem 2º Grau,6467.9,Não,Mensalista,55.0,474,0
SANTA CRUZ,F,RIO DE JANEIRO,Brasileira,Casado,1941-09-21,RJ,MASCULINO,Não,,Ag. Administrativo,2956.47,Não,Mensalista,84.0,77,3
BANGU,F,RIO DE JANEIRO,Brasileira,Casado,1965-08-15,RJ,MASCULINO,Não,,Trabalhador,3393.3,Não,Mensalista,60.0,1202,2
BANGU,F,RIO DE JANEIRO,Brasileira,Separado judicialmente,1961-12-30,RJ,MASCULINO,Não,,Merendeira,2462.84,Não,Mensalista,64.0,812,2
COSMOS,F,RIO DE JANEIRO,Brasileira,Solteira,1966-05-07,RJ,FEMININO,Não,,Aux De Enfermagem 2º Grau,2493.66,Não,Mensalista,59.0,474,3
MANGUEIRA,F,RIO DE JANEIRO,Brasileira,Casado,1950-02-08,RJ,MASCULINO,Não,,Motorista,2974.88,Não,Mensalista,75.0,827,2
MESQUITA,F,NOVA IGUACU,Brasileira,Divorciado,1960-12-31,RJ,MASCULINO,Não,,Ag. De Doc. Medica,3938.7,Não,Mensalista,65.0,120,3
SANTISSIMO,F,RIO DE JANEIRO,Brasileira,Solteiro,1964-12-06,RJ,MASCULINO,Não,,Art Pav E Pedreira,3335.11,Não,Mensalista,61.0,336,3
REALENGO,F,RIO DE JANEIRO,Brasileira,Casado,1956-12-08,RJ,FEMININO,Não,,Merendeira,1656.2,Não,Mensalista,69.0,812,2
CAMPO GRANDE,F,RIO DE JANEIRO,Brasileira,Casado,1949-03-12,RJ,MASCULINO,Não,,Trabalhador,3146.21,Não,Mensalista,76.0,1202,2
RICARDO DE ALBUQUERQUE,F,RIO DE JANEIRO,BRASILEIRA,SOLTEIRO,1962-08-31,RJ,FEMININO,Não,,Copeiro,1551.94,Não,Mensalista,63.0,678,2
OSWALDO CRUZ,F,RIO DE JANEIRO,BRASILEIRA,Divorciada,1959-09-20,RJ,FEMININO,Não,,Professor Ii,5266.89,Não,Mensalista,66.0,1048,2
OSWALDO CRUZ,F,RIO DE JANEIRO,BRASILEIRA,Divorciada,1959-09-20,RJ,FEMININO,Não,,Professor Ii,7418.4,Não,Mensalista,66.0,1048,1
TANQUE,F,RIO DE JANEIRO,Brasileira,Divorciada,1956-05-21,RJ,FEMININO,Não,,Aposentada,1739.27,Não,Mensalista,69.0,294,3
BANGU,F,RIO DE JANEIRO,Brasileira,Casada,1954-05-01,RJ,FEMININO,Não,,Aposentada,6709.11,Não,Mensalista,71.0,294,3
MADUREIRA,F,RIO DE JANEIRO,BRASILEIRA,Casado,1958-10-25,RJ,FEMININO,Não,,Auxiliar De Enfermagem,3095.59,Não,Mensalista,67.0,608,3
PACIENCIA,F,RIO DE JANEIRO,Brasileira,Casado,1952-12-19,RJ,FEMININO,Não,,Agente De Administracao,1812.2,Não,Mensalista,73.0,213,3
SEPETIBA,F,RIO DE JANEIRO,BRASILEIRA,Divorciada,1971-07-13,RJ,FEMININO,Não,,Professor Ii,7621.08,Não,Mensalista,54.0,1048,1
SEPETIBA,F,RIO DE JANEIRO,BRASILEIRA,Divorciada,1971-07-13,RJ,FEMININO,Não,,Professor Ii,7621.08,Não,Mensalista,54.0,1048,1
GUARATIBA,F,RIO DE JANEIRO,Brasileira,Casado,1951-05-12,RJ,MASCULINO,Não,,Trabalhador,2479.3,Não,Mensalista,74.0,1202,2
BANGU,F,RIO DE JANEIRO,Brasileira,Casado,1942-07-25,RJ,MASCULINO,Não,,Art. De Barb. E Cabel.,3934.88,Não,Mensalista,83.0,343,3
VILA NASCENTE,F,QUEIMADOS,Brasileira,Casado,1952-04-02,RJ,MASCULINO,Não,,Aposentado,3820.02,Não,Mensalista,73.0,295,3
PORTO DA PEDRA,F,SAO GONCALO,BRASILEIRA,Casado,1980-09-23,RJ,MASCULINO,Não,,Ascensorista,2288.8,Não,Mensalista,45.0,390,0
COLEGIO,F,RIO DE JANEIRO,Brasileira,Solteira,1976-02-19,RJ,FEMININO,Não,,Professor Ii,3440.71,Não,Mensalista,49.0,1048,0
SÃO CRISTOVÃO,F,RIO DE JANEIRO,Brasileira,Solteira,1961-05-01,RJ,FEMININO,Não,,Ag De Administração,15243.27,Não,Mensalista,64.0,40,1
CATUMBI,F,RIO DE JANEIRO,BRASILEIRA,Solteira,1955-05-20,RJ,FEMININO,Não,,Professor Ii,6418.43,Não,Mensalista,70.0,1048,2
RICARDO DE ALBUQUERQUE,F,RIO DE JANEIRO,BRASILEIRA,Casada,1976-01-02,RJ,FEMININO,Não,,Professor I Ingles,4782.27,Não,Mensalista,49.0,1044,0
CACHAMBI,F,RIO DE JANEIRO,BRASILEIRA,Casado,1968-03-04,RJ,FEMININO,Não,Risco PLD/FT Baixo,Assistente,8100.0,Não,Mensalista,57.0,421,1
PARQUE LAFAIETE,F,DUQUE DE CAXIAS,Brasileira,Casada,1972-04-04,RJ,FEMININO,Não,,Professor Ii,7061.15,Não,Mensalista,53.0,1048,1
SANTA LUZIA,F,SAO GONCALO,BRASILEIRA,Solteira,1981-01-20,RJ,FEMININO,Não,,Auxiliar De Laboratorio,2570.88,Não,Mensalista,44.0,632,0
TIJUCA,F,RIO DE JANEIRO,Brasileira,Solteiro,1969-05-28,RJ,FEMININO,Não,,Ag.Aux.Adiministrativo,3853.66,Não,Mensalista,56.0,155,3
SANTA CRUZ,F,RIO DE JANEIRO,Brasileira,Casada,1962-07-20,RJ,FEMININO,Não,,Aposentada,4975.23,Não,Mensalista,63.0,294,3
PIEDADE,F,RIO DE JANEIRO,Brasileira,Casado,1966-05-01,RJ,FEMININO,Não,,Professora,5928.0,Não,Mensalista,59.0,1070,2
CAMPO GRANDE,F,RIO DE JANEIRO,Brasileira,Casado,1967-10-27,RJ,FEMININO,Não,,Aux De Enfermagem I° Grau,3015.94,Não,Mensalista,58.0,479,3
BONSUCESSO,F,RIO DE JANEIRO,Brasileira,Solteira,1956-10-20,RJ,FEMININO,Não,,Professora Ii,11983.56,Não,Mensalista,69.0,1074,1
BONSUCESSO,F,RIO DE JANEIRO,BRASILEIRA,Solteira,1956-10-20,RJ,FEMININO,Não,,Professor Ii,11983.56,Não,Mensalista,69.0,1048,1
OLARIA,F,RIO DE JANEIRO,BRASILEIRA,Solteira,1969-09-04,RJ,FEMININO,Não,,Professor Ii,3892.35,Não,Mensalista,56.0,1048,2
OLARIA,F,RIO DE JANEIRO,BRASILEIRA,Solteira,1969-09-04,RJ,FEMININO,Não,,Professor De Educação Infantil,3892.35,Não,Mensalista,56.0,998,0
PIEDADE,F,RIO DE JANEIRO,BRASILEIRA,Solteira,1966-12-02,RJ,FEMININO,Não,,Professor Ii,4094.91,Não,Mensalista,59.0,1048,2
PIEDADE,F,RIO DE JANEIRO,BRASILEIRA,Solteira,1966-12-02,RJ,FEMININO,Não,,Aposentada,5904.41,Não,Mensalista,59.0,294,3
BRAZ DE PINA,F,RIO DE JANEIRO,BRASILEIRA,Casada,1958-01-24,RJ,FEMININO,Não,,Servente,1340.35,Não,Mensalista,67.0,1116,2
BANGU,F,RIO DE JANEIRO,Brasileira,Solteiro,1965-10-21,RJ,FEMININO,Não,,Aux De Enfermagem 1° Grau,4067.52,Não,Mensalista,60.0,467,3
TODOS OS SANTOS,F,RIO DE JANEIRO,Brasileira,Divorciada,1964-07-12,RJ,FEMININO,Não,,Agente Aux. De Administração,4220.66,Não,Mensalista,61.0,187,3
PENHA CIRCULAR,F,RIO DE JANEIRO,BRASILEIRA,Separada judicialmente,1967-12-12,RJ,FEMININO,Não,,Professor,4078.52,Não,Mensalista,58.0,984,2
QUINTINO BOCAIUVA,F,RIO DE JANEIRO,BRASILEIRA,Solteira,1967-05-17,RJ,FEMININO,Não,,Professor Ii,3533.27,Não,Mensalista,58.0,1048,2
PACIENCIA,F,RIO DE JANEIRO,Brasileira,Solteira,1966-07-24,RJ,FEMININO,Não,,Auxiliar De Enfermagem 2º Grau,2908.42,Não,Mensalista,59.0,620,0
CIDADE NOVA,F,RIO DE JANEIRO,BRASILEIRA,Desquitada,1948-02-20,RJ,FEMININO,Não,,Professor Ii,3331.78,Não,Mensalista,77.0,1048,2
CIDADE NOVA,F,RIO DE JANEIRO,Brasileira,Desquitada,1948-02-20,RJ,FEMININO,Não,,Professor Ii,10311.23,Não,Mensalista,77.0,1048,1
GUARATIBA,F,RIO DE JANEIRO,Brasileira,Divorciada,1964-10-31,RJ,FEMININO,Não,,Aposentada,6302.5,Não,Mensalista,61.0,294,3
GUARATIBA,F,RIO DE JANEIRO,BRASILEIRA,Divorciada,1964-10-31,RJ,FEMININO,Não,,Professor Ii,9783.77,Não,Mensalista,61.0,1048,1
MEIER,F,RIO DE JANEIRO,Brasileira,Solteiro,1945-09-13,RJ,FEMININO,Não,,Prof. Ii,6856.04,Não,Mensalista,80.0,968,2
SANTISSIMO,F,RIO DE JANEIRO,BRASILEIRA,Divorciada,1968-07-15,RJ,FEMININO,Não,,Merendeira,2375.73,Não,Mensalista,57.0,812,0
LEOPOLDINA,F,RIO DE JANEIRO,Brasileira,Solteiro,1975-02-18,RJ,FEMININO,Não,,Tec Administrativo,6366.36,Não,Mensalista,50.0,1138,1
CENTRO,F,MESQUITA,Brasileira,Separada judicialmente,1964-02-28,RJ,FEMININO,Não,,Aux De Enfermagem 2º Grau,3197.18,Não,Mensalista,61.0,474,3
GRAÇAS,F,DUQUE DE CAXIAS,Brasileira,União Estável,1953-04-07,RJ,FEMININO,Não,,Aux De Enfermagem 2 º Grau,2788.63,Não,Mensalista,72.0,470,3
CAMPO LINDO,F,SEROPEDICA,Brasileira,Divorciada,1962-06-19,RJ,FEMININO,Não,,Ag. Administração,2959.47,Não,Mensalista,63.0,78,3
CAVALCANTE,F,RIO DE JANEIRO,BRASILEIRA,Viúvo,1966-10-04,RJ,FEMININO,Não,Risco PLD/FT Baixo,Merendeira,2258.05,Não,Mensalista,59.0,812,2
RONCADOR,F,QUEIMADOS,Brasileira,Divorciada,1968-07-14,RJ,FEMININO,Não,,Aux De Enfermagem 1º Grau,3303.71,Não,Mensalista,57.0,468,0
SEPETIBA,F,RIO DE JANEIRO,Brasileira,Casada,1973-04-27,RJ,FEMININO,Não,,Merendeira,1581.73,Não,Mensalista,52.0,812,0
RAMOS,F,RIO DE JANEIRO,BRASILEIRA,Divorciada,1966-08-31,RJ,FEMININO,Não,,Merendeira,1515.71,Não,Mensalista,59.0,812,2
TAQUARA,F,RIO DE JANEIRO,Brasileira,Casada,1951-02-28,RJ,FEMININO,Não,,Agente Comunitario Nivel Ii,4137.5,Não,Mensalista,74.0,202,3
CAMORIM,F,RIO DE JANEIRO,BRASILEIRA,SOLTEIRO,1965-07-10,RJ,FEMININO,Não,,Professor,0.0,Não,Mensalista,60.0,984,2
REALENGO,F,RIO DE JANEIRO,BRASILEIRA,Separada judicialmente,1966-08-12,RJ,FEMININO,Não,,Auxiliar De Enfermagem,3723.37,Não,Mensalista,59.0,608,0
TIJUCA,F,RIO DE JANEIRO,Brasileira,Não informado,1959-08-06,RJ,FEMININO,Não,,Tec De Saude Publico,4572.24,Não,Mensalista,66.0,1145,2
SENADOR CAMARA,F,RIO DE JANEIRO,Brasileira,Divorciada,1967-04-07,RJ,FEMININO,Não,,Ag Aux De Administração,1598.67,Não,Mensalista,58.0,26,3
CORDOVIL,F,RIO DE JANEIRO,BRASILEIRA,Casada,1971-03-12,RJ,FEMININO,Não,,Aux. De Enfermagem - 2º Grau,3329.77,Não,Mensalista,54.0,532,0
JARDIM AMERICA,F,RIO DE JANEIRO,BRASILEIRA,Solteira,1947-01-30,RJ,FEMININO,Não,,Sanitarista,6324.25,Não,Mensalista,78.0,1103,2
LINS DE VASCONCELOS,F,RIO DE JANEIRO,BRASILEIRA,Casada,1973-10-20,RJ,FEMININO,Não,,Agente De Ed. Infantil,1505.32,Não,Mensalista,52.0,230,0
CAMPO GRANDE,F,RIO DE JANEIRO,BRASILEIRA,Casada,1978-07-14,RJ,FEMININO,Não,,Agente Educador Ii,2838.13,Não,Mensalista,47.0,268,0
EDSON PASSOS,F,MESQUITA,Brasileira,Casado,1949-10-24,RJ,MASCULINO,Não,,Tec Assuntos Educacionais,4715.86,Não,Mensalista,76.0,1139,2
CAMPO GRANDE,F,RIO DE JANEIRO,Brasileira,Casado,1950-08-11,RJ,MASCULINO,Não,,Art De Alv E Pintura,2105.98,Não,Mensalista,75.0,301,3
SANTA CRUZ,F,RIO DE JANEIRO,Brasileira,Casado,1962-09-10,RJ,MASCULINO,Não,,Trabalhador,1232.39,Não,Mensalista,63.0,1202,2
SANTA CRUZ,F,RIO DE JANEIRO,Brasileira,Solteiro,1960-05-10,RJ,MASCULINO,Não,,Art De Pavimentação E Pedreira,2878.93,Não,Mensalista,65.0,330,3
ANDRADE ARAUJO,F,NOVA IGUACU,Brasileira,Viúva,1962-06-21,RJ,FEMININO,Não,,Ag. Aux. De Administraçao,2799.06,Não,Mensalista,63.0,85,3
SANTISSIMO,F,RIO DE JANEIRO,Brasileira,Casada,1959-02-13,RJ,FEMININO,Não,,Aux De Enfermagem 2º Grau,3107.33,Não,Mensalista,66.0,474,3
SANTA CRUZ,F,RIO DE JANEIRO,Brasileira,Separada judicialmente,1955-11-27,RJ,FEMININO,Não,,Copeiro,2796.67,Não,Mensalista,70.0,678,2
MIGUEL COUTO,F,NOVA IGUAÇU,Brasileira,Divorciada,1952-09-06,RJ,FEMININO,Não,,Aux De Enfermagem 2º Grau,3381.78,Não,Mensalista,73.0,474,3
DEL CASTILHO,F,RIO DE JANEIRO,BRASILEIRA,Casada,1973-11-08,RJ,FEMININO,Não,,Tecnico De Enfermagem,2204.15,Não,Mensalista,52.0,1172,0
TAUA,F,RIO DE JANEIRO,BRASILEIRA,Casada,1964-05-22,RJ,FEMININO,Não,,Professor Ii/Diretor Iv,6802.38,Não,Mensalista,61.0,1065,1
IRAJA,F,RIO DE JANEIRO,BRASILEIRA,Casado,1964-12-24,RJ,FEMININO,Não,,Merendeira,703.33,Não,Mensalista,61.0,812,2
PORTO DO ROSA,F,SÃO GONÇALO,Brasileira,Divorciado,1960-07-08,RJ,MASCULINO,Não,,Servente,5261.23,Não,Mensalista,65.0,1116,2
PENHA,F,RIO DE JANEIRO,Brasileira,Casado,1955-08-15,RJ,MASCULINO,Não,,Datilografo,1703.9,Não,Mensalista,70.0,690,2
SANTA CRUZ,F,RIO DE JANEIRO,BRASILEIRA,Casado,1958-02-24,RJ,MASCULINO,Não,,Trabalhador,1960.18,Não,Mensalista,67.0,1202,2
JARDIM ALZIRA,F,QUEIMADOS,Brasileira,Solteiro,1968-07-20,RJ,MASCULINO,Não,,Aux De Enfermagem 2º Grau,3969.86,Não,Mensalista,57.0,474,0
SANTA CRUZ,F,RIO DE JANEIRO,BRASILEIRA,Solteiro,1959-02-13,RJ,MASCULINO,Não,,Trabalhador,6268.36,Não,Mensalista,66.0,1202,2
SANTA CRUZ,F,RIO DE JANEIRO,Brasileira,Solteiro,1947-07-03,RJ,MASCULINO,Não,,Aux De Serviços De Veterinaria,3175.46,Não,Mensalista,78.0,500,3
REALENGO,F,RIO DE JANEIRO,BRASILEIRA,Casada,1981-02-27,RJ,FEMININO,Não,,Professor Ii,10436.96,Não,Mensalista,44.0,1048,1
REALENGO,F,RIO DE JANEIRO,BRASILEIRA,Casada,1981-02-27,RJ,FEMININO,Não,,Professor Ii,10436.96,Não,Mensalista,44.0,1048,1
CAMPO GRANDE,F,RIO DE JANEIRO,Brasileira,Solteira,1971-11-27,RJ,FEMININO,Não,,Auxiliar De Enfermagem,3619.67,Não,Mensalista,54.0,608,0
CAMPO GRANDE,F,RIO DE JANEIRO,Brasileira,Casado,1958-01-01,RJ,FEMININO,Não,,Servente,1768.96,Não,Mensalista,67.0,1116,2
SEPETIBA,F,RIO DE JANEIRO,Brasileira,Solteiro,1945-10-25,RJ,FEMININO,Não,,Aux. De Enfermagem - 2. Grau,5604.56,Não,Mensalista,80.0,530,3
LEOPOLDINA,F,RIO DE JANEIRO,Brasileira,Casado,1956-04-28,RJ,FEMININO,Não,,Servente,1022.2,Não,Mensalista,69.0,1116,2
MADUREIRA,F,RIO DE JANEIRO,Brasileira,Divorciada,1944-12-10,RJ,FEMININO,Não,,Auxiliar De Enfermagem,6719.97,Não,Mensalista,81.0,608,3
SANTA CRUZ,F,RIO DE JANEIRO,BRASILEIRA,Viúva,1944-01-18,RJ,FEMININO,Não,,Aposentada,6107.12,Não,Mensalista,81.0,294,3
SANTA CRUZ,F,RIO DE JANEIRO,Brasileira,Viúva,1944-01-18,RJ,FEMININO,Não,,Prof Ii,3520.54,Não,Mensalista,81.0,930,2
BANGU,F,RIO DE JANEIRO,BRASILEIRA,Solteira,1958-05-06,RJ,FEMININO,Não,,Servente,1943.12,Não,Mensalista,67.0,1116,2
PRAÇA SECA,F,RIO DE JANEIRO,BRASILEIRA,Solteira,1956-07-18,RJ,FEMININO,Não,,Aux. De Enfermagem - 2º Grau,4136.96,Não,Mensalista,69.0,532,3
TOMAZINHO,F,SAO JOAO DE MERITI,BRASILEIRA,Divorciada,1965-08-13,RJ,FEMININO,Não,,Aux. De Enfermagem,3137.93,Não,Mensalista,60.0,525,3
BENTO RIBEIRO,F,RIO DE JANEIRO,Brasileira,Solteiro,1945-12-23,RJ,FEMININO,Não,,Professora,4926.92,Não,Mensalista,80.0,1070,2
CAMPO GRANDE,F,RIO DE JANEIRO,Brasileira,Viúva,1951-02-20,RJ,FEMININO,Não,,Merendeira,1554.31,Não,Mensalista,74.0,812,2
ENG R FREIRE,F,NOVA IGUAÇU,Brasileira,Casada,1967-05-27,RJ,FEMININO,Não,,Ag Aux De Administração,2682.38,Não,Mensalista,58.0,26,3
SANTA CRUZ,F,RIO DE JANEIRO,Brasileira,Solteiro,1950-08-01,RJ,MASCULINO,Não,,Art.De Est De Obras De Metal,5499.85,Não,Mensalista,75.0,378,3
CAMPO GRANDE,F,RIO DE JANEIRO,Brasileira,Solteiro,1966-06-01,RJ,MASCULINO,Não,,Trabalhador,2312.36,Não,Mensalista,59.0,1202,2
PIEDADE,F,RIO DE JANEIRO,Brasileira,Divorciado,1961-07-08,RJ,MASCULINO,Não,,Servente,1957.99,Não,Mensalista,64.0,1116,2
PACIENCIA,F,RIO DE JANEIRO,Brasileira,Casado,1966-07-19,RJ,MASCULINO,Não,,Art De Pav E Pedreira,4057.01,Não,Mensalista,59.0,325,3
SEPETIBA,F,RIO DE JANEIRO,Brasileira,Divorciada,1949-11-26,RJ,FEMININO,Não,,Ag De Doc.Médica,1689.67,Não,Mensalista,76.0,51,3
CURICICA,F,RIO DE JANEIRO,BRASILEIRA,Viúva,1959-11-23,RJ,FEMININO,Não,,Professor Ii,15966.59,Não,Mensalista,66.0,1048,1
CURICICA,F,RIO DE JANEIRO,BRASILEIRA,Viúva,1959-11-23,RJ,FEMININO,Não,,Professor Ii,15966.59,Não,Mensalista,66.0,1048,1
CAMPO GRANDE,F,RIO DE JANEIRO,BRASILEIRA,Solteiro,1950-08-05,RJ,MASCULINO,Não,,Servente,1394.89,Não,Mensalista,75.0,1116,2
CAMPO GRANDE,F,RIO DE JANEIRO,BRASILEIRA,Casada,1982-11-02,RJ,FEMININO,Não,,Professor Ii,11364.44,Não,Mensalista,43.0,1048,1
CAMPO GRANDE,F,RIO DE JANEIRO,BRASILEIRA,Casada,1982-11-02,RJ,FEMININO,Não,,Professor Ii,11364.44,Não,Mensalista,43.0,1048,1
COELHO NETO,F,RIO DE JANEIRO,Brasileira,Casada,1980-03-18,RJ,FEMININO,Não,,Auxiliar De Enfermagem 2° Grau,2305.54,Não,Mensalista,45.0,619,0
CAMPO GRANDE,F,RIO DE JANEIRO,BRASILEIRA,Solteira,1987-12-29,RJ,FEMININO,Não,,Ag De Educação Infantil,3081.5,Não,Mensalista,38.0,55,0
PACIENCIA,F,RIO DE JANEIRO,BRASILEIRA,Divorciada,1963-11-14,RJ,FEMININO,Não,,Aux. De Enfermagem 2º Grau,2623.04,Não,Mensalista,62.0,539,3
SENADOR VASCONCELOS,F,RIO DE JANEIRO,BRASILEIRA,Solteira,1980-11-02,RJ,FEMININO,Não,,Ag De Educação Infantil,3081.5,Não,Mensalista,45.0,55,0
CAMPO GRANDE,F,RIO DE JANEIRO,BRASILEIRA,Solteira,1981-12-08,RJ,FEMININO,Não,,Ag. De Educação Infantil,2988.95,Não,Mensalista,44.0,129,0
PONTO CHIC,F,NOVA IGUACU,BRASILEIRA,Solteiro,1983-12-14,RJ,FEMININO,Não,Risco PLD/FT Baixo,Auxiliar De Controle De Endemi,5666.74,Não,Mensalista,42.0,603,0
TANQUE,F,RIO DE JANEIRO,BRASILEIRA,Solteira,1980-03-04,RJ,FEMININO,Não,,Ag De Administração,3852.1,Não,Mensalista,45.0,40,0
OLARIA,F,RIO DE JANEIRO,BRASILEIRA,Casada,1979-12-28,RJ,FEMININO,Não,,Professor Ii,9614.83,Não,Mensalista,46.0,1048,1
CAMPO GRANDE,F,RIO DE JANEIRO,Brasileira,Divorciada,1974-11-18,RJ,FEMININO,Não,,Aux. De Enfermagem,5091.33,Não,Mensalista,51.0,525,0
MADUREIRA,F,RIO DE JANEIRO,BRASILEIRA,Divorciada,1982-03-29,RJ,FEMININO,Não,,Prof.Ii,2013.36,Não,Mensalista,43.0,977,0
SANTISSIMO,F,RIO DE JANEIRO,BRASILEIRA,Casada,1983-06-08,RJ,FEMININO,Não,,Prof. De Ensino Fundamental,7215.21,Não,Mensalista,42.0,953,0
SANTA CRUZ,F,RIO DE JANEIRO,BRASILEIRA,Casada,1975-12-10,RJ,FEMININO,Não,,Professor De Ensino Fundamenta,9024.96,Não,Mensalista,50.0,1001,1
PACIENCIA,F,RIO DE JANEIRO,BRASILEIRA,Solteira,1974-04-02,RJ,FEMININO,Não,,Merendeira,2546.95,Não,Mensalista,51.0,812,0
ITAIPUACU,F,MARICA,BRASILEIRA,Casada,1980-06-24,RJ,FEMININO,Não,,Prof I - Ingles,6425.16,Não,Mensalista,45.0,906,0
BARROS FILHOS,F,RIO DE JANEIRO,BRASILEIRA,SOLTEIRO,1980-10-20,RJ,FEMININO,Não,,Merendeira,823.62,Não,Mensalista,45.0,812,0
TAQUARA,F,RIO DE JANEIRO,Brasileira,Solteiro,1978-06-16,RJ,FEMININO,Não,,Professor Ii,4583.02,Não,Mensalista,47.0,1048,0
JARDIM CARIOCA,F,RIO DE JANEIRO,Brasileira,Divorciada,1959-09-19,RJ,FEMININO,Não,,Ag De Administração,7844.09,Não,Mensalista,66.0,40,3
ANA CLARA,F,RIO DE JANEIRO,Brasileira,Viúvo,1945-07-02,RJ,FEMININO,Não,,Servente,1022.2,Não,Mensalista,80.0,1116,2
INHAUMA,F,RIO DE JANEIRO,BRASILEIRA,Divorciada,1969-01-07,RJ,FEMININO,Não,,Aux De Enfermagem,2823.82,Não,Mensalista,56.0,459,0
PARQUE TURF CLUB,F,CAMPOS DE GOYTACAZES,Brasileira,Solteiro,1940-01-04,RJ,FEMININO,Não,,Aposentada,3551.02,Não,Mensalista,85.0,294,3
WONA,F,BELFORD ROXO,BRASILEIRA,Casada,1968-12-06,RJ,FEMININO,Não,,Agente De Educação Infantil,3041.54,Não,Mensalista,57.0,237,3
JARDIM AMERICA,F,RIO DE JANEIRO,BRASILEIRA,Solteira,1976-03-16,RJ,FEMININO,Não,,Agente Educador Ii,2164.8,Não,Mensalista,49.0,268,0
ANCHIETA,F,RIO DE JANEIRO,BRASILEIRA,Divorciada,1973-01-15,RJ,FEMININO,Não,,Ag Educação Infantil,7070.4,Não,Mensalista,52.0,70,3
SENADOR VASCONCELOS,F,RIO DE JANEIRO,BRASILEIRA,Viúva,1962-07-16,RJ,FEMININO,Não,,Merendeira,1788.97,Não,Mensalista,63.0,812,2
GRAJAU,F,RIO DE JANEIRO,BRASILEIRA,União Estável,1968-07-15,RJ,FEMININO,Não,,Professor Ii,6466.56,Não,Mensalista,57.0,1048,1
GRAJAU,F,RIO DE JANEIRO,BRASILEIRA,União Estável,1968-07-15,RJ,FEMININO,Não,,Professor Ii,6466.56,Não,Mensalista,57.0,1048,1
SENADOR VASCONCELOS,F,RIO DE JANEIRO,BRASILEIRA,Solteira,1966-06-26,RJ,FEMININO,Não,,Aux. De Enfermagem,4637.4,Não,Mensalista,59.0,525,3
GRAJAU,F,RIO DE JANEIRO,Brasileira,Divorciado,1953-04-27,RJ,FEMININO,Não,,Psicologo,2439.6,Não,Mensalista,72.0,1091,2
ANCHIETA,F,RIO DE JANEIRO,BRASILEIRA,Solteira,1967-07-21,RJ,FEMININO,Não,,Aux De Enfermagem 2 Grau,5082.11,Não,Mensalista,58.0,469,3
ANDARAI,F,RIO DE JANEIRO,BRASILEIRA,Solteira,1977-02-11,RJ,FEMININO,Não,,Ag. Educação Infantil,3902.1,Não,Mensalista,48.0,145,0
BANGU,F,RIO DE JANEIRO,BRASILEIRA,Casada,1968-09-13,RJ,FEMININO,Não,,Aux De Controle De Endemias,2188.78,Não,Mensalista,57.0,452,0
JARDIM MERITI,F,VILAR DOS TELES,BRASILEIRA,Divorciada,1961-06-29,RJ,FEMININO,Não,,Professor Ii,9721.62,Não,Mensalista,64.0,1048,1
JARDIM MERITI,F,VILAR DOS TELES,BRASILEIRA,Divorciada,1961-06-29,RJ,FEMININO,Não,,Professor Ii,9721.62,Não,Mensalista,64.0,1048,1
CAMPO GRANDE,F,RIO DE JANEIRO,BRASILEIRA,Solteira,1969-07-02,RJ,FEMININO,Não,,Aux. De Enfermagem,4332.89,Não,Mensalista,56.0,525,0
CURICICA,F,RIO DE JANEIRO,Brasileira,Solteiro,1957-10-13,RJ,FEMININO,Não,,Ag. Adm.,5062.42,Não,Mensalista,68.0,75,3
COSMOS,F,RIO DE JANEIRO,BRASILEIRA,Viúva,1973-04-07,RJ,FEMININO,Não,,Ag De Educação Infantil,3501.36,Não,Mensalista,52.0,55,3
TIJUCA,F,RIO DE JANEIRO,BRASILEIRA,Viúva,1939-07-15,RJ,FEMININO,Não,,Aposentada,0.0,Não,Mensalista,86.0,294,3
PACIENCIA,F,RIO DE JANEIRO,BRASILEIRA,Solteira,1952-03-01,RJ,FEMININO,Não,,Auxiliar De Enfermagem,1815.82,Não,Mensalista,73.0,608,3
RIO COMPRIDO,F,RIO DE JANEIRO,Brasileira,Viúva,1955-09-23,RJ,FEMININO,Não,,Merendeira,2100.69,Não,Mensalista,70.0,812,2
CACHAMBI,F,RIO DE JANEIRO,BRASILEIRA,Divorciada,1969-01-28,RJ,FEMININO,Não,,Professor Ii,5617.13,Não,Mensalista,56.0,1048,2
CACHAMBI,F,RIO DE JANEIRO,BRASILEIRA,Divorciada,1969-01-28,RJ,FEMININO,Não,,Professor Ii,5617.13,Não,Mensalista,56.0,1048,2
GAMBOA,F,RIO DE JANEIRO,BRASILEIRA,Divorciada,1955-08-19,RJ,FEMININO,Não,,Professor Ii,5411.03,Não,Mensalista,70.0,1048,2
OLARIA,F,RIO DE JANEIRO,Brasileira,Viúva,1959-08-01,RJ,FEMININO,Não,,Aux De Enfermagem 2º Grau,5742.49,Não,Mensalista,66.0,474,3
INHOAIBA,F,RIO DE JANEIRO,Brasileira,Casado,1956-02-13,RJ,FEMININO,Não,,Servente,1218.0,Não,Mensalista,69.0,1116,2
CAMPO GRANDE,F,RIO DE JANEIRO,BRASILEIRA,Casada,1966-11-06,RJ,FEMININO,Não,,Ag. De Ed. Infantil,3041.54,Não,Mensalista,59.0,126,3
REALENGO,F,RIO DE JANEIRO,Brasileira,Divorciada,1969-12-15,RJ,FEMININO,Não,,Aux De Enfermagem 2º Grau,5415.11,Não,Mensalista,56.0,474,0
COPACABANA,F,RIO DE JANEIRO,Brasileira,Casada,1957-11-16,RJ,FEMININO,Não,,Prof Ii,7271.46,Não,Mensalista,68.0,930,2
GAVEA,F,RIO DE JANEIRO,BRASILEIRA,Separada judicialmente,1972-05-21,RJ,FEMININO,Não,,Aux. De Educação Infantil,7647.26,Não,Mensalista,53.0,520,0
BENTO RIBEIRO,F,RIO DE JANEIRO,BRASILEIRA,Casada,1951-11-27,RJ,FEMININO,Não,,Auxiliar De Enfermagem- 2ª Gra,2868.48,Não,Mensalista,74.0,624,3
CASCADURA,F,RIO DE JANEIRO,Brasileira,Solteiro,1960-04-04,RJ,FEMININO,Não,,Nutricionista,4060.58,Não,Mensalista,65.0,836,2
CAMPO GRANDE,F,RIO DE JANEIRO,Brasileira,Casada,1964-01-31,RJ,FEMININO,Não,,Aux De Enfermagem,4547.19,Não,Mensalista,61.0,459,3
QUINTINO BOCAIUVA,F,RIO DE JANEIRO,BRASILEIRA,Divorciada,1956-04-25,RJ,FEMININO,Não,,Ag Educador Ii,1580.58,Não,Mensalista,69.0,69,3
BANGU,F,RIO DE JANEIRO,Brasileira,Solteiro,1964-03-22,RJ,MASCULINO,Não,,Ag. Vigilancia,5606.52,Não,Mensalista,61.0,152,3
CAJÚ,F,RIO DE JANEIRO,Brasileira,Casado,1953-02-02,RJ,MASCULINO,Não,,Art De Carp E Marcenaria,2754.42,Não,Mensalista,72.0,308,3
ROCHA,F,RIO DE JANEIRO,BRASILEIRA,Casada,1970-03-02,RJ,FEMININO,Não,,Agente De Administração/Chefe,2793.49,Não,Mensalista,55.0,219,3
SANTA CRUZ,F,RIO DE JANEIRO,BRASILEIRA,Viúvo,1948-03-17,RJ,FEMININO,Não,,Servente,1262.64,Não,Mensalista,77.0,1116,2
NOVA CIDADE,F,ITABORAI,Brasileira,Solteira,1953-04-18,RJ,FEMININO,Não,,Aux De Enfermagem 1º Grau,2465.4,Não,Mensalista,72.0,468,3
REALENGO,F,RIO DE JANEIRO,Brasileira,Divorciada,1943-03-28,RJ,FEMININO,Não,,Merendeira,901.0,Não,Mensalista,82.0,812,2
SAMPAIO,F,RIO DE JANEIRO,BRASILEIRA,Casado,1982-10-06,RJ,FEMININO,Não,Risco PLD/FT Baixo,Professor Docente I - 18 Horas,3173.29,Não,Mensalista,43.0,1014,0
HONORIO GURGEL,F,RIO DE JANEIRO,BRASILEIRA,Casado,1963-08-23,RJ,FEMININO,Não,Risco PLD/FT Baixo,Professor Ii,5293.13,Não,Mensalista,62.0,1048,2
CENTRO,F,DUQUE DE CAXIAS,Brasileira,Casado,1957-07-17,RJ,MASCULINO,Não,,Agente De Vigilancia,1811.42,Não,Mensalista,68.0,259,3
NOVA CAMPINA,F,DUQUE DE CAXIAS,Brasileira,Viúva,1946-12-25,RJ,FEMININO,Não,,Aposentada,2047.31,Não,Mensalista,79.0,294,3
TURIAÇU,F,RIO DE JANEIRO,Brasileira,Solteira,1973-05-31,RJ,FEMININO,Não,,Merendeira,1776.56,Não,Mensalista,52.0,812,0
LEOPOLDINA,F,RIO DE JANEIRO,Brasileira,Casado,1954-09-07,RJ,FEMININO,Não,,Professor Ii,6206.16,Não,Mensalista,71.0,1048,2
CACHAMBI,F,RIO DE JANEIRO,BRASILEIRA,Divorciada,1947-09-13,RJ,FEMININO,Não,,Auxiliar De Enfermagem - 2º Gr,3315.14,Não,Mensalista,78.0,614,3
COMENDADOR SOARES,F,NOVA IGUAÇU,Brasileira,Viúva,1951-04-03,RJ,FEMININO,Não,,Aposentada,3307.43,Não,Mensalista,74.0,294,3
DEL CASTILHO,F,RIO DE JANEIRO,BRASILEIRA,Casada,1965-12-27,RJ,FEMININO,Não,,Aposentada,4420.36,Não,Mensalista,60.0,294,3
CENTRO,F,NOVA IGUACU,Brasileira,Solteiro,1943-12-06,RJ,FEMININO,Não,,Aux De Enfermagem,1927.94,Não,Mensalista,82.0,459,3
CAMPO GRANDE,F,RIO DE JANEIRO,Brasileira,Solteiro,1961-03-06,RJ,FEMININO,Não,,Aux De Enfermagem,5068.34,Não,Mensalista,64.0,459,3
TANQUE,F,RIO DE JANEIRO,BRASILEIRA,Casada,1967-06-28,RJ,FEMININO,Não,,Merendeira,2325.72,Não,Mensalista,58.0,812,0
VILA DA PENHA,F,RIO DE JANEIRO,BRASILEIRA,Casada,1961-11-17,RJ,FEMININO,Não,,Professor Ii,6311.97,Não,Mensalista,64.0,1048,2
VILA DA PENHA,F,RIO DE JANEIRO,BRASILEIRA,Separada judicialmente,1961-11-17,RJ,FEMININO,Não,,Prof Ii/Diretor Adjunto,4459.43,Não,Mensalista,64.0,939,2
CAMPO GRANDE,F,RIO DE JANEIRO,Brasileira,Divorciado,1958-07-12,RJ,FEMININO,Não,,Tec. De Laboratorio,3816.04,Não,Mensalista,67.0,1154,2
TOMAS COELHO,F,RIO DE JANEIRO,BRASILEIRA,Divorciada,1945-06-19,RJ,FEMININO,Não,,Professor Ii,1927.31,Não,Mensalista,80.0,1048,2
FLAMENGO,F,RIO DE JANEIRO,BRASILEIRA,Solteira,1957-03-13,RJ,FEMININO,Não,,Secretario Escolar,3047.74,Não,Mensalista,68.0,1113,2
TIJUCA,F,RIO DE JANEIRO,BRASILEIRA,Separado judicialmente,1948-04-25,RJ,FEMININO,Não,,Professor,4080.44,Não,Mensalista,77.0,984,2
TIJUCA,F,RIO DE JANEIRO,BRASILEIRA,Solteira,1948-04-25,RJ,FEMININO,Não,,Professor,3709.48,Não,Mensalista,77.0,984,2
CARAMUJO,F,RIO DE JANEIRO,Brasileira,Solteiro,1958-01-02,RJ,FEMININO,Não,,Aux. De Enfermagem,4316.0,Não,Mensalista,67.0,525,3
JARDIM GUANABARA,F,RIO DE JANEIRO,BRASILEIRA,Casada,1963-06-03,RJ,FEMININO,Não,,Secretario Escolar,3014.52,Não,Mensalista,62.0,1113,2
INHOAIBA,F,RIO DE JANEIRO,Brasileira,Solteira,1964-09-21,RJ,FEMININO,Não,,Trabalhador,4460.55,Não,Mensalista,61.0,1202,2
HONORIO GURGEL,F,RIO DE JANEIRO,Brasileira,Solteiro,1952-04-25,RJ,FEMININO,Não,,Aux. De Enfermagem,4742.36,Não,Mensalista,73.0,525,3
LEOPOLDINA,F,RIO DE JANEIRO,Brasileira,Viúvo,1951-03-13,RJ,FEMININO,Não,,Copeiro,1966.2,Não,Mensalista,74.0,678,2
INHAUMA,F,RIO DE JANEIRO,BRASILEIRA,Solteira,1961-03-12,RJ,FEMININO,Não,,Servente (Sms),1914.98,Não,Mensalista,64.0,1118,2
MURIQUI,F,MANGARATIBA,BRASILEIRA,Casada,1961-03-15,RJ,FEMININO,Não,,Ag De Administração,3040.88,Não,Mensalista,64.0,40,3
GUADALUPE,F,RIO DE JANEIRO,Brasileira,Solteiro,1960-05-16,RJ,FEMININO,Não,,Merendeira,1597.14,Não,Mensalista,65.0,812,2
BRAZ DE PINA,F,RIO DE JANEIRO,BRASILEIRA,Separada judicialmente,1951-10-11,RJ,FEMININO,Não,,Professor Ii,1929.77,Não,Mensalista,74.0,1048,2
SEPETIBA,F,RIO DE JANEIRO,Brasileira,Solteiro,1958-09-24,RJ,FEMININO,Não,,Insp. De Alunos,1804.98,Não,Mensalista,67.0,784,2
BANGU,F,RIO DE JANEIRO,Brasileira,Solteiro,1956-05-20,RJ,FEMININO,Não,,Inspetor De Alunos,1343.4,Não,Mensalista,69.0,789,2
CARAMUJO,F,RIO DE JANEIRO,Brasileira,OUTROS,1945-03-07,RJ,FEMININO,Não,,Merendeira / Diretor,6210.28,Não,Mensalista,80.0,815,2
COELHO NETO,F,RIO DE JANEIRO,BRASILEIRA,Casada,1951-08-23,RJ,FEMININO,Não,,Servente,1333.5,Não,Mensalista,74.0,1116,2
SANTA CRUZ,F,RIO DE JANEIRO,Brasileira,Solteira,1962-03-24,RJ,FEMININO,Não,,Merendeira,1976.96,Não,Mensalista,63.0,812,2
PAIOL DE PÓLVORA,F,NILOPOLIS,BRASILEIRA,Casada,1949-02-08,RJ,FEMININO,Não,,Aux De Enfermagem 2º Grau,2629.48,Não,Mensalista,76.0,474,3
SEPETIBA,F,RIO DE JANEIRO,Brasileira,Viúva,1962-03-05,RJ,FEMININO,Não,,Merendeira,2097.16,Não,Mensalista,63.0,812,2
SENADOR CAMARA,F,RIO DE JANEIRO,Brasileira,Separada judicialmente,1951-11-12,RJ,FEMININO,Não,,Professor Ii,6537.02,Não,Mensalista,74.0,1048,2
CAMPO GRANDE,F,RIO DE JANEIRO,BRASILEIRA,Divorciada,1958-01-23,RJ,FEMININO,Não,,Aposentada,1481.54,Não,Mensalista,67.0,294,3
SÃO CRISTOVÃO,F,RIO DE JANEIRO,Brasileira,Solteira,1948-08-04,RJ,FEMININO,Não,,Merendeira,2055.52,Não,Mensalista,77.0,812,2
TURIAÇU,F,RIO DE JANEIRO,Brasileira,Viúvo,1952-08-24,RJ,FEMININO,Não,,Agente Administrativo I,2311.32,Não,Mensalista,73.0,179,3
SANTA CRUZ,F,RIO DE JANEIRO,BRASILEIRA,Divorciada,1948-05-20,RJ,FEMININO,Não,,Servente,799.44,Não,Mensalista,77.0,1116,2
PARADA DE LUCAS,F,RIO DE JANEIRO,BRASILEIRA,Casada,1952-03-21,RJ,FEMININO,Não,,Aux De Enfermagem 1º Grau,5122.73,Não,Mensalista,73.0,468,3
BANGU,F,RIO DE JANEIRO,BRASILEIRA,SOLTEIRO,1950-02-12,RJ,FEMININO,Não,,Auxiliar De Enfermagem,2303.64,Não,Mensalista,75.0,608,3
GLORIA,F,RIO DE JANEIRO,Brasileira,Solteiro,1952-05-01,RJ,FEMININO,Não,,Ag. Administrativo,0.0,Não,Mensalista,73.0,77,3
CAMPO GRANDE,F,RIO DE JANEIRO,Brasileira,Solteiro,1957-09-25,RJ,FEMININO,Não,,Servente,1439.1,Não,Mensalista,68.0,1116,2
ENGENHO DE DENTRO,F,RIO DE JANEIRO,Brasileira,Divorciado,1950-10-23,RJ,FEMININO,Não,,Copeiro,1088.28,Não,Mensalista,75.0,678,2
SANTA CRUZ,F,RIO DE JANEIRO,BRASILEIRA,Casada,1955-07-22,RJ,FEMININO,Não,,Merendeira,2327.17,Não,Mensalista,70.0,812,2
VISTA ALEGRE,F,RIO DE JANEIRO,BRASILEIRA,Solteira,1977-09-19,RJ,FEMININO,Não,,Professor Ii,1626.95,Não,Mensalista,48.0,1048,0
LEOPOLDINA,F,RIO DE JANEIRO,BRASILEIRA,Divorciado,1956-07-20,RJ,FEMININO,Não,,Merendeira,1479.98,Não,Mensalista,69.0,812,2
SENADOR CAMARA,F,RIO DE JANEIRO,Brasileira,Divorciado,1961-10-03,RJ,FEMININO,Não,,Professor,6630.72,Não,Mensalista,64.0,984,2
SEPETIBA,F,RIO DE JANEIRO,Brasileira,Divorciada,1951-05-21,RJ,FEMININO,Não,,Aux. De Enf.,3457.98,Não,Mensalista,74.0,522,3
REALENGO,F,RIO DE JANEIRO,Brasileira,Solteira,1964-10-10,RJ,FEMININO,Não,,Copeiro,2193.49,Não,Mensalista,61.0,678,0
VILA VALQUEIRE,F,RIO DE JANEIRO,BRASILEIRA,Divorciada,1950-05-12,RJ,FEMININO,Não,,Professor Ii,5548.69,Não,Mensalista,75.0,1048,2
ENGENHO NOVO,F,RIO DE JANEIRO,Brasileira,Solteiro,1942-01-21,RJ,FEMININO,Não,,Profii Lic Plen/Dir,7073.18,Não,Mensalista,83.0,1082,2
VILA ISABEL,F,RIO DE JANEIRO,BRASILEIRA,Casada,1961-04-06,RJ,FEMININO,Não,,Prof De Ensino Fundamental,7769.34,Não,Mensalista,64.0,887,1
MANGUEIRA,F,RIO DE JANEIRO,Brasileira,Casada,1965-09-17,RJ,FEMININO,Não,,Roupeiro,1215.17,Não,Mensalista,60.0,1099,2
GRAJAU,F,RIO DE JANEIRO,Brasileira,Divorciada,1961-01-18,RJ,FEMININO,Não,,Professor Ii,4809.61,Não,Mensalista,64.0,1048,2
GRAJAU,F,RIO DE JANEIRO,BRASILEIRA,Divorciada,1961-01-18,RJ,FEMININO,Não,,Professor Ii,4809.61,Não,Mensalista,64.0,1048,2
INHOAIBA,F,RIO DE JANEIRO,BRASILEIRA,Viúva,1951-10-19,RJ,FEMININO,Não,,Professor Ii,2776.81,Não,Mensalista,74.0,1048,2
INHOAIBA,F,RIO DE JANEIRO,Brasileira,Viúva,1951-10-19,RJ,FEMININO,Não,,Professor Ii,3174.72,Não,Mensalista,74.0,1048,2
REALENGO,F,RIO DE JANEIRO,Brasileira,Divorciada,1961-01-23,RJ,FEMININO,Não,,Aposentada,14192.39,Não,Mensalista,64.0,294,1
REALENGO,F,RIO DE JANEIRO,BRASILEIRA,Divorciada,1961-01-23,RJ,FEMININO,Não,,Aposentada,14192.39,Não,Mensalista,64.0,294,1
BENTO RIBEIRO,F,RIO DE JANEIRO,Brasileira,Solteiro,1958-06-14,RJ,FEMININO,Não,,Professora Matematica,7331.72,Não,Mensalista,67.0,1077,1
CAMPO GRANDE,F,RIO DE JANEIRO,BRASILEIRA,Casada,1976-05-24,RJ,FEMININO,Não,,Professor Ii,9570.84,Não,Mensalista,49.0,1048,1
PAVUNA,F,RIO DE JANEIRO,Brasileira,Casada,1959-04-02,RJ,FEMININO,Não,,Aux. De Enfermagem 2º Grau,3828.13,Não,Mensalista,66.0,539,3
ENCANTADO,F,RIO DE JANEIRO,BRASILEIRA,Divorciada,1972-10-21,RJ,FEMININO,Não,,Professor Ii,9604.74,Não,Mensalista,53.0,1048,1
CAMPO GRANDE,F,RIO DE JANEIRO,BRASILEIRA,Solteira,1977-10-10,RJ,FEMININO,Não,,Professor Ii,11652.87,Não,Mensalista,48.0,1048,1
COMENDADOR SOARES,F,NOVA IGUAÇU,BRASILEIRA,Casada,1986-03-21,RJ,FEMININO,Não,,Agente De Educação Infantil,2851.27,Não,Mensalista,39.0,237,0
QUINTINO BOCAIUVA,F,RIO DE JANEIRO,BRASILEIRA,Casada,1980-08-26,RJ,FEMININO,Não,,Prof I - Ciência,7178.12,Não,Mensalista,45.0,898,0
CENTRO,F,SÃO JOÃO DE MERITI,BRASILEIRA,Casada,1978-03-24,RJ,FEMININO,Não,,Agente De Educação Infantil,3081.5,Não,Mensalista,47.0,237,0
CENTRO,F,SAO JOAO DE MERITI,Brasileira,Solteira,1969-09-26,RJ,FEMININO,Não,,Professor Ii,8147.6,Não,Mensalista,56.0,1048,1
CENTRO,F,SAO JOAO DE MERITI,BRASILEIRA,Solteira,1969-09-26,RJ,FEMININO,Não,,Professor Ii,14570.26,Não,Mensalista,56.0,1048,1
BONSUCESSO,F,RIO DE JANEIRO,Brasileira,Casado,1958-05-11,RJ,FEMININO,Não,,Agente De Administração,4955.14,Não,Mensalista,67.0,216,3
REALENGO,F,RIO DE JANEIRO,Brasileira,Casada,1973-09-23,RJ,FEMININO,Não,,Auxiliar De Enfermagem,4819.37,Não,Mensalista,52.0,608,0
CENTRO,F,DUQUE DE CAXIAS,Brasileira,Solteira,1965-08-25,RJ,FEMININO,Não,,Enfermeiro,4505.33,Não,Mensalista,60.0,724,0
ITAMBI,F,ITABORAI,Brasileira,Solteira,1977-01-31,RJ,FEMININO,Não,,Merendeira,1524.1,Não,Mensalista,48.0,812,0
IRAJA,F,RIO DE JANEIRO,BRASILEIRA,Solteira,1979-03-09,RJ,FEMININO,Não,,Aux De Enfermagem,6055.92,Não,Mensalista,46.0,459,0
IRAJA,F,RIO DE JANEIRO,BRASILEIRA,Solteira,1979-03-09,RJ,FEMININO,Não,,Tecnico De Enfermagem,6632.65,Não,Mensalista,46.0,1172,1
ENGENHEIRO PEDREIRA,F,JAPERI,Brasileira,Divorciado,1944-07-19,RJ,MASCULINO,Não,,Feitor,1990.0,Não,Mensalista,81.0,760,2
DEL CASTILHO,F,RIO DE JANEIRO,BRASILEIRA,Solteiro,1952-01-11,RJ,MASCULINO,Não,,Eletricista De Rede (Rioluz),4277.7,Não,Mensalista,73.0,715,2
SANTA CRUZ,F,RIO DE JANEIRO,Brasileira,Viúva,1950-07-19,RJ,FEMININO,Não,,Servente,1765.74,Não,Mensalista,75.0,1116,2
VILA ISABEL,F,RIO DE JANEIRO,BRASILEIRA,Solteiro,1989-10-11,RJ,MASCULINO,Não,Risco PLD/FT Baixo,Tecnico Universitário Ii,5205.8,Não,,36.0,1195,0
DEL CASTILHO,F,RIO DE JANEIRO,Brasileira,Casado,1956-05-21,RJ,MASCULINO,Não,,Ag De Administração,5743.61,Não,Mensalista,69.0,40,3
CARAMUJO,F,RIO DE JANEIRO,Brasileira,Casado,1953-03-05,RJ,FEMININO,Não,,Agente De Portaria,1723.82,Não,Mensalista,72.0,243,3
OLARIA,F,RIO DE JANEIRO,BRASILEIRA,Casada,1952-01-18,RJ,FEMININO,Não,,Servente,1053.44,Não,Mensalista,73.0,1116,2
INHAUMA,F,RIO DE JANEIRO,BRASILEIRA,Solteiro,1979-05-10,RJ,FEMININO,Não,Risco PLD/FT Baixo,Professor De Educação Infantil,8973.92,Não,,46.0,998,1
BANGU,F,RIO DE JANEIRO,Brasileira,Solteiro,1959-04-16,RJ,FEMININO,Não,,Aux De Enfermagem,2900.58,Não,Mensalista,66.0,459,3
COLEGIO,F,RIO DE JANEIRO,BRASILEIRA,Casada,1952-12-15,RJ,FEMININO,Não,,Professor,2393.24,Não,Mensalista,73.0,984,2
VIGARIO GERAL,F,RIO DE JANEIRO,Brasileira,Solteira,1955-11-20,RJ,FEMININO,Não,,Aposentada,1838.97,Não,Mensalista,70.0,294,3
MAUA,F,MAGE,BRASILEIRA,Casada,1957-08-02,RJ,FEMININO,Não,,Aux De Enfermagem,2221.31,Não,Mensalista,68.0,459,3
REALENGO,F,RIO DE JANEIRO,Brasileira,Divorciado,1944-07-08,RJ,FEMININO,Não,,Servente,1959.58,Não,Mensalista,81.0,1116,2
ANDARAI,F,RIO DE JANEIRO,Brasileira,Casada,1948-01-08,RJ,FEMININO,Não,,Servente,4071.67,Não,Mensalista,77.0,1116,2
CENTRO,F,NITEROI,BRASILEIRA,Viúva,1957-02-26,RJ,FEMININO,Não,,Merendeira,954.0,Não,Mensalista,68.0,812,2
EDEN,F,SAO JOAO DE MERITI,BRASILEIRA,Casado,1949-07-26,RJ,FEMININO,Não,,Aux De Enfermagem,2746.22,Não,Mensalista,76.0,459,3
MADUREIRA,F,RIO DE JANEIRO,Brasileira,Casada,1946-09-03,RJ,FEMININO,Não,,Professor Ii,2180.48,Não,Mensalista,79.0,1048,2
PENHA,F,RIO DE JANEIRO,Brasileira,Solteiro,1967-07-03,RJ,MASCULINO,Não,,Trabalhador,1877.14,Não,Mensalista,58.0,1202,2
TAQUARA,F,RIO DE JANEIRO,Brasileira,Solteiro,1978-03-24,RJ,MASCULINO,Não,,Aux De Enfermagem 2º Grau,3549.67,Não,Mensalista,47.0,474,0
BARROS FILHOS,F,RIO DE JANEIRO,BRASILEIRA,Solteiro,1988-12-05,RJ,MASCULINO,Não,,Guarda Municipal,3206.77,Não,Mensalista,37.0,776,0
PIEDADE,F,RIO DE JANEIRO,BRASILEIRA,Solteiro,1990-05-07,RJ,MASCULINO,Não,,Guarda Municipal,2757.52,Não,Mensalista,35.0,776,0
PACIENCIA,F,RIO DE JANEIRO,Brasileira,Casada,1956-03-07,RJ,FEMININO,Não,,Servente,2872.69,Não,Mensalista,69.0,1116,2
BACAXA,F,SAQUAREMA,Brasileira,Casada,1951-10-04,RJ,FEMININO,Não,,Professor Ii,7508.44,Não,Mensalista,74.0,1048,2
BACAXA,F,SAQUAREMA,BRASILEIRA,Casada,1951-10-04,RJ,FEMININO,Não,,Aposentada,7508.44,Não,Mensalista,74.0,294,3
IRAJA,F,RIO DE JANEIRO,BRASILEIRA,Solteira,1966-11-11,RJ,FEMININO,Não,,Prof I - Geografia,16639.13,Não,Mensalista,59.0,904,1
IRAJA,F,RIO DE JANEIRO,BRASILEIRA,Solteira,1966-11-11,RJ,FEMININO,Não,,Aposentada,4481.75,Não,Mensalista,59.0,294,3
CASTÁLIA,F,CACHOEIRAS DE MACACU,Brasileira,Solteiro,1953-12-08,RJ,MASCULINO,Não,,Eletrecista De Rede (Rioluz),3435.47,Não,Mensalista,72.0,712,2
FREGUESIA,F,RIO DE JANEIRO,BRASILEIRA,Solteiro,1981-05-10,RJ,MASCULINO,Não,,Prof.Ii,12988.58,Não,Mensalista,44.0,977,1
FREGUESIA,F,RIO DE JANEIRO,BRASILEIRA,Solteiro,1981-05-10,RJ,MASCULINO,Não,,Prof.Ii,12988.52,Não,Mensalista,44.0,977,1
FLAMENGO,F,MARICA,BRASILEIRA,Casado,1966-04-18,RJ,MASCULINO,Não,,Ag. Aux. De Administração,6650.25,Não,Mensalista,59.0,86,3
MAUA,F,MAGE,Brasileira,Casado,1975-02-11,RJ,MASCULINO,Não,,Agente De Administração,10917.77,Não,Mensalista,50.0,216,1
PAVUNA,F,RIO DE JANEIRO,BRASILEIRA,Solteiro,1970-12-29,RJ,MASCULINO,Não,,Merendeira,2215.91,Não,Mensalista,55.0,812,0
TODOS OS SANTOS,F,RIO DE JANEIRO,Brasileira,Casada,1957-04-25,RJ,FEMININO,Não,,Professor Ii,8832.91,Não,Mensalista,68.0,1048,1
TODOS OS SANTOS,F,RIO DE JANEIRO,BRASILEIRA,Casada,1957-04-25,RJ,FEMININO,Não,,Professor Ii,8832.91,Não,Mensalista,68.0,1048,1
GUADALUPE,F,RIO DE JANEIRO,Brasileira,Casado,1945-05-07,RJ,FEMININO,Não,,Aux. De Enfermagem,1966.8,Não,Mensalista,80.0,525,3
PEDRA DE GUARATIBA,F,RIO DE JANEIRO,BRASILEIRA,Solteira,1981-07-15,RJ,FEMININO,Não,,Ag. De Educação Infantil,3945.91,Não,Mensalista,44.0,129,0
VICENTE DE CARVALHO,F,RIO DE JANEIRO,BRASILEIRA,Solteira,1986-12-17,RJ,FEMININO,Não,,Agente Auxiliar De Creche,1036.3,Não,Mensalista,39.0,195,0
GUARATIBA,F,RIO DE JANEIRO,Brasileira,Casado,1977-09-05,RJ,FEMININO,Não,,Professora Ii,1745.37,Não,Mensalista,48.0,1074,0
VILA BORGERTH,F,BELFORD ROXO,BRASILEIRA,Solteira,1975-05-16,RJ,FEMININO,Não,,Professor Ii,7724.03,Não,Mensalista,50.0,1048,1
TAUA,F,RIO DE JANEIRO,Brasileira,Solteira,1975-08-13,RJ,FEMININO,Não,,Aux De Enfermagem 2º Grau,1881.57,Não,Mensalista,50.0,474,0
TAQUARA,F,RIO DE JANEIRO,BRASILEIRA,Solteira,1978-12-14,RJ,FEMININO,Não,,Professor,10063.42,Não,Mensalista,47.0,984,1
MARECHAL HERMES,F,RIO DE JANEIRO,BRASILEIRA,Casada,1976-06-26,RJ,FEMININO,Não,,Professor Ii,10209.06,Não,Mensalista,49.0,1048,1
AGOSTINHO PORTO,F,SÃO JOÃO DE MERITI,BRASILEIRA,Casada,1975-09-27,RJ,FEMININO,Não,,Aux De Enfermagem - 2º Grau,3180.51,Não,Mensalista,50.0,465,0
KM 32,F,NOVA IGUAÇU,BRASILEIRA,Divorciada,1979-09-27,RJ,FEMININO,Não,,Merendeira,2359.92,Não,Mensalista,46.0,812,0
COLEGIO,F,RIO DE JANEIRO,BRASILEIRA,Casada,1975-04-04,RJ,FEMININO,Não,,Assistente Social,15443.0,Não,Mensalista,50.0,430,1
CAMPINHO,F,RIO DE JANEIRO,BRASILEIRA,Solteira,1971-04-05,RJ,FEMININO,Não,,Merendeira,1571.47,Não,Mensalista,54.0,812,0
VILA ISABEL,F,RIO DE JANEIRO,BRASILEIRA,Divorciada,1964-01-29,RJ,FEMININO,Não,,Prof.Ii,11461.96,Não,Mensalista,61.0,977,1
VILA VALVERDE,F,NOVA IGUACU,BRASILEIRA,Divorciado,1977-10-21,RJ,FEMININO,Não,Risco PLD/FT Baixo,Enfermeira,7673.84,Não,Mensalista,48.0,720,1
SÃO CRISTOVÃO,F,RIO DE JANEIRO,BRASILEIRA,Solteira,1976-08-13,RJ,FEMININO,Não,,Ag. De Educação Infantil,4152.85,Não,Mensalista,49.0,129,0
INHOAIBA,F,RIO DE JANEIRO,BRASILEIRA,Casado,1983-05-09,RJ,FEMININO,Não,Risco PLD/FT Baixo,Auxiliar De Enfermagem ( Enq.,3978.45,Não,Mensalista,42.0,609,0
PACIENCIA,F,RIO DE JANEIRO,BRASILEIRA,Casado,1980-03-19,RJ,FEMININO,Não,,Agente Aux. De Creche,802.34,Não,Mensalista,45.0,188,0
CAMPO GRANDE,F,RIO DE JANEIRO,BRASILEIRA,Casada,1954-12-15,RJ,FEMININO,Não,,Professor Ii,6098.61,Não,Mensalista,71.0,1048,2
CAMPO GRANDE,F,RIO DE JANEIRO,BRASILEIRA,Casada,1954-12-15,RJ,FEMININO,Não,,Professor Ii,4264.94,Não,Mensalista,71.0,1048,2
ANDARAI,F,RIO DE JANEIRO,BRASILEIRA,Casada,1978-12-25,RJ,FEMININO,Não,,Ag. De Educação Infantil,3112.48,Não,Mensalista,47.0,129,0
TAQUARA,F,RIO DE JANEIRO,BRASILEIRA,Divorciada,1976-04-14,RJ,FEMININO,Não,,Professor Ii,11910.5,Não,Mensalista,49.0,1048,1
TAQUARA,F,RIO DE JANEIRO,BRASILEIRA,Divorciada,1976-04-14,RJ,FEMININO,Não,,Professor De Educação Infantil,11910.5,Não,Mensalista,49.0,998,1
JARDIM CARIOCA,F,RIO DE JANEIRO,BRASILEIRA,Solteira,1977-02-24,RJ,FEMININO,Não,,Agente De Educação Infantil,1731.7,Não,Mensalista,48.0,237,0
CASCADURA,F,RIO DE JANEIRO,Brasileira,Solteira,1980-06-02,RJ,FEMININO,Não,,Aux. De Enfermagem,2446.09,Não,Mensalista,45.0,525,0
ANCHIETA,F,RIO DE JANEIRO,Brasileira,Solteira,1982-01-18,RJ,FEMININO,Não,,Professor Ii,7818.58,Não,Mensalista,43.0,1048,1
IRAJA,F,RIO DE JANEIRO,BRASILEIRA,Solteira,1984-10-05,RJ,FEMININO,Não,,Agente De Educação Infantil,2364.43,Não,Mensalista,41.0,237,0
CAMPO GRANDE,F,RIO DE JANEIRO,Brasileira,Casado,1977-06-29,RJ,FEMININO,Não,,Prof Ii,2000.0,Não,Mensalista,48.0,930,0
PEDRA DE GUARATIBA,F,RIO DE JANEIRO,BRASILEIRA,Casada,1970-05-23,RJ,FEMININO,Não,,Prof I - Lingua Portuguesa,5702.18,Não,Mensalista,55.0,909,0
ENGENHO NOVO,F,RIO DE JANEIRO,Brasileira,Divorciada,1963-06-06,RJ,FEMININO,Não,,Aposentada,4072.65,Não,Mensalista,62.0,294,3
SENADOR CAMARA,F,RIO DE JANEIRO,Brasileira,Solteiro,1970-02-25,RJ,MASCULINO,Não,,Ag. De Portaria,2338.74,Não,Mensalista,55.0,133,3
MADUREIRA,F,RIO DE JANEIRO,Brasileira,Solteiro,1962-12-12,RJ,MASCULINO,Não,,Ag. De Adm.,4605.46,Não,Mensalista,63.0,106,3
IRAJA,F,RIO DE JANEIRO,Brasileira,Solteiro,1965-10-25,RJ,MASCULINO,Não,,Aux. Serv. Gerais,6042.54,Não,Mensalista,60.0,576,3
INHOAIBA,F,RIO DE JANEIRO,Brasileira,Casado,1958-04-05,RJ,MASCULINO,Não,,Aux De Enfermagem 2º Grau,2384.34,Não,Mensalista,67.0,474,3
CAMPO GRANDE,F,RIO DE JANEIRO,BRASILEIRA,Solteiro,1985-08-02,RJ,MASCULINO,Não,,Gari,2993.15,Não,Mensalista,40.0,769,0
GUADALUPE,F,RIO DE JANEIRO,BRASILEIRA,Viúva,1962-11-04,RJ,FEMININO,Não,,Merendeira,2505.37,Não,Mensalista,63.0,812,2
LEOPOLDINA,F,RIO DE JANEIRO,Brasileira,Casado,1954-11-30,RJ,MASCULINO,Não,,Prof. Ii,6234.62,Não,Mensalista,71.0,968,2
IRAJA,F,RIO DE JANEIRO,BRASILEIRA,Casado,1959-11-27,RJ,MASCULINO,Não,,Aux De Enfermagem 2º Grau,2547.24,Não,Mensalista,66.0,474,3
MANGUEIRA,F,RIO DE JANEIRO,Brasileira,Não informado,1953-06-14,RJ,FEMININO,Não,,Assist. Adm,3195.5,Não,Mensalista,72.0,416,3
NOVA ERA,F,NOVA IGUAÇU,Brasileira,Solteiro,1959-08-18,RJ,MASCULINO,Não,,Trabalhador,2791.59,Não,Mensalista,66.0,1202,2
GAVEA,F,RIO DE JANEIRO,BRASILEIRA,Solteiro,1955-11-30,RJ,MASCULINO,Não,,Copeiro (Sms),2033.23,Não,Mensalista,70.0,681,2
CASCADURA,F,RIO DE JANEIRO,BRASILEIRA,Divorciado,1953-01-26,RJ,MASCULINO,Não,,Trabalhador,1833.58,Não,Mensalista,72.0,1202,2
SEPETIBA,F,RIO DE JANEIRO,Brasileira,Casado,1954-11-13,RJ,FEMININO,Não,,Professor,4661.96,Não,Mensalista,71.0,984,2
CASCADURA,F,RIO DE JANEIRO,Brasileira,Solteiro,1948-04-19,RJ,MASCULINO,Não,,Servente,1694.54,Não,Mensalista,77.0,1116,2
PIEDADE,F,RIO DE JANEIRO,Brasileira,Casado,1942-11-05,RJ,MASCULINO,Não,,Motorista,4244.18,Não,Mensalista,83.0,827,2
SARACURUNA,F,DUQUE DE CAXIAS,Brasileira,Casado,1955-04-02,RJ,MASCULINO,Não,,Operador De Maquinas Pesadas,1771.3,Não,Mensalista,70.0,855,2
NOVA IGUACU,F,NOVA IGUACU,Brasileira,Divorciado,1939-11-07,RJ,MASCULINO,Não,,Aposentado,3358.1,Não,Mensalista,86.0,295,3
JACAREPAGUA,F,RIO DE JANEIRO,Brasileira,Casada,1963-02-18,RJ,FEMININO,Não,,Aux De Enfermagem - 1° Grau,3546.38,Não,Mensalista,62.0,461,3
SANTA CRUZ,F,RIO DE JANEIRO,Brasileira,Divorciado,1937-03-17,RJ,MASCULINO,Não,,Trabalhador,1583.24,Não,Mensalista,88.0,1202,2
GUARATIBA,F,RIO DE JANEIRO,BRASILEIRA,Casado,1985-08-13,RJ,MASCULINO,Não,,Agente Educador Ii,1731.42,Não,Mensalista,40.0,268,0
SANTISSIMO,F,RIO DE JANEIRO,BRASILEIRA,SOLTEIRO,1978-05-15,RJ,MASCULINO,Não,,Prof I,8049.57,Não,Mensalista,47.0,895,1
SANTA ROSA,F,NITEROI,BRASILEIRA,SOLTEIRO,1989-01-06,RJ,MASCULINO,Não,,Contínuo,802.53,Não,Mensalista,36.0,675,0
OLARIA,F,RIO DE JANEIRO,Brasileira,Casado,1952-11-17,RJ,MASCULINO,Não,,Motorista,3566.0,Não,Mensalista,73.0,827,2
PAVUNA,F,RIO DE JANEIRO,Brasileira,Casado,1957-04-07,RJ,MASCULINO,Não,,Agente De Vigilancia,4677.31,Não,Mensalista,68.0,259,3
SANTA ROSA,F,NITEROI,Brasileira,Não informado,1938-09-26,RJ,MASCULINO,Não,,Ag. De Pag. Pessoal 1,0.0,Não,Mensalista,87.0,132,3
IRAJA,F,RIO DE JANEIRO,Brasileira,Solteiro,1964-03-21,RJ,MASCULINO,Não,,Motorista,3148.88,Não,Mensalista,61.0,827,2
CASCADURA,F,RIO DE JANEIRO,Brasileira,Casado,1954-05-08,RJ,MASCULINO,Não,,Motorista,2743.24,Não,Mensalista,71.0,827,2
PILARES,F,RIO DE JANEIRO,BRASILEIRA,Solteiro,1962-11-05,RJ,MASCULINO,Não,,Tecnico De Radiologia,5398.83,Não,Mensalista,63.0,1182,2
CENTRO,F,NITEROI,Brasileira,Casado,1945-10-03,RJ,FEMININO,Não,,Tecnico Judiciario,9872.88,Não,Mensalista,80.0,1187,1
ENGENHO NOVO,F,RIO DE JANEIRO,Brasileira,Viúvo,1947-07-14,RJ,MASCULINO,Não,,Ass. Admin.,10204.18,Não,Mensalista,78.0,398,3
PADRE MIGUEL,F,RIO DE JANEIRO,BRASILEIRA,Solteiro,1964-10-20,RJ,MASCULINO,Não,,Guarda Municipal,6198.59,Não,Mensalista,61.0,776,2
BENTO RIBEIRO,F,RIO DE JANEIRO,Brasileira,Solteiro,1961-11-02,RJ,MASCULINO,Não,,Trabalhador,4402.51,Não,Mensalista,64.0,1202,2
VIGARIO GERAL,F,RIO DE JANEIRO,Brasileira,Casada,1957-11-12,RJ,FEMININO,Não,,Prof Ii,16373.2,Não,Mensalista,68.0,930,1
VIGARIO GERAL,F,RIO DE JANEIRO,BRASILEIRA,Casada,1957-11-12,RJ,FEMININO,Não,,Professor Ii,16373.2,Não,Mensalista,68.0,1048,1
TIJUCA,F,RIO DE JANEIRO,Brasileira,Divorciado,1946-05-16,RJ,FEMININO,Não,,Aposentada,5352.9,Não,Mensalista,79.0,294,3
PARQUE BEIRA MAR,F,DUQUE DE CAXIAS,Brasileira,Solteira,1956-01-30,RJ,FEMININO,Não,,Agente De Administração,7819.18,Não,Mensalista,69.0,216,3
SANTA CRUZ DA SERRA,F,DUQUE DE CAXIAS,Brasileira,Solteiro,1951-08-28,RJ,FEMININO,Não,,Aux. De Enfermagem,2188.02,Não,Mensalista,74.0,525,3
SANTA CRUZ,F,RIO DE JANEIRO,BRASILEIRA,Casado,1952-11-19,RJ,FEMININO,Não,,Merendeira,943.01,Não,Mensalista,73.0,812,2
TAUA,F,RIO DE JANEIRO,Brasileira,Casada,1955-03-09,RJ,FEMININO,Não,,Professor Ii/ Diretor Iv,7895.95,Não,Mensalista,70.0,1061,1
CAMPO GRANDE,F,RIO DE JANEIRO,Brasileira,Casada,1967-10-16,RJ,FEMININO,Não,,Auxiliar De Enfermagem,2772.63,Não,Mensalista,58.0,608,0
SANTA CRUZ,F,RIO DE JANEIRO,Brasileira,Casado,1956-11-27,RJ,FEMININO,Não,,Ascensorista,1198.82,Não,Mensalista,69.0,390,3
PENHA,F,RIO DE JANEIRO,Brasileira,Casado,1967-06-23,RJ,MASCULINO,Não,,Trabalhador,2107.14,Não,Mensalista,58.0,1202,2
PECHINCHA,F,RIO DE JANEIRO,Brasileira,Casado,1953-10-10,RJ,MASCULINO,Não,,Motorista Operador,3713.72,Não,Mensalista,72.0,831,2
CENTRO,F,RIO DE JANEIRO,Brasileira,Solteiro,1952-09-07,RJ,MASCULINO,Não,,Aux. De Serviços De Saude,1394.3,Não,Mensalista,73.0,560,3
HIGIENOPOLIS,F,RIO DE JANEIRO,Brasileira,Solteiro,1967-03-29,RJ,MASCULINO,Não,,Agente Aux. De Adm.,2980.02,Não,Mensalista,58.0,186,3
OLARIA,F,RIO DE JANEIRO,Brasileira,Casada,1966-05-19,RJ,FEMININO,Não,,Aposentada,4738.77,Não,Mensalista,59.0,294,3
CAMPO GRANDE,F,RIO DE JANEIRO,Brasileira,Solteira,1965-12-23,RJ,FEMININO,Não,,Professor Ii,2727.22,Não,Mensalista,60.0,1048,2
PADRE MIGUEL,F,RIO DE JANEIRO,Brasileira,Divorciada,1960-08-04,RJ,FEMININO,Não,,Merendeira,2843.35,Não,Mensalista,65.0,812,2
ENGENHEIRO PEDREIRA,F,JAPERI,BRASILEIRA,Solteira,1976-01-26,RJ,FEMININO,Não,,Merendeira,2584.21,Não,Mensalista,49.0,812,0
RICARDO DE ALBUQUERQUE,F,RIO DE JANEIRO,BRASILEIRA,Casado,1958-06-26,RJ,FEMININO,Não,,Professor Ii,2890.41,Não,Mensalista,67.0,1048,2
RICARDO DE ALBUQUERQUE,F,RIO DE JANEIRO,BRASILEIRA,Casado,1958-06-26,RJ,FEMININO,Não,,Professor Ii,2551.31,Não,Mensalista,67.0,1048,2
JACAREPAGUA,F,RIO DE JANEIRO,BRASILEIRA,Divorciado,1953-06-17,RJ,FEMININO,Não,,Merendeira,1069.28,Não,Mensalista,72.0,812,2
TIJUCA,F,RIO DE JANEIRO,BRASILEIRA,Solteiro,1979-01-03,RJ,MASCULINO,Não,,Prof I - Educacao Fisica,3554.5,Não,Mensalista,46.0,900,0
SANTA CRUZ,F,RIO DE JANEIRO,Brasileira,Casado,1959-03-20,RJ,MASCULINO,Não,,Servente(Sms),2264.08,Não,Mensalista,66.0,1121,2
COSTA BARROS,F,RIO DE JANEIRO,Brasileira,Solteiro,1953-03-12,RJ,MASCULINO,Não,,Servente,2575.68,Não,Mensalista,72.0,1116,2
ENGENHO DA RAINHA,F,RIO DE JANEIRO,BRASILEIRA,Solteiro,1959-04-03,RJ,MASCULINO,Não,Risco PLD/FT Baixo,Professor Faetec I 20H,8769.33,Não,Mensalista,66.0,1026,1
MEIER,F,RIO DE JANEIRO,BRASILEIRA,Divorciado,1960-08-07,RJ,MASCULINO,Não,,Tec. Em Radiologia,5501.09,Não,Mensalista,65.0,1157,2
PECHINCHA,F,RIO DE JANEIRO,Brasileira,Casado,1962-04-09,RJ,MASCULINO,Não,,Militar Ativo,2646.86,Não,Mensalista,63.0,823,2
MAGALHAES BASTOS,F,RIO DE JANEIRO,BRASILEIRA,Casado,1972-03-23,RJ,MASCULINO,Não,Risco PLD/FT Baixo,Guarda Municipal,6264.79,Não,Mensalista,53.0,776,0
ALTO DA BOA VISTA,F,RIO DE JANEIRO,Brasileira,Solteiro,1960-07-26,RJ,MASCULINO,Não,,Trabalhador,2179.66,Não,Mensalista,65.0,1202,2
ILHA DE GUARATIBA,F,RIO DE JANEIRO,BRASILEIRA,Casado,1978-09-29,RJ,MASCULINO,Não,Risco PLD/FT Baixo,Auxiliar De Controle De Endemi,4445.95,Não,Mensalista,47.0,603,0
QUINTINO BOCAIUVA,F,RIO DE JANEIRO,BRASILEIRA,Casado,1953-02-19,RJ,MASCULINO,Não,,Trabalhador,2687.37,Não,Mensalista,72.0,1202,2
SANTA CRUZ,F,RIO DE JANEIRO,Brasileira,União Estável,1952-03-07,RJ,MASCULINO,Não,,Art.De Pavimentação,1851.22,Não,Mensalista,73.0,382,3
ESTÁCIO,F,RIO DE JANEIRO,BRASILEIRA,Casado,1983-11-12,RJ,MASCULINO,Não,Risco PLD/FT Baixo,Soldado,5857.27,Não,Mensalista,42.0,1127,0
INHOAIBA,F,RIO DE JANEIRO,BRASILEIRA,Casado,1964-11-20,RJ,MASCULINO,Não,,Trabalhador,3951.61,Não,Mensalista,61.0,1202,2
FIGUEIRA,F,NOVA IGUAÇU,Brasileira,Casado,1953-08-06,RJ,MASCULINO,Não,,Servente(Sms),1394.89,Não,Mensalista,72.0,1121,2
PARQUE ANCHIETA,F,RIO DE JANEIRO,BRASILEIRA,Solteiro,1976-12-01,RJ,MASCULINO,Não,Risco PLD/FT Baixo,Professor De Ensino Fundamenta,9216.95,Não,Mensalista,49.0,1001,1
BANGU,F,RIO DE JANEIRO,BRASILEIRA,Solteiro,1975-07-01,RJ,MASCULINO,Não,,Profissional De Nivel Medio,4397.5,Não,Mensalista,50.0,1083,0
SANTA CRUZ,F,RIO DE JANEIRO,Brasileira,Casado,1965-04-03,RJ,MASCULINO,Não,,Aposentado,1382.75,Não,Mensalista,60.0,295,3
PENHA,F,RIO DE JANEIRO,Brasileira,Casado,1936-08-03,RJ,FEMININO,Não,,Agente Adm.,3306.18,Não,Mensalista,89.0,174,3
PADRE MIGUEL,F,RIO DE JANEIRO,Brasileira,Solteira,1958-11-28,RJ,FEMININO,Não,,Ag De Administração,4804.58,Não,Mensalista,67.0,40,3
SEPETIBA,F,RIO DE JANEIRO,BRASILEIRA,Casado,1957-04-09,RJ,FEMININO,Não,,Merendeira,983.7,Não,Mensalista,68.0,812,2
CASCADURA,F,RIO DE JANEIRO,BRASILEIRA,Casado,1970-02-01,RJ,MASCULINO,Não,,Auxiliar De Enfermagem - 2ª Gr,3216.73,Não,Mensalista,55.0,611,0
MIGUEL COUTO,F,NOVA IGUACU,Brasileira,Casado,1955-02-19,RJ,MASCULINO,Não,,Ass.Admin.,5183.5,Não,Mensalista,70.0,403,3
INHAUMA,F,RIO DE JANEIRO,Brasileira,Casado,1956-06-22,RJ,MASCULINO,Não,,Trabalhador,2892.18,Não,Mensalista,69.0,1202,2
COSMOS,F,RIO DE JANEIRO,Brasileira,Casado,1959-02-11,RJ,MASCULINO,Não,,Art De Alvenaria E Pintura,1899.49,Não,Mensalista,66.0,304,3
SANTA CRUZ,F,RIO DE JANEIRO,Brasileira,Casado,1968-01-14,RJ,MASCULINO,Não,,Trabalhador,3217.66,Não,Mensalista,57.0,1202,2
INHAUMA,F,DUQUE DE CAXIAS,Brasileira,Não informado,1948-04-01,RJ,MASCULINO,Não,,Agente De Portaria,2207.12,Não,Mensalista,77.0,243,3
BANGU,F,RIO DE JANEIRO,Brasileira,Casado,1949-06-06,RJ,MASCULINO,Não,,Trabalhador,2053.8,Não,Mensalista,76.0,1202,2
ALTO DA BOA VISTA,F,RIO DE JANEIRO,Brasileira,Casado,1956-05-20,RJ,MASCULINO,Não,,Aux. De Enfermagem,2281.8,Não,Mensalista,69.0,525,3
CAMPO GRANDE,F,RIO DE JANEIRO,BRASILEIRA,Casado,1954-05-26,RJ,MASCULINO,Não,Risco PLD/FT Baixo,Vigilante,7390.92,Não,Mensalista,71.0,1237,2
CAMPO GRANDE,F,RIO DE JANEIRO,Brasileira,Casado,1943-10-12,RJ,MASCULINO,Não,,Art. De Pav. E Pedreira,4115.08,Não,Mensalista,82.0,365,3
SANTA CRUZ,F,RIO DE JANEIRO,Brasileira,Casado,1962-01-09,RJ,MASCULINO,Não,,Trabalhador,2162.94,Não,Mensalista,63.0,1202,2
ANIL,F,RIO DE JANEIRO,BRASILEIRA,Solteiro,1972-06-30,RJ,MASCULINO,Não,Risco PLD/FT Baixo,Guarda Municipal,16252.71,Não,Mensalista,53.0,776,1
CAMPO GRANDE,F,RIO DE JANEIRO,Brasileira,Solteiro,1964-06-02,RJ,MASCULINO,Não,,Trabalhador,4135.88,Não,Mensalista,61.0,1202,2
VILA CENTENARIO,F,DUQUE DE CAXIAS,BRASILEIRA,Casado,1963-05-19,RJ,MASCULINO,Não,,Guarda Municipal,3825.63,Não,Mensalista,62.0,776,2
QUINTINO BOCAIUVA,F,RIO DE JANEIRO,Brasileira,Casado,1965-11-01,RJ,MASCULINO,Não,,Ascensorista/Assistente Ii,2806.96,Não,Mensalista,60.0,392,3
GUARATIBA,F,RIO DE JANEIRO,BRASILEIRA,Solteiro,1982-05-23,RJ,MASCULINO,Não,,Ag. Educador Ii,1782.19,Não,Mensalista,43.0,144,0
SENADOR CAMARA,F,RIO DE JANEIRO,Brasileira,Divorciada,1967-09-27,RJ,FEMININO,Não,,Aux. De Laboratorio,3424.29,Não,Mensalista,58.0,551,0
BENTO RIBEIRO,F,RIO DE JANEIRO,Brasileira,Casado,1957-10-04,RJ,FEMININO,Não,,Ii Sargento P.M,3930.92,Não,Mensalista,68.0,779,2
CAMPO GRANDE,F,RIO DE JANEIRO,BRASILEIRA,Casada,1962-04-13,RJ,FEMININO,Não,,Professor Ii,10384.73,Não,Mensalista,63.0,1048,1
CAMPO GRANDE,F,RIO DE JANEIRO,Brasileira,Casada,1962-04-13,RJ,FEMININO,Não,,Professor Ii,10384.73,Não,Mensalista,63.0,1048,1
SANTA CRUZ,F,RIO DE JANEIRO,Brasileira,Casada,1963-02-10,RJ,FEMININO,Não,,Merendeira,1716.63,Não,Mensalista,62.0,812,2
COPACABANA,F,RIO DE JANEIRO,Brasileira,Solteiro,1945-12-06,RJ,FEMININO,Não,,Ass De Gabinete,4959.62,Não,Mensalista,80.0,395,3
OSWALDO CRUZ,F,RIO DE JANEIRO,Brasileira,Solteira,1952-02-01,RJ,FEMININO,Não,,Merendeira,755.42,Não,Mensalista,73.0,812,2
BANGU,F,RIO DE JANEIRO,Brasileira,Viúvo,1942-12-31,RJ,FEMININO,Não,,Servente,1433.76,Não,Mensalista,83.0,1116,2
MESQUITA,F,RIO DE JANEIRO,Brasileira,Casado,1955-09-05,RJ,FEMININO,Não,,Ag.De Administração,3057.2,Não,Mensalista,70.0,160,3
SEPETIBA,F,RIO DE JANEIRO,BRASILEIRA,Casada,1960-05-06,RJ,FEMININO,Não,,Merendeira,1707.45,Não,Mensalista,65.0,812,2
INHAUMA,F,RIO DE JANEIRO,Brasileira,Solteiro,1950-02-23,RJ,FEMININO,Não,,Enfermeiro,5550.86,Não,Mensalista,75.0,724,2
VILA DA PENHA,F,RIO DE JANEIRO,Brasileira,Divorciado,1936-10-02,RJ,FEMININO,Não,,Professor 2,3721.6,Não,Mensalista,89.0,988,2
FLAMENGO,F,RIO DE JANEIRO,Brasileira,Solteiro,1932-10-25,RJ,FEMININO,Não,,Procurador Federal,17169.82,Não,Mensalista,93.0,871,1
LEOPOLDINA,F,RIO DE JANEIRO,Brasileira,Casado,1950-08-31,RJ,FEMININO,Não,,Prof. Ii,7307.82,Não,Mensalista,75.0,968,2
SENADOR CAMARA,F,RIO DE JANEIRO,Brasileira,Solteiro,1952-10-08,RJ,FEMININO,Não,,Servente,1022.2,Não,Mensalista,73.0,1116,2
MANGUINHOS,F,RIO DE JANEIRO,Brasileira,Divorciado,1951-10-04,RJ,MASCULINO,Não,,Servente,1689.59,Não,Mensalista,74.0,1116,2
BANGU,F,RIO DE JANEIRO,Brasileira,Casado,1954-09-09,RJ,MASCULINO,Não,,Trabalhador / Subgerente Iii,2616.31,Não,Mensalista,71.0,1207,2
IRAJA,F,RIO DE JANEIRO,Brasileira,Divorciada,1954-10-01,RJ,FEMININO,Não,,Aux De Enfermagem - 2° Grau,2702.19,Não,Mensalista,71.0,463,3
SENADOR CAMARA,F,RIO DE JANEIRO,BRASILEIRA,Solteira,1961-10-12,RJ,FEMININO,Não,,Merendeira,1202.67,Não,Mensalista,64.0,812,2
BARRETO,F,NITEROI,Brasileira,Não informado,1931-01-28,RJ,FEMININO,Não,,Agente Admonistrativo,2907.76,Não,Mensalista,94.0,182,3
CENTRO,F,MENDES,Brasileira,Divorciada,1938-12-03,RJ,FEMININO,Não,,Professor Ii,5094.62,Não,Mensalista,87.0,1048,2
CENTRO,F,MENDES,BRASILEIRA,Divorciado,1938-12-03,RJ,FEMININO,Não,,Professor I,4852.03,Não,Mensalista,87.0,1028,2
QUINTINO BOCAIUVA,F,RIO DE JANEIRO,BRASILEIRA,Viúva,1950-02-05,RJ,FEMININO,Não,,Professor Ii,10025.48,Não,Mensalista,75.0,1048,1
QUINTINO BOCAIUVA,F,RIO DE JANEIRO,Brasileira,Viúva,1950-02-05,RJ,FEMININO,Não,,Professor Ii,10025.48,Não,Mensalista,75.0,1048,1
PACIENCIA,F,RIO DE JANEIRO,Brasileira,Casado,1946-02-06,RJ,MASCULINO,Não,,Motorista,3724.7,Não,Mensalista,79.0,827,2
MARAMBAIA,F,ITABORAI,Brasileira,Casado,1959-08-15,RJ,MASCULINO,Não,,Ag. Executivo,8474.78,Não,Mensalista,66.0,146,3
SANTA CRUZ,F,RIO DE JANEIRO,Brasileira,Viúvo,1953-03-02,RJ,FEMININO,Não,,Professora Ii,5731.96,Não,Mensalista,72.0,1074,2
CABUÇU,F,NOVA IGUAÇU,Brasileira,Divorciada,1960-01-16,RJ,FEMININO,Não,,Servente,1541.01,Não,Mensalista,65.0,1116,2
VILA DA PENHA,F,RIO DE JANEIRO,BRASILEIRA,Solteira,1958-04-04,RJ,FEMININO,Não,,Aposentada,4735.08,Não,Mensalista,67.0,294,3
SENADOR CAMARA,F,RIO DE JANEIRO,Brasileira,Viúva,1961-06-26,RJ,FEMININO,Não,,Aposentada,3159.54,Não,Mensalista,64.0,294,3
BANGU,F,RIO DE JANEIRO,Brasileira,Solteira,1960-09-03,RJ,FEMININO,Não,,Aux De Enfermagem 2º Grau,4322.8,Não,Mensalista,65.0,474,3
CAMPO GRANDE,F,RIO DE JANEIRO,Brasileira,Solteira,1965-12-29,RJ,FEMININO,Não,,Aux De Enfermagem 2º Grau,3763.96,Não,Mensalista,60.0,474,3
PIEDADE,F,RIO DE JANEIRO,BRASILEIRA,Solteira,1961-05-08,RJ,FEMININO,Não,,Aux De Enfermagem 2º Grau,3203.49,Não,Mensalista,64.0,474,3
VILA ISABEL,F,RIO DE JANEIRO,Brasileira,Casada,1953-04-25,RJ,FEMININO,Não,,Professor/Iiassistente,2140.0,Não,Mensalista,72.0,1069,2
VILA VALQUEIRE,F,ALCANTARA,Brasileira,Solteiro,1948-03-24,RJ,FEMININO,Não,,Professora Ii,3669.22,Não,Mensalista,77.0,1074,2
RIO COMPRIDO,F,RIO DE JANEIRO,BRASILEIRA,Divorciada,1944-06-28,RJ,FEMININO,Não,,Merendeira,1432.15,Não,Mensalista,81.0,812,2
TAQUARA,F,RIO DE JANEIRO,BRASILEIRA,Solteiro,1967-07-20,RJ,MASCULINO,Não,,Aux De Enfermagem 2º Grau,3281.45,Não,Mensalista,58.0,474,3
RAMOS,F,RIO DE JANEIRO,Brasileira,Casado,1953-07-04,RJ,MASCULINO,Não,,Armazenista,3230.32,Não,Mensalista,72.0,296,3
CAMPO GRANDE,F,RIO DE JANEIRO,Brasileira,Solteiro,1946-12-22,RJ,FEMININO,Não,,Copeira,1650.76,Não,Mensalista,79.0,677,2
BENFICA,F,RIO DE JANEIRO,Brasileira,Casada,1958-10-08,RJ,FEMININO,Não,,Servente,1739.27,Não,Mensalista,67.0,1116,2
CAMPO GRANDE,F,RIO DE JANEIRO,Brasileira,Divorciada,1952-05-29,RJ,FEMININO,Não,,Professor Ii,5563.22,Não,Mensalista,73.0,1048,2
CACHAMBI,F,RIO DE JANEIRO,Brasileira,Solteira,1952-05-14,RJ,FEMININO,Não,,Aux De Enfermagem 2º Grau,3745.98,Não,Mensalista,73.0,474,3
TIJUCA,F,RIO DE JANEIRO,Brasileira,Viúvo,1942-03-02,RJ,FEMININO,Não,,Aux. De Procuradoria,4656.46,Não,Mensalista,83.0,552,3
ENGENHO DA RAINHA,F,RIO DE JANEIRO,BRASILEIRA,Solteira,1969-10-22,RJ,FEMININO,Não,,Ag De Educação Infantil,3292.84,Não,Mensalista,56.0,55,3
CENTRO,F,RIO DE JANEIRO,BRASILEIRA,Casada,1958-10-22,RJ,FEMININO,Não,,Datilografo,1749.76,Não,Mensalista,67.0,690,2
INHOAIBA,F,RIO DE JANEIRO,BRASILEIRA,Solteira,1966-02-28,RJ,FEMININO,Não,,Aux.Creche,1122.66,Não,Mensalista,59.0,580,0
EDEN,F,SÃO JOÃO DE MERITI,Brasileira,Divorciada,1959-05-02,RJ,FEMININO,Não,,Agente Administrativo,2572.94,Não,Mensalista,66.0,178,3
SANTA CRUZ,F,RIO DE JANEIRO,BRASILEIRA,Viúva,1962-09-28,RJ,FEMININO,Não,,Merendeira,1816.17,Não,Mensalista,63.0,812,2
VILA KOSMOS,F,RIO DE JANEIRO,BRASILEIRA,Viúva,1945-11-09,RJ,FEMININO,Não,,Professora,3263.03,Não,Mensalista,80.0,1070,2
REALENGO,F,RIO DE JANEIRO,Brasileira,Casada,1944-11-20,RJ,FEMININO,Não,,Aposentada,2200.18,Não,Mensalista,81.0,294,3
BANGU,F,RIO DE JANEIRO,BRASILEIRA,Viúva,1952-12-05,RJ,FEMININO,Não,,Servente,2314.61,Não,Mensalista,73.0,1116,2
